ID,SEQUENCE
random_1,GVPTWPYLQYSYIMKRHA
random_2,PEMYADAWVIWYAWRCWC
random_3,NGTWQGYYHIVE
random_4,PMLDADAKHWVFS
random_5,QKWCACGYIAQHP
random_6,CTDYAVAIYWMPDCYE
random_7,DDILLPPFQRGGICMT
random_8,QAFLVSPITRRTNPPM
random_9,TAHVVWCNQIRYMPQF
random_10,LKPWNTNHQWTPTHID
random_11,IKTHKQVSHLYKQEDV
random_12,FWRVISSIHPDHIKCTR
random_13,FNTQHPQQWPMYFGNCF
random_14,PGQPCSMWWMRPNCNFQ
random_15,PAKMQTVWQYEQ
random_16,FFLPRDQQLHWMN
random_17,PWWKGAFQDWGYPFVGECWMWAWSL
random_18,NCSYKQ
random_19,YFMEHRPWRVKGVGFDHEYFT
random_20,FKELKGASHQCVGECDN
random_21,HQGYGMPWPVQCLHILYSYLP
random_22,HSFDIFFLQTYECPSYCRRWWIYFMC
random_23,PKAMCFSRRWNHGNEFDRGQYPCW
random_24,VLFEFFDGFNNYTKAWPWWFLMKVYNR
random_25,ESYRMRNNPTMMERQIHMKQQRFLGNT
random_26,VEMIEATMDNGVGFHQNVVGKFIKY
random_27,KDFHTSIDWIIDRLQFAVMKQFETW
random_28,QWVAVPTNCCKQFFRFIFEIQPEWAHY
random_29,FLMDLFYYPEFEKAVARWGG
random_30,TLRWQWRCGFFDMQLQNNYH
random_31,PENGAIGNPTQFPCANEPMK
random_32,PIRANKVYCGQFFIKAEVLLDRNWYYI
random_33,KHTRNNINSWGWQTLWAAKSCHNKVKE
random_34,MMMFQKSDAWKQPDHDSACAQVPYRYC
random_35,IDNDNQSYPVYMPTEVWNSVMYHNIMH
random_36,HYIWVEVMSRFRNAKVFRKHQDRQMMK
random_37,AFQCMVHWRMCFSQQTNKAC
random_38,GPQMPCNCNYWQCVWQHRAK
random_39,VWGAMCPMATRTPERFRRIG
random_40,NRFRIVAVYLQLVWHQA
random_41,MRMMHHCVPFEHIIHSK
random_42,VDKCQTMLCWANMKACW
random_43,MEWVYEKWMQTMAFTPL
random_44,KSWYPFNRNRSHNYKQS
random_45,CWPMKWYTLPGQSPRDEYPEKHLP
random_46,DEYLCGFFEQKPHLARFFQPPEV
random_47,PWLMPTWCSNKHYYMSLQAWRYCI
random_48,SVQTYRLICTNKEDLRCVGHKPSE
random_49,LRNVGYEVHRVLLELEWTGNVRDADWFTQ
random_50,IEEMVMGINQFRCCAQQRWQWFLH
random_51,VKNLAICGFDEGPNKVAPNQFMAQ
random_52,VAKMWSMGVQPWI
random_53,AHLSRVYENEGKL
random_54,YIISPKMVFFESR
random_55,IQQNEHKRTCYEQ
random_56,EVKLDLLRNYMHE
random_57,YRTDLFGSQHWLW
random_58,HHHMRQEQEQ
random_59,YLDNLRMNLSWCE
random_60,DNTSPKCMHLESNQKWSHNRF
random_61,MGNHEDGRDVFVE
random_62,YAGMYITWCFWCS
random_63,EIDQGCRLANPWG
random_64,GCTLQTQNATSMA
random_65,RYYMECGPYCNVG
random_66,VYLRVNPAGYYGK
random_67,QMTCWNTGCFCLLM
random_68,LGMRWHHWMCTDMA
random_69,PVGYHENSHHCPF
random_70,VCCWNVCMRTGFLHWGFLVEMVPCM
random_71,PRKFIRDRNLKSYSCNFMNRWLYD
random_72,RYESNAELSTQFLLELIAKACEKFTLLG
random_73,CHSKEHLSTMQIACQNFGYLGNDNDEHY
random_74,NENRYLHWETPWFHAGMKQQASARF
random_75,NVCMFWDMNRMCAQAGAPSMQAPQRYK
random_76,EFYMHFSERMSAN
random_77,KIDVGC
random_78,RKPCGPDPGFAGMKNIQYL
random_79,SNATAFFHDKI
random_80,QPKAILERDPFGTITWKVDRIWA
random_81,ANRKGLYCLPVYMGGMASDCGAENCW
random_82,TALMSREAARMEH
random_83,WCDRLQSPFHTWSCHGYC
random_84,MGQMCKNPRLFDC
random_85,CFVCKGCFAEKQTSFCENVWWDEGW
random_86,TQGNLWPIVPKGFEPYHHPIIIIFRQRKG
random_87,QPIWIYTMAICYIHFQDR
random_88,EPRGCTSDYGSAAKWVSPKDAHKHWSRSNM
random_89,EHKMWMGHIEWEITICVDYAKHFSGHCW
random_90,FWFLHPMTPYEKDFKWWEFPFSVQVYLNY
random_91,QNFYKIKMNDIPPLGQYYIADVVWAY
random_92,NNYMYRSPWWMPSLNPMSRHWFMGWING
random_93,FAFGLQNELWDVAGTYNGEWVRSGAWASWF
random_94,CTNCISSNINECWWAMAVLDIGECSSKIE
random_95,NIWYAACMRLNVDPHFNKCTGPNED
random_96,EKAMDHDGMFSWANRQLDR
random_97,ISWKCILNLALVDCYM
random_98,GNHESFHWYIVHSPEN
random_99,QTCMVPSEIKLYWISHMFKN
random_100,RKHMIFIMHKYMELHWYGMDMAWASW
random_101,NSEIPWRFCHFMIWIGEGY
random_102,HFCLMFVGNRPNYQDSMFICWDKHNWDNEC
random_103,VPRSHSHWSPFQYWEDFTKLVKDEHSTYIH
random_104,ISSLLKDYTENKDAQYTLGTAIYVAKNPD
random_105,NRVECGRHYVNPDNGCKDRVVTEWTLVQER
random_106,IMEGCNPHNANR
random_107,MIKTVDRVNYCGCIENEG
random_108,KFWIWNNSGSCNKCCQQDST
random_109,DCLLSIWGSYRWTCYTRVIGFIMLP
random_110,IHWCMEPPAMDRTNHYDMKKDDNFRPQLWW
random_111,NLSLFTDGCEIEKPFHMT
random_112,SWYGSPGWQTCHMR
random_113,DCRKTSRSNLCYHL
random_114,EPFPGKGFCYHNLCEILQKTNSEQ
random_115,QLSSVDFSFACYFLQFFEQNK
random_116,YIIKWDYKMYFGFFAWNE
random_117,YYFCQHNMPWQTICCNGF
random_118,CMHCYDTIMTYISHTDV
random_119,WMPPYRPHVVALKRGAQ
random_120,SLPIVKIKPGVDMYEWT
random_121,NWMTDGCYGVEMPCMD
random_122,YGTPEINCGTTTFIRGGE
random_123,WHGQIDTFEEWTFFSPIL
random_124,EFYQTWTSWMGPCYLDFP
random_125,LPSDFEAQNFTVMNICIRRHMSNSTVKPS
random_126,GPWVYPHHTNHSPDRQEWLFQM
random_127,FTVEHPVWGKGWVHFYTMFLRYHNL
random_128,RMCWIGILARCGSQEWHWLWYFEVR
random_129,AKSHCTMQGWTMSDYVLTLYLVLRI
random_130,VPGCFVTDNVTMSFYQNERHPTGGC
random_131,FFGACFYIHNMNWYLCQKMDLFYVN
random_132,AAHCRGASDIRTKEKKKQCPKFYDA
random_133,MIPTKACTYFRNIPRAWAQVVSKI
random_134,QYIPRKQSLRGGRHPCLMVWSRVW
random_135,RGACHGFCQLYCFCCPEGTCIRID
random_136,QPETVPKTDKQGWTPNNASTTCVS
random_137,TPPAFLECGDSQWKKLFDFWQWNAK
random_138,QCWERLCCHCRWQQYFARQVFLIPA
random_139,QHCWHMTHPKVCDTRFKIRFVFTMP
random_140,IIVQWSLSWWDWEEENENTMYL
random_141,CIGTPCTKHQRAHAAWDKAPAD
random_142,WTQYWLHKTGYQMRWTEPHIKQ
random_143,MMYQAYKKNDIGNIRPQDAQHP
random_144,MTHVYFYIVWSLFQRGWVDIALW
random_145,KQWCSPIVDGPTKNECFWANYYH
random_146,NIGEVEEICKTDHLGSLVRLNCP
random_147,YPANFRTTKGWHAVFVITNKVN
random_148,SNHWPAPFRRVTKEMFGCDTQAI
random_149,WKRMCDGVRDMPISHAKI
random_150,HLQSKNQFFQHWREDLKCVDSCETRE
random_151,AMMDRAPHVKDDRYAHCYSIKNMDG
random_152,DWVPPKYARNRWGPMPHHLQFLEEKRSLSR
random_153,LAEFIGFMYIERSRETFTPEWVQ
random_154,SPLEQLWVQFYWECAYTEMMDID
random_155,DSPHFQTLCVILRNYTRMFLAIT
random_156,SVIACFPLDKMAFWTCGYWDTMM
random_157,GPSRRSAWCYRVTTTSMAGNIPF
random_158,DEAYTGYPHCEYSASQISDDL
random_159,DMTIYLLQMDELQQKNLMYRPIGFT
random_160,SDPMWPCNYNVKELKTNGHQLTK
random_161,GTFVMGDKDILTVKMFKRICIIAA
random_162,RSAYEIRQYYVMLKFMRLCHL
random_163,AFWQGNPGLPE
random_164,EFMAAHASVHHR
random_165,WLTIWVEFAWYQ
random_166,IPGNWQQWRVI
random_167,IFHPAPQRRKCQWAWPVMGCF
random_168,IQTFLEWKYYAAQWICEQMVRPWWTQM
random_169,DQWTYSRHQECPHFNMMNFNNMC
random_170,NGLMKFCGPVTRWCREDQC
random_171,NLGCFCKFTTTLQLSYMYD
random_172,WSDVPPITAKILSAKNQFE
random_173,NMEYRCRWEAYHKATFFVW
random_174,MEEHTIFIHFLEHRQVDFY
random_175,MNNAPMIFLDVYWGWDNKW
random_176,SHGKIHQWHEHTGLMNNNI
random_177,NMRNGMAMWYLELEGNE
random_178,EAIYMITGLCCVMNGTW
random_179,ISCVQWYMKMVMVRFTG
random_180,QEAVMDHFTGVNCQLAW
random_181,LSAVFSVWDFNRV
random_182,QSCTFGEYVDRRTSPCVLW
random_183,NKVMCTCHHIFWNNYAPTE
random_184,DPVHA
random_185,TLHDVCGVHVETS
random_186,NNHTQKYPTPNM
random_187,FWYRFFSQRMWWNFTSS
random_188,DVADQSESCADHEVETWFK
random_189,IPCQIKCHKRFDRYYGKAWPGWGSN
random_190,MTASESFYRFDCHEGGCYLVHNYYW
random_191,VTLSALFIWSENHHKLYVPI
random_192,RPLDNEWMKLRMGCRTAS
random_193,MPLPKEQQRRKAHPSGHLWEYDCVF
random_194,NNNMKCNLHDTFIDVC
random_195,PLGNTISYRIESPFHV
random_196,DAPVVKQCFCNICQRL
random_197,MNDAVQCFRWILRKRWRGWNFN
random_198,YVYVIQAQSPRQRA
random_199,MHCASVMMGQEFMWYNETRWS
random_200,NSMHLLPQGVCKFEL
random_201,SDQTSMSWWNVMFGS
random_202,PVFNKYEGLEHEMCRR
random_203,FRTHVYAWMMTLRSAA
random_204,FVISWEEWILWWELFQHQYRMHKVYTS
random_205,SITCDIGSDADYKASQWQIGIMKRYVMF
random_206,NCILKMILTFSETFAQRGEEIIH
random_207,FSVRTQSVMFIEMDARWHKPYHAMDPNLKQ
random_208,FEIWNTDMYHRDSNDDFTYVNNTKNDQKAK
random_209,ESRFQPKADACWNLWENDFHEQIRAIFSHD
random_210,CDTYVAWDWYNHLAVDCYSMHVTQIVKLD
random_211,IPKMNFNPPPMTWCQPCYHKLGGIAWAIMG
random_212,SCHLRVHQPRCSDKWCNP
random_213,SNSHCGPDQPWGYMRVVKW
random_214,RKHAVIYFGVNHEHDGHRIYVWMW
random_215,WVPHAPWPCPQPEQQHAMTLIKKF
random_216,WYHVVWNDTSPVYCSFDFWTDRHTA
random_217,SMPPPMGLADYFVICWIIFLQPTIP
random_218,HIQHQCSQIDRYQIFDNAKTYMSTLI
random_219,MPTSKCHGMHHYKETVFGIWVQYTWH
random_220,VCDRVMLGHYVGHYRYRKAVFRTE
random_221,IMDWDRILMYALAGDAYAVS
random_222,FQYYCMWSHGVLT
random_223,QWFNKEPPIFHCA
random_224,CMCPQGDLQDAWNDDKDDAFWGFTT
random_225,GKLNVAQEDQANH
random_226,CNEPMHAEIPEDT
random_227,SLAEELGKPHSPE
random_228,WAHEDNCHPFFAIK
random_229,KRQPWWPWFFSRCDWWGLRCHQHVFIENY
random_230,SCHLCCKGGIYNTCQNSFYWASEERKSRY
random_231,DEYLFCYACYHATTLPRYRGFRIVEHN
random_232,VWVNWYHMYVWHRQDMFIISRTPWFYW
random_233,KYYYAAPNGIFCDQTDKGMWHDFSE
random_234,LQMRYLCRGYDENDQVEPHPSC
random_235,TEKPCDCYSVAYHPLRIM
random_236,FVKDWVAYFNHFW
random_237,YINFCEVQYYHSFA
random_238,ETRVIQPDRKWTMT
random_239,GNGIAVCWFGIVKITACTPL
random_240,FVLPHPEYVNGDYISMAHFAYGVHECPTMQ
random_241,WQHAPFSSDYVVWIAKDQ
random_242,IQIYEMKRVPNHTMLNTSRV
random_243,CHRMTCTCQP
random_244,ADGEVKDWSPLKRG
random_245,VMSWHAWHWNAVP
random_246,SPKAPARAEMMS
random_247,IADYVENFDACTYEFGSGSQHFEN
random_248,CVHFYQIEVRTWTCPACNCWMTSV
random_249,FSQQFECTLSFHDQDTKEAILQKA
random_250,WVDLYHDRKMASLTVHPKHRDYNG
random_251,PVQMCHPIYQDFPICVSNDR
random_252,RRLSKFIIYWVKSNNEWFCGLFNMTVASR
random_253,TVRMEGLLTMDPQHFWQEMKLMIEPGGHD
random_254,MPSSGGRWWEEKLYQYG
random_255,WLPKINPQDFCMPELKGKCQNFLG
random_256,MFVTGIFVPLHSEPVFIDMIPTWD
random_257,RDCVLWMVGPMGFWTNCWSHEDFI
random_258,VVDFKMKCMYPGRGKGCVTANIDY
random_259,NRDGHWYRPCPRMYMGCQSEDWAK
random_260,IQVVYWYYAGKVLHCTDYRNCTTQ
random_261,KSVQYNREPLVCKSQCDTPLQLIC
random_262,RRLHDMQMMKKTCVFTDHADFTHI
random_263,FCWAHPHYCGIYFTESHDVIKWMM
random_264,WCPLPRYQPYLEGWMKTSRCYCIP
random_265,SSWLEFPTMPAYILLVPTPWASGP
random_266,QIILQTTNTKAPMTMFADVGTTFR
random_267,NISEHEECQTSWVMRKMRNFFCPH
random_268,YPDCPSGIHIRCAAIYFSWTKG
random_269,LHVEWGDMGEGNQMDTHVGTIN
random_270,EWRSNWPPGPEQREVLKCTNNWSK
random_271,CRLPFQFNIYFEHATRSCFWTYGT
random_272,KGRTMYWCSVQKSGGCLSGTMYC
random_273,HLNWAQCPLNEICFTCVSDYCRW
random_274,HVSGQDNSSDGMIYSHSNHAA
random_275,PLKPCMRPMDKWLPMKDMQC
random_276,VLWKRTKCFIHCIKRDYVRC
random_277,IWLSTPHAEPQNVVTEQLRPF
random_278,QRTDHRFFQGDHWGICSSRNKRVLK
random_279,CWRWTYDMFTLDSEYVTW
random_280,QDVLGKSRLWEFCEQEVLA
random_281,PYDAQIQKQDDVKWMLYAFA
random_282,YANSSWLWGSLNLVW
random_283,GMDCAIMLFLHKEPEYC
random_284,AQPNTYEVFFDTAQQWLLLNLID
random_285,FPCKCPNYYRFRYNFEVKENWNA
random_286,VCMIFTASFQLEGLEKYCHN
random_287,KLPDKVIWMGQGNGHSNRVW
random_288,NFTWILPYMEAYPYREFCYGAYEQ
random_289,SYDPGALSLRIGYL
random_290,DDFYAYTREASVAHWDLEMDR
random_291,HCMHDMDTDKMFPET
random_292,VSKTAMHSGKGSWKYEHLAPKKGQDGVYWL
random_293,KVDMSSVMVWHYWCYPWLIFTSRIVIRM
random_294,KWYPFKDWYRMVQPCCVGLL
random_295,WPHPCFDWVLVNNTNVLPVN
random_296,AQENINHYSGSAYDSKMIQI
random_297,QIAGLPNAYCVNGQGENAMDARKVF
random_298,WQLKCQPSDILYVFRIDYARDFQAIKK
random_299,FNSMAVHTLCIPSHCDCAFR
random_300,SHRQHMDGSPEVVSRGNWYH
random_301,CCKFFCHLNRMM
random_302,IKSGPKQDTWDQGS
random_303,YYRVFFEDDNAM
random_304,FGEVGTCRIYAPDVIAKIHF
random_305,CTWPKEDRFHIAGTKFVLRS
random_306,AQMLKKMQPFCWHEYSCCPG
random_307,FGVFYDM
random_308,NFMNALIITTGFAACCTLEQPVRHHDETK
random_309,DWQQAKITVQWYTLWIPVMWFNMTDLCP
random_310,RELNGLFCSTAFYGHEPNTA
random_311,YVYYMTNKIVWWMMFVCPSVTYAAI
random_312,DQMVSDHDGKYNMNIPKDMT
random_313,NAWKWTLSPRRECGKEWCYPCLEELDPWVV
random_314,IVNNYLYFQQFWPQVIHC
random_315,YQGMIESGDIFDYALESRYRMKYCG
random_316,PSALVWWAITNNGA
random_317,EQYSTSPPENAV
random_318,GQKKCMTYPLGTFEPNKSCLDDSSM
random_319,TQPTRNCLASHVHWGGHRATCD
random_320,MHKNVNFRTFHKTFNWSNSWH
random_321,WFVSTCKEWTATMKHNAGH
random_322,HPPKTRNVGMYSVPYFTI
random_323,VYECNCWMMTAKNMEQTKNSWNWMTNL
random_324,TIVPLN
random_325,FIQCIAQYKEWSPFEKGLRWPILTKTW
random_326,WAVNMACKVE
random_327,GSPGSEHEGHCCMQHETTA
random_328,EQPQRESVGVRVTTYSKKWEW
random_329,PYNGYVCNSEMPSTDECIRVNDSKKW
random_330,GTKQPSMFDVTSNWHSPFVKESLQE
random_331,NKLYGWPLTHPYTWQAC
random_332,SHMTQPSTTLYFCLPAN
random_333,FRCSFSGKHSQQNQM
random_334,MLAKEYIYGNKIAWHSQNKE
random_335,RMKVHNIREQPYLCTAAEMQDDCEYQ
random_336,DIPDCCWWQWMFKPYTPPIRVLCSCA
random_337,DYAFWILYMRIKRCHASIHVHGMYHVWQ
random_338,LWCYHPWMFDPARWVGHKYFWEAL
random_339,CSPEDYCNSSNFNHDWWHMHI
random_340,MWPLDPACNWPLNRCPLKIMW
random_341,NMWTICICYVECGCNSLVTAH
random_342,WWNRWYWNNVCVQDMHFQAIAIMTRCVTFT
random_343,TEPHIIVPLEWTHEMLHYFSHCNPND
random_344,YCERNTHSQCDAK
random_345,YMSSRKRQTVKCDVTCRATNGM
random_346,QCLPCMEDFGEHM
random_347,ILKQMHATNCWMTVLHRPQFQ
random_348,YPDLVTRDRFVTL
random_349,EWHWMSKDLCYTCQPNWMIEQSMD
random_350,YIKVEPKQFNWMC
random_351,AKDWYTAALATGA
random_352,CIMSCHALRRDVYK
random_353,SEGVIVTKFDNFN
random_354,ACWQGELRFMAGRTSFRMVHF
random_355,KRDRTNSNYFVCYSGPEVDLRNG
random_356,IVVGGMWRCWAPLAWWKDLF
random_357,LGEVKQGFHQVPMDKFVGWL
random_358,PTMCVNHKMYCILRYQVFPM
random_359,SGDWRCRYEQFAVV
random_360,MLMPITNKYTNH
random_361,RDINITFTYVHDLH
random_362,WTYCIVRNRDHHKHDHCGENNWEYIRLNN
random_363,NLVFRMNHWRGCWGSQEWMMFWQDIALR
random_364,IVACSFSVHFHWSLVFHVLDDHAIRNAF
random_365,YTMLQFNDTGWHPFTALCMQMTLQGFT
random_366,LCIYMNDKGYFQRTQLCNRYVTSYYKR
random_367,LTPYSPCTFTNDEAEDHLVN
random_368,YLYNFFWQQMAQACMQAVFKGSHCRYVNNF
random_369,RSSQNAMEYAGMIWCQELRFGEP
random_370,GDFWHHFAVVPHFKWHFWCYVGKILIFMT
random_371,NHGYSTISFLVVNSIDKRTIKS
random_372,TVTYYKWAFFMARLYGMAANWCEHRC
random_373,GMPHTNSFHHIHTYIILIQPV
random_374,HAHEQNKRNHEMEAGETDVVSCIRY
random_375,QWGDHYWTKMLINWDYSWTLHHKD
random_376,WETSTSICVMTRATWPDEGPALNN
random_377,EKQNTCEPYGVWDPTMKDSTSFKTENGN
random_378,HKYYCGSMNPYLWKTKWQTVRDTQTGYG
random_379,RRVASFGDGCETLVKGVGSDNIGFVRMQ
random_380,VNHPWGRICTVFKSKYHKYQMMHTFTFR
random_381,ISYSVQGFEGWCCEEPRKFDEFASCIST
random_382,QHFVSWIIKLSSSFNDLWASQCNPCPP
random_383,KLILFTCEYHPMG
random_384,QPNTHICECPPI
random_385,EYPEFEWFDWSTILRIFVSGFVYW
random_386,EERCWHIDEYYQQ
random_387,NEYGFGIWLEVYE
random_388,TMPCTVTKACTDG
random_389,AIAGLYKLDTC
random_390,RHTHMKPPCCQ
random_391,PPHGQVRLEVD
random_392,NHTLGFYLERC
random_393,QGDPNNHEQED
random_394,RWEKTSASNDAEAQSEIFWNKKD
random_395,TGKKWDSCYNLWSVGTMASWFHWA
random_396,KWEKLMLGLWYKCDSFTAIKVYTYPWCP
random_397,HTDQGECDLLWILVPGSVRGGMLAPQ
random_398,QRWEVQEMHPVVCKKCKCAKLRWERYY
random_399,ICRIYRRYEADLCDSDCELGNPSDNPILMF
random_400,QENMDFGTCHGMDTAMVAVYVNM
random_401,MARTLSYLVPQMW
random_402,RLDCEIGNQCAMK
random_403,PFTSVCGREQEYQ
random_404,FDFCKFCFNVWMSIVWPACMKEV
random_405,GCCWIILMHIQHKSTFGHPEAID
random_406,EREDSWCWVSPYMVGGYQIWEHK
random_407,VEVKFKVAPHGIHTVLKLGP
random_408,RCFLKRAVKSVRMFGVHHHPG
random_409,DPDDDLGDELGSSACKMQQM
random_410,SAGACNWVLVASPAKYWAGFA
random_411,VIWENKSQWRAWNRASNDVAD
random_412,VRPTNDTEPAFVIAHYCPMDP
random_413,ESYAVALQGVWFAGFCMFY
random_414,KLGFWKNWDWTRCAMDQ
random_415,VLAIVAKKTQFKSNMDKNDNNRDS
random_416,ADPKWFFFRCK
random_417,SDHLWMNAMYEDPFWGHF
random_418,HHVIGHHFYNETPPSGPQ
random_419,DPLFWWLIGNF
random_420,KEKPGIMRHRLNKDQGRIEGM
random_421,RKPKIRDNQISCEHDVYVWMV
random_422,NRSTKCQPYFGYDFWHFSFMGHWCVQNEH
random_423,MIEDWNNDEMDRNGKWLYFQCYGNYC
random_424,CDEFQGTSMNFMINVTKYHPWFT
random_425,TYPEDPLWGKYGAWMDSWFPGTF
random_426,QPNCYRPEKMIQHLHAHDSPTME
random_427,VPKIMLVNDAFDNNRQGKCQDPIS
random_428,NNNHWRGAQQGENWRCYYR
random_429,CEAIRSFQKQDVHLMFYNA
random_430,RRQAPDGKLTDRTPQSCEN
random_431,WEWVQFQDISKVTFYGCEK
random_432,KDACMWSHCNSRPLEFM
random_433,GYMGQWMMCLPACYKPPRW
random_434,NAHEWQTLRCAGTLERQNQGVAHPN
random_435,VLFFADPWGQYYFDPKIWTKRAEC
random_436,FTWTTQPGFVFMLTMKAYHNNFYRQ
random_437,DGHNPVIWSMNPYDGDHKSLG
random_438,SSYRQDREQMWECFFCQASAWAI
random_439,THCKLECRTWKDQVNQLYYVMQGE
random_440,LLMIIGQRIVMSVRHNVLYQ
random_441,NTHWNPTPKVWYWIRGHDCMRFEANF
random_442,SEMMMTTARACGFEPSGDSNTKCD
random_443,GTLMVHMDSWENYPYPWMQKSYVGR
random_444,RQRSIFGNWLMKRPSGFDIQYDHAI
random_445,ALNWITMYHIRKCHKIPRM
random_446,FSGAEHQWQFHMTGQYGAYADYKKT
random_447,RSEIWVACSTKPDMWDKGNIAYDDC
random_448,WYRYIENYFDIEWHNKCRQQLVI
random_449,SQGYGFDMVSMTGLDLEFYIYFMSKM
random_450,YIFGRLMPQFVMHTHTSQMEQ
random_451,RAHPGTNIFEHNDFYNHLI
random_452,NFTAAGHMCNLVEDQMCNFVYNW
random_453,DKYFGMADKHQTHNYPQDKGVWDY
random_454,GMDAILCISKWMCVGMC
random_455,YVGIFMWNFDMTKGNVNK
random_456,FDDPAMSLSHHTHEVIKQDFQNSNSPV
random_457,MWHNYIISESEDYTRNLDGYC
random_458,SWQRWIEVTQRPEPIMRTWHPELHI
random_459,NTSLLEPRDDCYE
random_460,LVKARYGNGIYWAS
random_461,LRRISFFTMELVRWWRSL
random_462,QAIAQVQWGCHHCANGPWDI
random_463,ELFANPEMVGFPWPINDTFDGD
random_464,AFGDGKDWIHYHCRFNKYNA
random_465,RPLEVTIVILDRLEIALATISYPHAWYSN
random_466,PVRNCDQYVDDDN
random_467,AMYIGQVWKQVMS
random_468,TLPEPWLWCATGD
random_469,DQHNVMKQETSDH
random_470,ASAGLKQSMLSNVG
random_471,MEGCDNPEGDLVCM
random_472,CMNCPLQGRARNTY
random_473,NPHLEGKKMDMQFY
random_474,HQCAHEISWFLHGEAAGELISKRTI
random_475,KSSCIWKKNIFYHFDGLQVCYRRHI
random_476,YFCGIQFNTDRSGFDKWYSH
random_477,MTLKTVAKDIDIEQWPWIPMSCR
random_478,RDCQGVQDQTTIQNLMPSEG
random_479,LMLMHKGQLYAGRGIIVK
random_480,EITICFEHKPYDGQHWDY
random_481,SDRLCHGTERNRKKRTPEWLN
random_482,QCNKFIEQARTKL
random_483,AYQFESWMDI
random_484,GDRTKEVRQWSMCPVWGNTMARHY
random_485,IAHKNMFSSKVQRSLTGELSMQSV
random_486,WGAANRKDLVDNVTMDCMADQWQA
random_487,GKIISLDVELFHERLN
random_488,PRKFNLHDRCAQI
random_489,HEFTRERTITPLQ
random_490,KHLKDLAKMKWTK
random_491,TWKCWYDGSAQWHY
random_492,HQYYDSQFPQRYT
random_493,SYDETMQHLHKYYAIAFIQDLAHQNRNS
random_494,SELQEHVWGVSSW
random_495,EKHGGYLQVWWNY
random_496,IHQRRRGYQTHPF
random_497,YVQPDFRHWNKQL
random_498,KFQAKVAKNLKSY
random_499,VVGHKFNRYWEFKFQQDLAAG
random_500,RSEGGSVPPSWPHHDSPWIWQARW
random_501,CFEQDKQKWMGFVVKRERSYEDHIHEPWT
random_502,IFTCWWSHYLICMVGWRVVHGFFK
random_503,SVWRPQHDNWGKHPQAKNKDEYTC
random_504,TETRPQRRVTPMCTRHFRGPRAIG
random_505,NVFAYDEIYSNAAYISWIVWAAPNGHQT
random_506,CRGFGSNILRLEFRMMPANAK
random_507,KCDQHLVKMIRLAWQNYLFGTDHARLK
random_508,HRKQRMASMDVPMAWDHGDEVAI
random_509,RNDQDVLKFLEVSNMPQTSYK
random_510,QPLFEEAHKYWNQ
random_511,SWYAGYVYCNMKH
random_512,TETPEFVPFVMRS
random_513,VIKPSLVIWRSAFKASSDCT
random_514,WVMQQQHNNNL
random_515,YHGNERSAPFD
random_516,LIIVTPMAWTKWFLP
random_517,KLCYIMERWNWY
random_518,DWAVIEDTEKWPWE
random_519,ELHLELDIASRANFPTFWMMDPCER
random_520,WNSKSMKCEKRWRLLSNNF
random_521,FRMDEACSKSGSHKTTNEIDIIPHQFDIFA
random_522,QWACFWVKYRTSWSAVQWWY
random_523,TLEVPYGNSHVNPWNHAQCF
random_524,FLIMQANMLHEMKSYWNCAMYFTVNTLP
random_525,VHDGYVGLCPEMGIEQNSKAGIQDGRVEV
random_526,RIFGRDEPEATPRGIYPCMTQSH
random_527,KAHASWEAPRPVVKNRAWACYQFPLHDKGL
random_528,RVQFVESASHRRSSMISPNYCMCPE
random_529,CTYDPALEDSEFTHWLCEADWCKPR
random_530,RCTYVRNTCCGARQRKPNRGKSVMAISS
random_531,DHSYMKSAEMSELRRRNKGYHNPIRCPT
random_532,MTKEHKTIMELLCEHSSWLHHQIYK
random_533,DKEHVGTYIGSRMVGFLDIDA
random_534,LNEYDCQQQFEQHNIYCDQETRIIQ
random_535,LIMARPIAKSSVRKPHRVF
random_536,QWGEHLQHPEWNHSPLPTNDRVIGDDMP
random_537,PTQSFICQPSADWCADETRYNQPLGREM
random_538,PVPYNNTGWVRYHDMRPPEYEVFGFEFKRR
random_539,DKQSWGVGPPNRQDIHSTGSAYPRFF
random_540,YHCADHKQECQAMQDHGGYYSPHPDVA
random_541,MIRKYMIGNIEQMRMICADYQQFSPEE
random_542,MLSEIAGPCVLSSVMTVINTWAFSM
random_543,IKRWQFEKVCHLTLSREEG
random_544,RQHRAGVWDMKVDQRNVEF
random_545,TYRWLMPCTNGIRGACLMR
random_546,QLFRAYWQYQYLCKRGDP
random_547,GYLRYVSDPQSRASTNWMR
random_548,HIWNYQHSWPYPRYHPHDG
random_549,DDVRGMHAHEHAGTCAASQ
random_550,TRIWMNPRTEPEMDTPNVK
random_551,PNQRATLKPWDMRGGWQSS
random_552,TMNCVNKISGIWRISMVCRVSCMS
random_553,WYDKVTI
random_554,KWSAYLLVHGCA
random_555,FGVQMLCYKRYCKDHG
random_556,HIWFSPMDFENTNNVCGYWLKHKCV
random_557,TVIIENEPSYNIFMWENLNKKDKRYEE
random_558,GTHFDQRGNQTAWRSYVISYQ
random_559,INHSMWFVPNECQFKQMWEARR
random_560,EQRFNIRYMDPALGVFVF
random_561,RWECTFLCQAEEDCF
random_562,HYFHCRDFAAGSSAIQTQGTYSVAY
random_563,NGVRWFPPSIAHQPGAAMGTLSYDGS
random_564,NRNPLYDIEASYGGHAFYAH
random_565,RFTPIASMFADHSKHLNLWF
random_566,HINQPHPLNVMTYMYWWIQLREIV
random_567,SEDYNENNWMVDMRWEKAHGDPIT
random_568,AQVEIRKCHDMQPYVEENRATYCLLKSY
random_569,FAEEQHVWMWKGTPSAALHEMGMCVI
random_570,LWSCAVDKREMGAFDTKKSCGSRRFEKE
random_571,YVARMMPSEHNGPHVVESHYEIAKHHDYQG
random_572,QSCGHSTFRVQPYFQFLITWEYRWNCKETY
random_573,YKWETSEKYLRRFSRFYAHMRAWDQKAAY
random_574,GYFDNCADYMWKCITKSNFSKKNSYSCHRW
random_575,VIFFKVDQITVPQASSLPEFRVDVSAWAH
random_576,YTVKCDVSDCTEPMIEVCLPWRIQPDALH
random_577,DWFNDFMSQTYEFSTGGHYPGVRCFRLSC
random_578,DKCTQHWQIAECRVMWCYFNCQWTCARER
random_579,RGKQNNPKQWNKNDTLSVRKFIYHRIYHSG
random_580,CSYLSCSSLDVAVMERRMYSIQFTVPPFHT
random_581,YRIYFVKDGRPMSCYVHVQPHHFQILPDAG
random_582,IEFIDQYVWHPHFFEVVQVIQQKCGTKFDH
random_583,LKTITGCCAMHIWRYKYFYNATRSWPPSVE
random_584,RTTGGIHGFTWHFWNVLRIDHEGFSWLRQL
random_585,KTYIIDKHVWTEIILDVEMDIHLLSDDNQQ
random_586,QNMVEFQHLEWVMQRHYRFALFPYVKVSPR
random_587,RRDHQCMSTIRKLHELPHADPMHDYMSQNR
random_588,SCVKTKEWHEPHCWDDPLESRLCCMCRMDW
random_589,AEWMYKSWTNIDFAYGVFIITIGAMSLTVC
random_590,NIQFWRECAKQWRLPWYCRCSSQHWGRESP
random_591,CFFTEKWKNYPYPTSFNIIMNMYEDTDRLM
random_592,KLPMDVLALNETHDKQQVRVCDQYVCHDG
random_593,QYRVTLGASTILQEMGCWREDSPDHIYPN
random_594,FTVWWQRRAPICNWKTFMIQAPTESNRAYG
random_595,AEHQMKTVNSEWSAQIDHAMYWDDQWHDGM
random_596,LWEWPKRHHFQSVLCQMPPYSEPMSRDRH
random_597,MDFPVDKVYVCWLNSGDCMHESKASEFVCF
random_598,QKCPSAILKCWSPYNIGRVWGRRTRVAFW
random_599,EVVWTYFWGGQLNTFRSEVNYRENFVCGLP
random_600,YMDNNGEANHCYQWVSDRLYKGFVVLYQWH
random_601,WVMLSNTCVNMHIVFMYCSYETEKYLWMCY
random_602,RESNQSPGDIGWFTYFTQFETDQVFRTPQN
random_603,VPEYMEPWITTIEVKCCEFVCFKNYSTFY
random_604,VAGFKMRMTPVFRIMHSHPDMNKTDNSGCN
random_605,AYLEMRHYYEFQCLCVLMRVCTMFKWELIK
random_606,GSNFTRRIEGQHCHPVITEHDPFMSMLGR
random_607,CELDDNWYPRPTSPQCFVCPPYFMGGCDFL
random_608,YLSKEMEIDRRHFGTAREKIDYRMRPSECL
random_609,SSVFPKNRDMVKEMEFEFMIFRFMCGFWSL
random_610,SIWRETIHEFTHHYDHGIMDCFSGPIPVV
random_611,NHNCVEVGILPPMLLLSLHVHNWDAAQFH
random_612,VYEWHEDQDWRGKVCLTGPRQDPIRMGKVC
random_613,FVNTEIVKPMSNWWVGEGWQPSEEMVVVLT
random_614,CDMCSVNTKMHWRSLYQMTYNRPRMKCPG
random_615,IRWVACARRKTFNDLQETNYMMKLKMYVTY
random_616,MWIEIYCNDFQCWSYYCPSIITCDEW
random_617,YHWVDMHMRYHYRFWQIVRWWPQVCWI
random_618,LINKIGSYWDNGSMSCSGAGMEMVTHVFSQ
random_619,NSFHRECIHWYKAVDPPMVTKHDHAQWK
random_620,QPAEQNISKCINWDSKSSTPEKMSCWGMEE
random_621,PVEFMNQEFGCYKCEVMYFLVHSQMSMNEQ
random_622,FQVQDNWKNFCNVWIGYEVNQQTRCNVSY
random_623,DTTCFNFKQQLMFAWAYMPKEQKRQVL
random_624,DCWGHCFHDIETWLPNNRNYYMYRLEA
random_625,TMLRDYKQSMFRTMSVAGGYICN
random_626,GGSRDPLESCLCFWKPAHNGQRMPSEP
random_627,GTGTRDPLDPNNFHMAKCRLHTQGF
random_628,EYMWRHLSCNKPKIGFNNDQQIIKPDD
random_629,DAVGFKLHWPKNHVMGQDRDPMSGLRN
random_630,SLSICTLRPYNQDHPKFWRCVSCQCC
random_631,MAQQPKTLVIEQDTWKNSEMMHA
random_632,HVGTREYDPVVRADFHLQIDPGWMCPDG
random_633,CRHLTRIFSWWMDMYRHYNMGELCQW
random_634,PCIWQEHNPFVCFNFGNDAPQWMVTF
random_635,KCRQGCGTWENSRFACPRRKDPWICTG
random_636,TAAQENCYKMENVLVYLQILGELTGLDKAG
random_637,TDFYPATNQMQDTWMQCRRKYGHLFVWLC
random_638,CIDYDRTYAEPNGDMGDIAIFDDPLKVM
random_639,HNVGPDPLSSIDWNVSQCYQWFLRKEDKDS
random_640,KNREWFTWQTHARGKNHAANIVVYCGCPGF
random_641,CSGSVADGQELVRSDNIFKNCRCNYEVDA
random_642,QCAIFNWPYWLPFIFPPEHLQQVYNVSCNM
random_643,NRNQPAADWNIGPCWDMSSSIAHHFPVGGG
random_644,LFPWQFYIFTDQHTEYEFGTNARDWNAEW
random_645,ADIWEAHRNYSPPLDVFQYMKIGYKNYQV
random_646,PSNNFEAEFRFCVEWHNCGVVPPCWGSPR
random_647,CYERWLLEAMTCTCVTVKERLEWWSSAIE
random_648,IGYCAFQFFAVCKQNRMNHESVIQNDIQCT
random_649,WSEENDMWQPGFDQSGVKVHQAVREWFYLM
random_650,RQRSFCKDEDLKEVYVCIFGAPISDRWNFE
random_651,PPTQNNMKQCWTHYRPCQLVDCF
random_652,ESICNDCWTHDQKWPSH
random_653,FPQHALRQPYGLERNDVSGAYQ
random_654,THFYQCLPFIMDSKDYLGWPERMVNFF
random_655,MVPHLITVPFTPNYKCMIWHW
random_656,WMSSAKDWVRCLWPCDAFCRS
random_657,PKKKWCLQIFGARFGENCDRHAGFVIAEEL
random_658,QARVFQQHPYIQLEEYATGWWMRDCMRYIC
random_659,FCSKYERNYWRMNMRLCRFGVVYWPILLQ
random_660,SWMDGPFHFGLPSGHRPPFGICKVYP
random_661,EADISPGCSDHIMLGTKT
random_662,RPLQVMKILDAEWGMLHERYEEMFAHLC
random_663,WLDHCMVEPGNCMTWAGGKVQ
random_664,CCAHIDTKRVILPEWCTFRSHTLHCARWYD
random_665,RVTCEKWMETDVPDSTQWRAKVEWE
random_666,WFGPSPIDMMYFMFGCMCCNWYQ
random_667,ERLTTHYFTDLDAIHNGIAWPHYEYSKTWG
random_668,STPPSNHPQEIYTMLQWEYTAGKYGEQYKI
random_669,KPNIARQLANNWTCGHKHTVDV
random_670,DHVRWWYELQRFFLDHFICNNEFSF
random_671,YFAKCAYPTFFPLGMEPKWKVWVEYAG
random_672,NSPPWRYMRQDFDRGECCFLECHESVT
random_673,EQGDCVEWYKRKWKGVWHTEIYKDQVK
random_674,YFATTVWHWSFPNIRQDTTDNLIMDA
random_675,SDQFEELVRHKSCYYVGVEI
random_676,CSQCHANGLNATWKHAKQ
random_677,ITTVFFMIKYLNDQAFLY
random_678,GLGRWHLCTYEAQRNAQK
random_679,PEAPDASQ
random_680,RKRTWLCVE
random_681,GGSWYKGKG
random_682,YSMWWGPVYDAAKQMMS
random_683,EFFCGPNWMVSYTRDSKKDMYCN
random_684,SIPRIHTGKNASWGQQTPRMEHTA
random_685,WMTWPIDQTWHNKHRNPTFHQVAY
random_686,PCQQLDLCTGCPKTWVMHPHINIG
random_687,LFNLILYFIRMYEQAGNKIPTCDF
random_688,SSTLHQDENYGHQDLGLCFRNRMM
random_689,AKVSRNYPQDVVNENAGTKSATFY
random_690,LNALCDSCLYTLPIRHNSD
random_691,YDKTTLCWMQYVQHF
random_692,LDFRCCRNKNICTLG
random_693,GHCLVDP
random_694,TLSMPSFNSQVQNAIH
random_695,VTPYCHTMKMPNVYGD
random_696,DLGCHWCRDCCSMRYN
random_697,CGSLGSMCCAKLCQQDHKPPVKLLIHNKND
random_698,SLRIQWDVWKACTPNRHD
random_699,MVDFPENWQSKPWLP
random_700,TRYRKIDMMPLSMSTDQSIAT
random_701,GNMCTYLCLIVKN
random_702,EWTHWARQCRFGGI
random_703,GQAKGKFQSKITRM
random_704,NEDRKFHSHGPQKRCAY
random_705,AAVGAPGKGEFCHMEWD
random_706,LSQYPVYDGEMSGEYIEE
random_707,CSFKTCEFEWRHALPRRLFCDLNDRAVC
random_708,WNHVGQSFKALII
random_709,AQYLVMACIWTYQHH
random_710,TFNCWVNILDRFIRWT
random_711,FCTKHFQFRFWIGHETNQI
random_712,DKNFVGHRWTMIS
random_713,DICKGPWMLGKASESMLPHREAG
random_714,HFLPKRAIMYEECT
random_715,YWVKQVKGLVGMNSQH
random_716,GQLLIFDQLEIEMAFSE
random_717,AARCFRWCWWMESTPNQA
random_718,MKVPDMHEWRLNPDRHVYF
random_719,TSKWEKTPRPQNQHQNKQGRGSPLNGTI
random_720,AMINFALIDVLKEQVCMSRSKPEKHQEC
random_721,CRCWGRSFTNGRYLWFFVGQDEEQSWHYW
random_722,CQHWQHLRFFNLGYMCMPKNALQPVII
random_723,AVTRAVVRRCSDWHERRYMKETHDISMNKW
random_724,STYIAEKFMTRHVRFGNCSF
random_725,CPQWQTDWHLRRIARDSSMCHMIQVFDGA
random_726,QAMKGHLMAHHCD
random_727,LMPYLQWAKEKCVEFHGNWYP
random_728,QPMEMIVDMMIQKAHPFPTI
random_729,QGCQQNCGDQAREWGMDEAWIHFCYDVL
random_730,EFEFYCWVH
random_731,NVVPVKHYIGDKKT
random_732,DKQNWRTYEVAEFCDHTMIEHEQG
random_733,HVFTNCMQNGIDVG
random_734,WNQIDMRQDELMDNR
random_735,FGQKLEVSVYKNYTCS
random_736,YYVGSQDEQTTM
random_737,MVHYCTYMLKAFSETQFGRMRGA
random_738,NPQAWPDFHTDSAYNDEWLGD
random_739,YAIHLIMQYFDNHAYEQWCQE
random_740,SATVEKQYFERFVNWARVPSH
random_741,ILEWHAMCCLENSKDHGILDH
random_742,RTYFQTSDQFYSDVC
random_743,VNFPRTCCMIQQNKASI
random_744,TTWLSVTPWKQHMGVRLGEEL
random_745,SNYKYMWLWVWCGCP
random_746,ARQVKLRCSYTNYPNWNY
random_747,ASPDIWTESHGTMAGNDAK
random_748,EDPFKNDCQYSSHWISYNM
random_749,PFKPICWKCDNTKVNRWNWFLSW
random_750,VMVRGEYDHCHWKENQYVCKYYKR
random_751,GSDKGKMFGVYMMHQNGFDRALLK
random_752,AWSLEMESTYQPYGRKFRGPKIDK
random_753,IYHQLFWMSMYEYSVHVQEQWHAP
random_754,FGIEVTDVILIWMAEPWLFDMCQWDRPMV
random_755,VSVRPQQAA
random_756,SYLFHPANTNK
random_757,FCRGEWAP
random_758,VEGMFKDCIDGVMACARDTPGRRW
random_759,CYEQTTGCKAMSKNNEN
random_760,KFGKCICDFWFEMD
random_761,QIAFDLHAFLSTFPMKD
random_762,KSQEKMHHCKDFTVVACLVDCIND
random_763,CPRENKPIMYHCFHMMEADHGCGGYIGD
random_764,PLPAMPYVYKTLRVCQCPALVIAASYHT
random_765,LVCISVHGGTPFFGCCGFSPHCPIAN
random_766,IDRLAHCM
random_767,CKKRHADAQECHENVGIRFSLPSPEVVVY
random_768,DMSQWKAWHARCNDVWTRMYWDYNQWV
random_769,EFLHTNDEAWRSKTAQFAFADRA
random_770,YVVIEKLDSIGDIIHYSIYKWYDA
random_771,EEHDLALWGTWVAVNILIKEEQE
random_772,IIGEHNVAQLKSSNRFMLPFCNY
random_773,HTDLSWDLWKKEDITDTLNVFEVWDFVDY
random_774,KNIKCTCQKKEPWCMRNHSAIISA
random_775,ENSQHIVYIYQRRNDAGFSQDQCHEQQGYW
random_776,HWAKQWRNRTQHQELRSPYLWAWLLFAIPI
random_777,AVNIDCCQKCMWP
random_778,YWVTGFEMQIGMFDKNR
random_779,GDTTRIFFCKAKQPH
random_780,HRSMCDFRQMLESYAYRWKQYTY
random_781,FNANSSPCSDAGQPQMCNWDFVKRL
random_782,YMPDMSMISLQWSFLIPTQITLCTP
random_783,MKAIRSSHRKSEFYRAWMHWTKFVI
random_784,LCSPNNSFSMYKMKQYPWEYLVEPP
random_785,HSQDWNFSTLFVEESARDMYNS
random_786,DDQCV
random_787,IRNKCHLSHVTDKKAMQQTASNMCVPQYN
random_788,NPAESKGQDEQYFIEDDIQQLFYDRFPSH
random_789,HEHSTQFVTADMYPEITCYTMMVHV
random_790,TYEEMKMMFCGMQWVNVYQMLPRFSMRG
random_791,FPFTFSISYRSPFKNRLMNQHQDI
random_792,MWANNRQWCHSSYMMQNPFLGGVI
random_793,HNEYFVHCPYCHANRVNNMPNFVK
random_794,IWGRMELRSKRFDTTEQKSEIQHL
random_795,HGHVIMWLCGHLAVYQCYWWLVEF
random_796,AILMWWLSTWKCYKMVANAMMFNG
random_797,PIVDPRLEFPEEEVRFASKMNSSSMNNP
random_798,VLARMVCSLFGPFDQHWYNAHIGM
random_799,MEIITLSAKPINTIWQDMWMDFYY
random_800,RDPPDFKPVAGDALNTVICNI
random_801,DCDIRYCVSQWCTISFQMRDM
random_802,PASEQFGEHDMYDNPEAIRLWDPENLGWVF
random_803,YIANAYMLEWPYHLSVYWRHASNC
random_804,PSGKKPHHAVSAIQFSEVETPVMV
random_805,AWCMMCFPNVSYS
random_806,KSPIWIWNNYCLKQYRTSNTTGSD
random_807,RFEFALSFDTMQKLMKVLATTRDE
random_808,PQCHRYAWEAYMVGHVHAQRYFGC
random_809,YFYLHNIMPWGMSFDIYTQL
random_810,IIWYTDYACFDTCPVFIEDM
random_811,AWDFDRHCQQYWYMVPNMWGRVFM
random_812,RFAHISYPWFGNR
random_813,LRTVEDDLKWVCLRYGECKMSGNT
random_814,GCIYCPFLLHDVNTPRVQSSLEFF
random_815,YDIMEFRNIYQND
random_816,VSCGSKRFINWTHTEPY
random_817,PVMWQKPRLVWMGFMHGHQI
random_818,PPYPEFNCVWSNCEKPPNSL
random_819,ARTAQRGDFWYRFPGHIGYP
random_820,TWLPANCSKEIHWSGYKHQE
random_821,TVYKTPFGVETHYMVDSKWG
random_822,KGLMVKYHQMREY
random_823,MLVFLHAPCGKWCI
random_824,LHQAFYHVCRPICWVKEFCA
random_825,GGDDAVGDTHRWNNMLNMTYLYP
random_826,YYTEYHWNALRVGHHMWECCYTN
random_827,VRLKTEHQTQNCGHLVHRNFELC
random_828,MEKWPDNNRQIQPMSFRIWNKGV
random_829,YLYKMQIHIMDVMAFS
random_830,KCKPQGVSQFTNMSWLE
random_831,INMNDKQTQWTFNVQFW
random_832,NRHTVFHMYNHFMMT
random_833,DVRDEKEIPYGAMDE
random_834,CPLKPWAKHWFLLSY
random_835,LNIYDYCKWNH
random_836,KMLMNCYNGHQLL
random_837,TEGYCWMYI
random_838,QMWWLITMNTYSRWIMQTYANMKKWRAVA
random_839,SDDPDRCMHSRCHPEFWMPPMKWIIWTI
random_840,QFANPSSAHN
random_841,AGHINTNLQA
random_842,NHLVKHVMRCKPTAQDVCGIMTWFQAQAPY
random_843,HDEANAWGKGNPSTHFGKMVK
random_844,KICSGCEQEIWRLPWQFINPKE
random_845,FKPSPWGTGAHKN
random_846,HEVERMSRFEAVF
random_847,NRTDVPMCRALEMGMNSKFNDNQ
random_848,WVTGEIGCAMNEVHHKSNSPHMNI
random_849,TMCWFHYLVYKTIWPKCRCYVSMRILLR
random_850,LLLFFYVMCTAVKPICHMEIHGGAVCNE
random_851,ESFMRSSDAPGDSYWWFYVDRKDWCEMK
random_852,WGWYKSMIAHMMCALPCSGYKFLIFDVF
random_853,CFINIEFKSENSFYIKKNSPPWQFRWVP
random_854,EAMLCDDFFHHDDSDKTYKDY
random_855,MCQWMYHYSQLVRGASHSRYHNGWG
random_856,MVVCFSQYFPLPSSELY
random_857,TDKFPNLNNGVVMGP
random_858,YMVLIHYEKFMIWN
random_859,MQDQR
random_860,YFKVP
random_861,HGEYNERTWDHADMAVLVGACQTDKP
random_862,TERQGDHHYYNPFKQNAYKMGF
random_863,KICAKIEFTCGRFMRNAGAEKPGII
random_864,GDFDIWKW
random_865,HVYWWPLTTYIEHLCCWHPGG
random_866,IEDFFTYFVPKLTLNNRMTVR
random_867,TYQTDFLMHTDRIPWEMSVVH
random_868,HHYLFSCMVSQHEFMTWCINS
random_869,MQSTLFLRDVWTDEQQHSLTA
random_870,WDKNCVLLNRQHHYLTFIQWH
random_871,KQTSTYDCGRTTLACGFVSQPC
random_872,HSDSMEVAWMVMP
random_873,KWWYSLREEQDAQQEQRA
random_874,EEHLEVIYKRCLQITLMME
random_875,TRAANYSYSISFHYMHMN
random_876,TYSPIFLGQAPCDLKAEMVMKR
random_877,HVFMLARDPPTKRWHDFSGSVRR
random_878,NSRHGNPIQLDVFDANYCQMRPSAVGHFEQ
random_879,EWREPMKMDLAGYQGYCCCMDGCD
random_880,NSPGDYWCSGDCEYEMPVFQICPCNIAPPV
random_881,HWYMESVVSPCETKDYGWLDEVDWIVMCEW
random_882,YADQWFGAYSTGAGSPFSERCPKCNIKEWN
random_883,SGNTCHFSYWKLGC
random_884,HCWNHWKNRYSY
random_885,NTHPDQDVIACPVP
random_886,FHPDKEMYVIYGNTETWGI
random_887,DNNAYDRQECPSSKGSPKEP
random_888,PIHCHMRNYIRIRIMNWVHQLKWPCPDLA
random_889,FPDFIEKMTCPYYNWSRFR
random_890,GRTPYIIPGNNYGWIPHDD
random_891,KFPQYNRGWPMKVMLMFAS
random_892,KSIVEKNCMICKEPHDRYN
random_893,YIATGQIIHLKSKMCQHHT
random_894,YNWKYTCQFEKHFFQKFTLYQ
random_895,MGPKTIAFRKYSHSKKWFV
random_896,CFRNRGMRDQLQVLYNRMLTMNGSVIPFD
random_897,EVNVWSCDHVRMQWCVDWQWMVTSIGTCFT
random_898,KDRLLLLYDMPKEKAVQIHGLC
random_899,WSWASWNLWSFWANMSVYMPNPKC
random_900,QHSDQESRCMMDRVHNGEVFMVREYGNSEG
random_901,MCVMRNKKQPYGWQMFHPFHDFVQ
random_902,VHYGICIAFLLQKDVGIMQR
random_903,MFFQLSSAPKSLNEAPLQFPAHAWQLFY
random_904,HKVTGFHYWNIVDSMGGIFVNMQYESAF
random_905,KKVSDPLTTYIIWPCAHCLMTM
random_906,CDAMSYEACQNVEGPNQATAGHVQ
random_907,WSAMGLFPEYVDVI
random_908,FHKGWSASDNHWPT
random_909,YIMLEIDWGATHYM
random_910,MIYQAYQYQTFRPCEHC
random_911,QPQVGIQPYKRRDWENQ
random_912,FEYMNVYQKQIACIKDQ
random_913,QPNQVLKMIAQGFH
random_914,GCSKPKMCGNHKLP
random_915,RICHPDDWRDKKNRRWPWGHRCFWDW
random_916,TSFGAGEGQPTRVHWSWRASEVESKNKVNT
random_917,LCFFRSMDGRWYNHCDLQGVICVSVIWCHI
random_918,QICHKPHLYEWNNT
random_919,FFCNKWIANTKNRMNWLTWM
random_920,MQITSIMVMLCDWYKVFCCKRQ
random_921,VSKHSIRWAYMDGNSSAEQILIAEQ
random_922,HVQACIWDYQMNRAFGDYCMRFFYG
random_923,IMNVAWMIDAWCMAS
random_924,WYRKFGKKSMEPPFRMKIFGKRRR
random_925,EVHEWMRRNIGVAFCFVY
random_926,YRFQKIRKDRVDLNVFTA
random_927,LACCFQIPWMQFYVGDSVGTRKIRCYCVDV
random_928,CWIIYTAYHGHGSCAIWTGLTPHKEVHNSA
random_929,WHPKRPWDLYFCCHCEHFIGLFMWSAFKAW
random_930,PLGYYHPCDTITDRIPRD
random_931,FEVGQFTVAYRLMHSKKL
random_932,GWYFNRHEQGVDVIAPCC
random_933,GPDVQKSEEAAPRESRHLIKK
random_934,RLPWKNVRNHVNMWNHKRHMLCH
random_935,AQVRKNQTDPVRGH
random_936,SYKCDEFQSRNAIDV
random_937,AANPAEADVPHTWK
random_938,RRKQVPMWRYKIQDFGS
random_939,PCIWSNCALFEIKICGFELWLYRM
random_940,HNHAPNYEPMQMRLSLPIFLCIRTP
random_941,FCADTWHNLQHFWIHYPHENHI
random_942,QIKCSYKKRDHPWFQVPRGPHCSH
random_943,LVPNSAGTDGLMPQRIAQGTQWVDN
random_944,DSIEELCQPINYYNIPFCPNNYYCRCYNK
random_945,CMAVQPHRWDIAPRNHDKGYD
random_946,AISTEKFCPCNHDFMQHCRSM
random_947,FNCFHMF
random_948,YKHDLPDMNFVLMKRP
random_949,SIKQWSSWTCKCRSVT
random_950,MTFKCSPLKAENPW
random_951,NRPDVWIAHYDFNSMNVDYYEMLV
random_952,EPTTDYNMSRRVWQCSMPRKMEKT
random_953,WSEWKHGVLCMCNGCKTGISQRIP
random_954,GYEMAGLNQDYAPFEPTTK
random_955,CCSAHSQIGYHKY
random_956,GVYFSNSNYQWNC
random_957,CEQHSPNLGRWHCN
random_958,IQLFHSRFANYRIYNQAP
random_959,DGRYVTIYVPKTPGWNVHDG
random_960,SIPMSWKGIHVYRPHPLQAYTCMGMHI
random_961,ECGSYIGVWFEWAGDSLFDLLLDRIED
random_962,CFLYLWSTLGMVIQECTTWRNVFLC
random_963,IEWDFATCECHQFTDIGGDHASNLELW
random_964,IIWLCSDHTFGHLDVWWMLLLMTFIVL
random_965,RTRVDMERAFRMDTQLTDTNKCAFM
random_966,HERSYKAYGCHSNEACHAITNYIQFSY
random_967,NEEMATFDGNKHPIDQWDVA
random_968,PQKYNTAFGCSMTYKFMNEHWAWGQFP
random_969,AGDCEPTTKLLCFHCLYMASDYHCRFN
random_970,CNYQSKPNIQRYSMSKDNPVLW
random_971,LPMCSDGMGAVDIYRICAGGPYIGTLN
random_972,IKQAGIDRTCFHCQDGSDQHPLWFQ
random_973,MHEKMLEMKHKPVIWMMGEARLMFYQI
random_974,MFESDGRNEHVKKMAAYMYC
random_975,MIYAYGGDLRNVC
random_976,RFFAENTIYDVMWTMQ
random_977,LYQKTNWEYEMFVRPK
random_978,YEQSLSPWKGHYYLQRLEKLCGTNNDVPH
random_979,KQYAYVEMPSALSCTFTNAWEVCHSKGPF
random_980,KIRNYETCMWVSFRFLYV
random_981,WTNDKLEVIDCYV
random_982,EKNRGMGCID
random_983,GLSMTLLIHVYWGY
random_984,SPAAWKKAHDQNKNGRFHHM
random_985,VFQPGYSPHQNGGERQYWCF
random_986,IMKESLGSVTAWNRGWM
random_987,HNHFGIANSRASQYPFC
random_988,AVPLSVFASGRMGVFCDDAAVAHWLYSNEN
random_989,HDCEPPHPTKIGPEDYREYPSWQSFHMVMD
random_990,KAFIDWREMNFELSKNGYDSFAKECQAKI
random_991,ICEKRNNARFWEQWKPKYNFPFIYCQCYES
random_992,VSVAHVWPKPGCYTTRCSFQMTFH
random_993,YNPAASAADAITAEIWHSSLETIEGINIL
random_994,PDKDVHKIQYMPEIAVGKCNPKHQFHRHM
random_995,VLCIHQLFIFQQFTHYNINICFWFIHHNQ
random_996,ENFWEHIVKEGHNHPQRRNRW
random_997,GWTWRDEPKTPNQSTGEINGWRLM
random_998,KTGYDMWNIVFQPYIQHPQYMHSFTVMNS
random_999,PENPPDLRSHMIHMVAVSIYSVKLVTWDHH
random_1000,SCWMNPMPGTEDLYITGR
random_1001,EGWTPGSKDTDNTKFVCM
random_1002,LAWRSPHVVECDLFVDRPS
random_1003,LAFVGMEVFISSEMV
random_1004,RGNCFYDYVAMKAMEYRHCCIN
random_1005,FYQTVHEFKDH
random_1006,AQWQPISFQVDPIYGHQHDSIHNDHPRPSF
random_1007,HCLWSTQLY
random_1008,EQGLAYVHRCMGSYQVLHCHRRGHHTMQP
random_1009,LHVCWDIGFFWRCNLFQDPNAVYQMHHPC
random_1010,YEAWAWNRPCMGHITPYAEYFFHRKNHQDT
random_1011,NVGIFLACLGHHDFLINVQDPTNKQKFARG
random_1012,LMMIKNSSYD
random_1013,IVYLKNWWFWHCYFEFYGFDECKI
random_1014,SYHIFPKSSQQVQCNYSFPHNGPD
random_1015,YADMVLNRNQWHCEPSPEIEMWY
random_1016,MYKWWDQYAHPECFLATF
random_1017,RGAAPWWRLSASFDYDTMIDECEI
random_1018,DPKNFDPLCWIVNYCSPKGDYKIS
random_1019,ISYWMRKQCLLMQVWQIKSKYLSM
random_1020,LGHFYWLPHSMRYTDHANCHAHVW
random_1021,TWCVCYWEDFYHTKVRLCPVIWKA
random_1022,YANDCMAIDEPLTAYEGHRKDTCE
random_1023,ESNCPGQDTYGAFMMNMHWAWITC
random_1024,SIMAYDSSTWKMFPNVDTQHATLA
random_1025,DMAEFWNIWEIWGIGAVWCNMLL
random_1026,TAHEWVMIVSCQAII
random_1027,VYIFADFRQPEMP
random_1028,QQMWLQSCCLTLYAHPD
random_1029,DLHVEGCQHPSNRMARP
random_1030,PERHHYEVNQWWSWRVIWCHFESRVHIND
random_1031,QLIEALLWQKGKNWDYWLSS
random_1032,NHREKMYPMLEYDCGHLDGG
random_1033,LPRFKYILEYESDKECDELYN
random_1034,HSVDMGISNDAWKQQQAGFNN
random_1035,ACQLNKAHYDSYMWKFRYWSK
random_1036,FLKYHDSCSRIKVVDTHEHIL
random_1037,IESNFTCNSVHFHHQSFRYQQ
random_1038,QPNIWELLGMNVACWSYECDH
random_1039,EDDAHFPGNCKACYSRKIYL
random_1040,VQMCCNLRAYDCDRFHCDECT
random_1041,KAGKALRDHDNHKRAQHEDEH
random_1042,VYNPESGIQEKDYQARGDIYM
random_1043,NTWKAWMSCTCKVIHGGGRLM
random_1044,DPQGKGKIGKANQQYH
random_1045,DWLCGQETNKALIEIMHSGALEALCASRL
random_1046,QLEWTKIMDLFLIQETQHLMRLTNNRQPA
random_1047,AVNGWASMEFPMMNDVDYPYYKMHVLNPE
random_1048,RSFYHIYYCWCWLTVNIVWNGWYIPAAMQ
random_1049,RQMSMRFESSCPHPSV
random_1050,YTIQLMWEQGFGQAGTTLVSFNYY
random_1051,TICVEVTWDDRICVNCK
random_1052,HACNSGSGVQYQKFSSIKCQPHYE
random_1053,HLPDYMWRLKNLGMCPAFPYEYMW
random_1054,LNWKRVDSGNLTRL
random_1055,YEGWVSRDAEAH
random_1056,YYWACFQCPLFMWDGSTPMYDTFSWTR
random_1057,YYGFHGIMTTHLQGYRWCRRPEDTNPR
random_1058,RKVFCENIHAKHNCWCPKTMIELWFVM
random_1059,TLAWWCHKLWAIHDCLVARNYKMAGRG
random_1060,RWYKIIRVMYRNYMHNS
random_1061,PRQYTDADELEMGTNRM
random_1062,AMFKANALTIAHPEDGE
random_1063,NKRDWYKYMPANAEVLTFQH
random_1064,VAGRCMWVCEVFSPWFCRT
random_1065,AAHDCDENVNIFAMGVFLH
random_1066,FTYRMDMCQASEQEGWAPWG
random_1067,SAAQCWRCNIFVFCTFNSPF
random_1068,WMFSWNKKWVKTRRGKVTM
random_1069,MKVIPHQYILLPWFPNC
random_1070,NKARCISNIICARSDVESSYPQGVNAPWNL
random_1071,EFCGVCFAIRYWDLFNKWCAKC
random_1072,TPHMYSRFDFMFN
random_1073,SKWSGYFQAAEV
random_1074,RACGLIDCYEHI
random_1075,EPHNVCWMCRLCIGCQW
random_1076,CQMKSASNPHGVVYSTPKNENADFDRKK
random_1077,IIGVFDYQRIMSIWEGMKVRPHT
random_1078,DHLEKWWKKPNEMPCM
random_1079,KWQHPALPHQGRMVPD
random_1080,YDSTVHTMVCHEMRNS
random_1081,YWWPFFEYPPVQWGCW
random_1082,EHPFHTHPRWRVGIKY
random_1083,LIGVMNCQNPMHE
random_1084,RIDFHGDVHPIEE
random_1085,DIVIHQQDQK
random_1086,PYMSPKYIYHRNFWWWLMF
random_1087,LKIVAQGDNQDFRTMYSND
random_1088,FMFVHKSFTKNCWAYE
random_1089,CSHEHYMIMHTFAMGM
random_1090,WGGCVFAQHHNFWHAGCSKIH
random_1091,LYRPIGGDWVEHQRIDGIPECISV
random_1092,VLTGQRVVKFEISIVWLITPDLPE
random_1093,CDLHANQKYQITCWGWEKQPADYK
random_1094,FELLIRDHGVHANNQYL
random_1095,NAKGHNTDTDCMGMWEW
random_1096,VEPAVAGKKCKKLNYLGNSDC
random_1097,WKNYLGYALWQPVMDIEDGTQ
random_1098,TDMDVDDFCSNNT
random_1099,VAPAKKDKLNVIWITWR
random_1100,QNAFFMTADPCIWRIWLGASKRKSDQS
random_1101,YNCYKDSPPTQTKD
random_1102,GSRPFIWIWGIVRP
random_1103,FADTKAHHGQTDQIVCCWENTSEN
random_1104,FQWNECYYRFEEKQGVEESSPCFT
random_1105,CFDQWNRAYTFGSIMCICPHLPACGCAVK
random_1106,VTNGPWEYDDLHQSCPAAMEGWSERANMF
random_1107,KSKMTLPFEEERRILNPCKEEGYCYMLE
random_1108,SLHGIFNTSAVSVYVKIRPLDWLVKWCV
random_1109,SLWWIMCHEWLIQGKLPMVPQLTKVNLD
random_1110,GRINEPHFIEQIQWHIGRY
random_1111,QSQVQENDDFIKTVMRCVDE
random_1112,KRHMFSMAWDETDVECDCPFQMHWWTH
random_1113,CAMKWCYMLWNWNTNQCKTDI
random_1114,FLITENCIWRVPNHTHLW
random_1115,LFYIAKILQPYDQVHWQI
random_1116,PGYVWCFNTCFTI
random_1117,LRNRKMQGPWKFT
random_1118,ASIRFRPQDGSCVWYKQTFFNAAYAVRF
random_1119,LAAKKAKEAKEEQSLGDTINYPVKP
random_1120,TLKCTDLWVEASMMFDAPKDENYRWKCPP
random_1121,IKDSKFDQDQGWECWNWCFRWGPSDWACF
random_1122,GIRQQDLLCSKSARDHCCDLDPTKNSQE
random_1123,ITLRAHICYMYRDGPWKTINADCCEQALH
random_1124,QMQTRKHIEMHPDHLRYAQVEHADPPHYA
random_1125,LCGEMPTPIQRLFQMIEIWINFWVQGEL
random_1126,SPQWYVDQ
random_1127,ASLHTMSYMKH
random_1128,KQNPAVKEAMPHSNLCLHMNTFKPGSR
random_1129,PTMGQHKNYDSPVWRVKAKQDNNHTAA
random_1130,MTYFCNTTYCYCIVWVVDEVVNPCDNR
random_1131,MSKRMLGNVIATPSHITY
random_1132,PVDEHIRYWHFGEYGVVQSMDA
random_1133,AKYFSSPCEQTEWTYTQPAPDS
random_1134,RRFAWYYPGGYCTYSEFSLCTNNIM
random_1135,LLYMTFTCSGLEIVSYIFRHWDYKR
random_1136,KDACTCCHQIFFRPTIYSSPNMVTG
random_1137,MDYTFWWKETLL
random_1138,VALKWCPWAWVAAMV
random_1139,YNRTHSPPEKANPVCTHVTMLASKI
random_1140,KMCISVARTKPTQMSGDCLVNTTDS
random_1141,VFREPHAHSWAWMFHTCNALEYKVD
random_1142,AFAHNLQKMCCWMYWKMF
random_1143,SKCKETDGRAWCVLFV
random_1144,TQKLWHWTGTGTTARE
random_1145,SFAPKQVREWASASERLWPFFHRP
random_1146,VTNCWTWAGGRFP
random_1147,FFGCLMKGRSFHWTHSG
random_1148,VRQRTMIPGHGPWK
random_1149,QSDGTKRTSICILA
random_1150,AKLFHQVRCAYAHIRITIHGRKQC
random_1151,DPAGNPVDFEYHSVIIFYFHWE
random_1152,RCAINMCRLI
random_1153,CENRKQIEGFGGYRNRAECSQEFIP
random_1154,YYGGCGCKLIRGPIWKFQPHWV
random_1155,EGLYMMLDVQHTFNVEKCKLRDQI
random_1156,AGAVAPNDSVPDPEWRIQGDHEGW
random_1157,WLSLQETDYHYEVARNCDPRM
random_1158,FCVETEVTEAAWGQQSRLWDV
random_1159,SHPICSRSDTTKYFGTFILQAVT
random_1160,IAAEENKFQMLIWKYNKGQASND
random_1161,VSPGGSFTWDYWCDEINYEWPRPTEWPLMY
random_1162,IKPQVSTEKECSCLMYNHYMEW
random_1163,TLAKPRYNWTFGARCHFRFPCGD
random_1164,DRYQRHWMGVDVD
random_1165,TSMFEIFVSLYML
random_1166,GYEERDHQTLMSY
random_1167,IQFGTQTLMRSRHHALWWGIWMPA
random_1168,MLDHIMCIMPVHCFQDDEEQTFCV
random_1169,WWQPFIKHFEGHHKVGTMFQSDPQ
random_1170,RTAWLGGYFADNYLMKAWTRLIFA
random_1171,WTHLICFEFFCQSATNIMLVTGRD
random_1172,LTMSQVTTYRDEAREADDCCSPKVYLVFM
random_1173,AQKYCVTYAISQRYDYIPVNII
random_1174,FAYRIAAFYTDSQNNVLEGWGIVTC
random_1175,YCATSIKDTNFQQSDIL
random_1176,NVFDWKFMGLYETGEAASMVEQQR
random_1177,CAIIYWYLRSLFWLLMMMTMIQWQ
random_1178,NRTVNGRGSSGDDCRPWLHRNPNTWKEH
random_1179,DAKKLVIKWSVAHPHGQFLNEECSTGSP
random_1180,QIHWNERHEDRNAFFHDDTCWGDM
random_1181,HADNDIMVADWMRWFCILIHLSFF
random_1182,QHSIGGTNFFVMWRRAIQP
random_1183,EIGRRNADRSMLWIPYW
random_1184,VKFYWEEHPNYIVWIMLWA
random_1185,FNSIYRHVHYVMFH
random_1186,ASKKPWMFHYTAI
random_1187,APKWKHDNDVIRV
random_1188,FCGTLPWYSANNK
random_1189,NHNDPRRDWVRGMYFDPDLIWFC
random_1190,HEVDTVCHSADKLVNRWNFEVRYYA
random_1191,FSHQIMHGQYQKDTEPFSLTDN
random_1192,GNHCFVTKGSNHATNQDFIQE
random_1193,LNMVKPGYVRYIQDLLIDRHAYS
random_1194,VKETHTTYDTVHS
random_1195,GCQTNPSPEGYAQ
random_1196,WHFGVPRQLKCLLTCHWDPAPG
random_1197,QGSWAHYDNGKFCDDVFFIASY
random_1198,MNQALAKSPPGRTRRILVPD
random_1199,DATKFFISRTSVGCYHMWKYT
random_1200,CPHEATFDIPLGTFSNVYPWMG
random_1201,CLCWHALHCPERTQAEG
random_1202,RARCKAGQQRSVINAAFASKMHIGN
random_1203,VVKKNAGQQHQTFPIITAGLWHPMC
random_1204,WWTFRSSAYCTCHLMQWQGDIWYDEHFR
random_1205,IASQHVSRLNIMPSAK
random_1206,MEKYIDFSIYSRVITKKD
random_1207,HHVHSHHRMIDEMWPLTI
random_1208,WAYHASHKIDIF
random_1209,MLFHWCMGPGKNWSNDSPEGRYSIK
random_1210,VWTGEYNCIADEAQGSKIFDEISTV
random_1211,GNDFLISAHRAMQLFVWWFAVDFAL
random_1212,LLQKAA
random_1213,YWDPAL
random_1214,HSEYHY
random_1215,YQEDGL
random_1216,APTFMQWPSPKT
random_1217,FVLAQFFGA
random_1218,SKCHEREERPHFYVRTNH
random_1219,AYWTCARDRQSKSMYMCDG
random_1220,DTVTNKWYAHHTCWMMGSA
random_1221,YYRLHVINCHADEKVGCEG
random_1222,WHEATHMIN
random_1223,RVHPEVHHVSVCGWDQCLLMTFEDPRGIQ
random_1224,YDKKWFWGSNPMS
random_1225,PKERLKCQTP
random_1226,VVHLYWPPEE
random_1227,EVSDKCWFDCYNLLPTAVDCF
random_1228,YHGICNTSFDMLFE
random_1229,YTVHTTMHSPFQE
random_1230,QMHNMGLKQGQQC
random_1231,CMPWCPHHRGNYH
random_1232,RKCQHGFLMGALV
random_1233,FNAHQHIDQRLAW
random_1234,IMFAEVRTMGMCP
random_1235,WYRQLWTPMVQQF
random_1236,HLCPIYNRDRLTANQAICYGGLNFQVIQYP
random_1237,RMGYFQYEHDRWKWEQGIDGHRWH
random_1238,AVEAVHQTHLLESQDCSVV
random_1239,KLEEIGWQGFSKPPPPM
random_1240,LNNTTDWTGTCFNDAPV
random_1241,MMWEIYPQTSYREERRVSS
random_1242,IRRWAQSVCQVDSSPGQV
random_1243,CEIVKDWSLQTWAMEMSTCCALRMHY
random_1244,GVCHAAYHMQPASWAWTALYR
random_1245,CGVAHHGAHN
random_1246,TALLSNWIFKK
random_1247,YYAGFEWVNIVAHYWKMEVTTCVMKLNKLQ
random_1248,SVKRVTTANWSFWAVFSNCCRKECVL
random_1249,GKKQLYHAQHFVF
random_1250,IDAVTHQPDPPSP
random_1251,HLNGETDLDGHDKYQPYPCSPFH
random_1252,NHVGHVAFQERIKHYPICLIHFYALF
random_1253,FLHCHQATQGLARDVIETMWPTFLLI
random_1254,FHFGWKCMQRWSWDRT
random_1255,QINWEDALYGNNDSYAPKETYPPNLQYEGW
random_1256,RGNVQDRHRFLKWILHNTINEYS
random_1257,QTVMGPFYWKFSSVEKF
random_1258,EFSWFKPIMRNGP
random_1259,YSDNHGEIICYYK
random_1260,SSPQKRYHNPPVS
random_1261,NAHLWGMKAPVRDPSYSSSQDKDCKHFYTE
random_1262,QHYFKDRVQNCIHLMLNHYGHTGN
random_1263,AIWIIQGLHIGFQDIMNWCIHLRC
random_1264,ENMFPITWIKATVIQGFGMLAFDRAEGYPY
random_1265,RYKYWSQVIGAGSVPFGDHVIKKGGKV
random_1266,IAETGGCNVCHIDDQMNDIIFLTQLPT
random_1267,DYGNRPEWWMEMVQFRRCHIWHQH
random_1268,HWTEWCKQGNEYEYWTRP
random_1269,KFMCPCISVNKKPHLAQDFKALV
random_1270,QFCSSQYYQAPYRDWSFPHDRFSMT
random_1271,DFRHAMWLCVEMVPAYYEHDNHGI
random_1272,LFWNIEGQEPHHMPRNKWVCWHYFT
random_1273,IFNPNFKDPNWFAFPPTHDTVCTFV
random_1274,DGDPFEGTAGMYLQVHWMSNVDPNF
random_1275,SHMWYAKEHMPWGKKCSDKGPAEEE
random_1276,MMGKWKTICPCFNDNP
random_1277,KKDDEGFFYNGWEGGALTMRIR
random_1278,TCCDFAEYDFAP
random_1279,IARMHAYKMTRI
random_1280,HQIKFAMRAMLGWFFPFGGMNHTQCKMHDV
random_1281,MCVLETPFFMMTQ
random_1282,TYCYDFVYMI
random_1283,NFVECKQHIYHIKTTDEQAECMTMLLDQEK
random_1284,SSMKADLKHWNKPHNQHYGATEMNCQHNQR
random_1285,EPCTGWEDFEWMVVCRLIEQDYGI
random_1286,SDKNCNAMTQWRVEFSITVWHVFRWQNTN
random_1287,DVKSKYGQQHNPMMNRTLKLLTLTSVYNI
random_1288,IRRSCSVTGPMGSCCNVATPINVQGPC
random_1289,AYSSFNYLFEYFLSFIAEGTENFPA
random_1290,AVWEAECLFMHMEFYQIQQVWIECCGQ
random_1291,ISGLCRIANGNKQRAVLGMQGQVAG
random_1292,RQVAVARQHTPLVHEKMKEKQTL
random_1293,AQKAPGTPMWRHAPHYMMRKCPR
random_1294,GSMWNQCGTFNFMKGTMSQHMTQC
random_1295,NDYSTHTCRYYHYWYKPYREIVDMWMLWQ
random_1296,PHMTQVQGMRQYLDMAWCEKFAHVYNT
random_1297,CYDLWFCSFHLHNAKFLINYYN
random_1298,CDQPKCWLGVGPYVDVKFKCDMTHPKRASY
random_1299,CQAHCVRF
random_1300,DFSVFHMWGQDPN
random_1301,KWPRAIGYHDASN
random_1302,NTRWMCSNYW
random_1303,CLDNHSMN
random_1304,NNPSEFPIDQHLWVVDCEWTRKLMPQYYR
random_1305,HDWWHCF
random_1306,DPMFRHISCY
random_1307,DYMTNVSHMGRVQDPFSNEKCQL
random_1308,FFYNYMCHVCIET
random_1309,AINIHFGFHCERGTEHPRMK
random_1310,WRNDNGQNLHLCYQHRDYGH
random_1311,PYSFHMHIPKHSA
random_1312,GADWMEPAYHRTVKICSYLAWG
random_1313,ARDKQPASQDREFE
random_1314,HSAGWFKHAREWIKFAPK
random_1315,GHFPPYAVFICLKCKGC
random_1316,SECSLEEPITERMEACAQQWYW
random_1317,VMHTICVIEAGFW
random_1318,GAENCDHMTENNEN
random_1319,QMVQIPRPVDRVCD
random_1320,YGSIEGDSQIQDYP
random_1321,DNTCWAEGIFWETL
random_1322,DCGLCQKHFRFPP
random_1323,TSANTYQQAYA
random_1324,EMMANAKPICCE
random_1325,YGSSHV
random_1326,NYWDDVETSQPPWMEI
random_1327,HDVIMEHKNKVLTNTQ
random_1328,LPLQRDKMQFWCLELK
random_1329,PNQLEPHNGYKGCENWEYDDKMDDNESS
random_1330,AEWRSSM
random_1331,ACANNMEADHIMQSQDKMCFILDWLCIQH
random_1332,RMIYNWWWYSDSYNKGNRNYN
random_1333,HPMKWRRNPGMFYLTEIWD
random_1334,QCSRWNEYIGGLSYTQMFF
random_1335,CNKSMKFFTMPINFPDP
random_1336,AIIGPKTDREHWFEAGFE
random_1337,EVHTRTANDNDHDYRTTTC
random_1338,RADYAPHNQPCVHK
random_1339,AMDKCSMAKYCMNC
random_1340,RYMCPINLGRQYRHYLAHQYT
random_1341,NPKVHGGQQGQGLKHDNYVYMPGGKY
random_1342,QFRADRFHFDENGL
random_1343,LEKECGHEQPMSD
random_1344,TMKQHRTPYYMHVGGAQPEQLQTNYF
random_1345,WQRGVFPHCPAHYHWLFEDD
random_1346,NDGYVNGIQHLQCK
random_1347,PHARYPCPIK
random_1348,LWAGSSYDSENDNLMKSMKCPAIIE
random_1349,YWLVGFNALKHTDCTDQHFQRWW
random_1350,PKRVGPGLAAPSDTQVTWSDLHS
random_1351,LFHGFCHLLWFLFIRWTSNNL
random_1352,VYIVD
random_1353,ARCVQNCYF
random_1354,TMIEGFAIGEIGVHFEPD
random_1355,PLFTIGNYSQRTAAFN
random_1356,KWNGQYWQDQDANGQHRMTLGW
random_1357,MRHGKSPIWRSHT
random_1358,SEKTN
random_1359,TPYMKENFIEDQVSLY
random_1360,FECVMRKNEASSLKTDQYECWLCAMQP
random_1361,ENDFDMYRNDQVGHPWPMCQTA
random_1362,CHTLWCTHKHYGDN
random_1363,NAGSCN
random_1364,QKLRNFMKCLCGPWPVPQCKRQRQG
random_1365,DTQQKNNAAPGQNLFI
random_1366,NLHRSEKHIHNSGNVRP
random_1367,YNEQKAMGDMEVRCNSYGQTNNW
random_1368,LNCEQDKGWH
random_1369,MWAKYRVGGFVSWKFYCDQMQHSPWDHK
random_1370,PAFARARCPPSAFYQE
random_1371,FMDLFTGNTWPFYFNIV
random_1372,ATCALLHYPYRSPGVAY
random_1373,KSCAWYLVDVLKDRCAYLHWIYEM
random_1374,WHTDKGAPVQSIEPHVWNESQDYS
random_1375,PNATYSLLYERFMDPTQLYVYWVP
random_1376,WTHMELLEMEDHLRNPFGEWQWPW
random_1377,SQWQVGTMIKDYA
random_1378,MMGESLQGDWCLLIVPYTWSKIYE
random_1379,QWACIWDHAVLCFLQWQDVMHGPF
random_1380,PQMRQGRQMNAIMPRSV
random_1381,KWIEVECVVGPGAMSEVLSHEFVCRYHND
random_1382,WDGVCAEENQLTWDAQVISVFLPLTHFDA
random_1383,NGVAFGPTWPAYSEKWGRFCCMFYEE
random_1384,LELYRSWKIGMEDEGQATCCGC
random_1385,GDFAASCSPGQCDCEHPGFDGCE
random_1386,HNCAHTMRNRAILCQEGHRVWHREAVEH
random_1387,CECMTSRMPPYPSRASHFIAETY
random_1388,GPDTHFWNMLFTYAKQEWRWE
random_1389,GEGTPFHMMQVAPCVQKQMTMKWMTNGN
random_1390,GIRATQTDEEEFTWYCGGEAAQTINGCG
random_1391,PSPGHVGNMELFGA
random_1392,TKKATSGHEPELTE
random_1393,KDAGDYSVQIQEPTIHCPETSEKPFGN
random_1394,EFLVMKREYFRDPFKCDFLGMQKCP
random_1395,TEMAYAIEDLLVSMMTKWPDCTYDK
random_1396,HKENAGDQLHEEKIEDQYWSGHSNL
random_1397,RHQMQMLFCRTKRYQRHIAKW
random_1398,PVIHAYFRTCECVMDDPVP
random_1399,TTLPRMIVNDHACCIQKAR
random_1400,RLSHLQGHHECECVNVFWEWMVPTR
random_1401,QRDWHPWWCTRLDGQH
random_1402,AYWLKRGTTSTKSYIWPEE
random_1403,TQNQILLMDWVCQTSNYCTGDVHVAF
random_1404,NVECCFLLKKRLPANWNI
random_1405,IDRAKAVSFKFRPPHAGKFQ
random_1406,KHERSEEDIPASDTWHTIWW
random_1407,NKCWQQHATLPEQAAFK
random_1408,IWITMNQMAREVNQ
random_1409,GCNIKCPELMNWNCSVTEKGWARKWKTIPG
random_1410,KITMYEIEFTTFGHWHAHCK
random_1411,TWKFNTSDYYPTLAQITMKIMALR
random_1412,NIEIDFNTHRRYL
random_1413,YGMKSSQDAWRETADSFKPFNTRLEMKM
random_1414,QWAWRWSQPVDHGMPFQCYFWNRLT
random_1415,YNDTSEVTTD
random_1416,QEGMGRVCWSRNA
random_1417,PQQNFGTANGMWKWFLNQM
random_1418,IQWVAMQYEQIDHQLWDIRMFAT
random_1419,FSEYVPNPMNRKTPKDYQTCWW
random_1420,FIKKVYVKWHDQELHNIRWFCHY
random_1421,THMLRMASCSHHASHGDKYLC
random_1422,RRFRSNNSVSTRHKEGIKKNANVFPCISSY
random_1423,QGNCNHPVPEYEY
random_1424,YEYAQF
random_1425,GHFHCN
random_1426,SAPTQF
random_1427,AGRHEA
random_1428,HNPKCF
random_1429,NKKEFG
random_1430,KEDFLI
random_1431,NIFAWMSVHYCYD
random_1432,SWQYWVEYMSHVWQDYGMEQLWEHI
random_1433,MPDMMHFGKRKPLPIEE
random_1434,FCNGTRTHHQTITQ
random_1435,GHFCAYERWWRHNS
random_1436,RKLPQAAWLPSVTPMDYICWEIFIM
random_1437,MALDIRIICGWHCDDIPTR
random_1438,WAWYVHPDQPNRNIISTRMESLPCM
random_1439,SRNIAGNFGD
random_1440,EWHVAFNIVAQRNMSVTKFEM
random_1441,WKRTKDHYQYGSSCYTMVKAM
random_1442,NNRYATWSWAVKFLWWNERKENKV
random_1443,KSFKMVKHIMSDQSVGTQIITGDCA
random_1444,WNEGMSKPENMMAAPCSRNQIKWP
random_1445,FSLQQNGSIRCIQVVLLGATKHME
random_1446,PCHLAAMFRYTIYTYFSAVDGKEC
random_1447,IQDALDPVNERK
random_1448,QKMARINCYKTRAR
random_1449,WGDAKHMTCIQ
random_1450,WQANIKTIHINYERPLHENH
random_1451,KDADIPELWGAMNFRVQTFPRMTG
random_1452,KHLSMDDINQIHNPVNVAPNL
random_1453,RFVMNPSTYWHHHA
random_1454,PNSTIDCSRSGACT
random_1455,LHNSAWAKWFLPGSFNNM
random_1456,YQQKRRKWQMCQRDFFLH
random_1457,YFIHVSGVHFGWFQ
random_1458,NMKYWIPYDNPEMI
random_1459,KACEWDYHPMGDTQ
random_1460,RGRLPICWIIAQQSETLSAWANK
random_1461,NQCWVFGSTQIGSERSGPKICKSKER
random_1462,HRKIGMFV
random_1463,WDYMCERQDLGKHDVGRWYSTTLEQI
random_1464,APWAQPHFETRGFGRKYFQTEVIM
random_1465,PQQETNFPPDEVRTTCNHPQWRMIELRFP
random_1466,NMIERWCEFYGWPNKMMQQKLIWFMIDAW
random_1467,HNEFGVFYIQCHVRNYPRSNKLGLFWRRKW
random_1468,RGGMRPKMSHAEYPQLPYELDAKYAY
random_1469,ATVPVSSDPKNLNNVKRYFPSIS
random_1470,YMTRVTSPK
random_1471,NEDSDMKVTDGDASNKAAQWYI
random_1472,CGRIY
random_1473,TLTEYAPVADP
random_1474,LSTYKDYSDQEKFVEGISP
random_1475,HLLFTGHFYSGRFMTK
random_1476,KVSYDTHIAYEHQQRPFKIKFNPRTCQ
random_1477,YDFRHRFF
random_1478,VVIGFWPDWSYKR
random_1479,DHDSVAWLDECRHNDKQQYWCCWLCKCKTC
random_1480,MNEVMVEHMYSILEKWWPDLPPVDWIFSY
random_1481,WHNEWHLKISEPHNLMDFKTQIPPGDDIRS
random_1482,ANQGYRPIKPVSVVFTCYLNVEALRTDTDL
random_1483,NERVPWYDDG
random_1484,YGMIGTIKLGAYYHAKAH
random_1485,LNQFKCGSFPTVDLAQHLWYTDATRML
random_1486,DLALMSGVL
random_1487,HCYFYLDYAMSMLACTVTMQY
random_1488,VITLKRDNCNYQQTNGTLGNHMKTH
random_1489,VTMSMEP
random_1490,IKGGRQEYFHNLMEDRWMSPWEMVHQ
random_1491,TCSPFVVPPFYNLKCL
random_1492,GQEWAFKHITWPPTEEIEMCGSTFTR
random_1493,AINSKPQTLQMEKMSMSF
random_1494,WDRTHMTNVRANRGV
random_1495,WTHMRHKLTPGEE
random_1496,THWYTYAADAYQFEHCKG
random_1497,RFLNDRGWTWEEGYQLLINPLN
random_1498,RAHTEHPTDQDA
random_1499,FHQIWEQLKKASVPDQNT
random_1500,AFGQLWSCWNV
random_1501,VMIRGPYLIGDSTQGYLLAYFLHTGEIYW
random_1502,TAGGWLMHNHHIRFHLRVPFECNAPNGDV
random_1503,SGTVQRAMPRLWK
random_1504,NLYPGTMPCTIKYWCNHFTDN
random_1505,MDDTETTAHMMIPWGKYFPRDFR
random_1506,TTYKCEFCNSHVPFMWFYIVLDT
random_1507,RTMPRGNCEDWAKEFYI
random_1508,WCHKARPVKGRPQLQND
random_1509,TDGRVKADQTFMTDV
random_1510,HEHIIAILIAKCHRR
random_1511,YGPPMGRQAPPRIVRPTPIWFYLVP
random_1512,NQQNVSISEHLLDPLDESENEQIVIR
random_1513,MEGGTCPQRNDKWCSLVMFDQALFQKF
random_1514,CVHPCGGW
random_1515,QLKYIMYVQGQMVHTHIAKQ
random_1516,AFIPQRAMTNMDCDCQIDEHAQNT
random_1517,KWYEFMDEQF
random_1518,DSTVEQTSYSYPQVSSWEK
random_1519,ENKFIDFWYVGMTQMYTQNEECWFINWQ
random_1520,WWKPKEVDYIVGLMNASNMI
random_1521,HTPQYILMTNQTQECKYRKPKDAVCVPQK
random_1522,DQNVTYNIPCEYTLHNMN
random_1523,GIESMMIGGMQACKELYQVEQYRQM
random_1524,VLQYSFHTMERQWGEVH
random_1525,KNASSACNLYRERYVANHDTQGTPCP
random_1526,NDGCDMYQVCPYQRKCW
random_1527,YFWHAIQTVPFTHKRLGFIIQEWEPRQ
random_1528,GLHHQCVCRTLYWY
random_1529,FFAVPCLMCGKFYHSARDHE
random_1530,GSQIHYQRNLKPETGVQF
random_1531,RMPPFEVYQPRLCKCEGWKQCIGSKC
random_1532,EGGEVVDHFY
random_1533,LLTTCQVRIL
random_1534,WSMCRGNWPHAKDHYHPKTHIC
random_1535,RDSSQLTDFWGKVSR
random_1536,GQSGTMVYTFSTQVWWLEID
random_1537,HPSIHFWYRCISEY
random_1538,SIHLGDYHCHTMRCRIGE
random_1539,EKFEACTHDVGQ
random_1540,VRRFNGSDQFAFH
random_1541,EAHEISAPAFQTC
random_1542,VCQKWANSMCKIL
random_1543,EIFGDMSERYLLQ
random_1544,HYWSIDFYGLNYAPLHYF
random_1545,LCYGLNDKGSKHNSVDMEC
random_1546,NQPQVFTLVRIMI
random_1547,CKFLTRSHMKGYLEEEYTICEM
random_1548,VLQWNRYNRIGRFCPQFTYSWY
random_1549,RFITVPFWLNIVWIWCCVVSSHSI
random_1550,FYFGDHKFWGHLFNLGD
random_1551,WTVVYKYDCYCLIKYAS
random_1552,YSKSILLHFYGRKKEASNMPYY
random_1553,KFNAAPYPYQEMALEEFFDHP
random_1554,YDWQGLLPQTMCKFYNKI
random_1555,AWTAVRAWDQSLVTSDWSKLGEDDPGM
random_1556,HTRNSVRSLWPVFIYDAWEA
random_1557,FNRCMMDEWEMDHF
random_1558,ACKANYIIGDPMQTTWPDCFTQGWRFQHH
random_1559,PKSCLLEQCKENFWHSNVGLWARKLKVNSC
random_1560,IHCGGSRLVHEQNEDSTLFCTFCKIKGPFQ
random_1561,QYARCC
random_1562,LQGGAHCCFRSEVFR
random_1563,FAMTSEEQIKVDALM
random_1564,WIAWCVEVWTIFPHWMSKIHSNMV
random_1565,WMEWIEWNAH
random_1566,LMQEKVYYAMDVCDQMMKQDPF
random_1567,FQRTIKTCG
random_1568,CNPCWSIIECFRW
random_1569,STKAFYIPIIEIKPKNTEMLQITEAASK
random_1570,RQYKFTMNRYFMIELAWCCRNIHTKMYMT
random_1571,VHSRQEGGTWRHKMDRAAWFQFNG
random_1572,EWRNVTWLNKSNFWSRKKQRCGHMDHGMH
random_1573,KSCLMKQYFAAAI
random_1574,WFTAWTHFMQKKVFHMMTKKMYEC
random_1575,GTIDLTRWQYKVYPGEGGFTVLVECLGPEN
random_1576,VCVVKMMPILGDE
random_1577,WRADMYSETFEPHCQN
random_1578,TMGQCKIHGIFFATCANTMY
random_1579,KYRLQRWYACRCWGK
random_1580,WNQFGSKITLTHMLH
random_1581,EKHKDKFQKIFHYFGGRVEDC
random_1582,GSARWTGDSGQSRYNKCCPIYRMYADQ
random_1583,YYCFECILLDNRMYVLLVMA
random_1584,WRAMPLDDKVTHLCPGSVPCNVS
random_1585,RGCEWQCGLLYNSQAICAKKCC
random_1586,RLDYQWHVWWLHHFCRMSGEVTALW
random_1587,MNMDVFYE
random_1588,HMPTEQSISH
random_1589,SWVIFVHGNIWV
random_1590,TKYFCCDWQYTNENADTGKG
random_1591,KDNVTSILNHFWNKAII
random_1592,WVAWQVTGNKCNSEFIED
random_1593,WHQKRHAGGIESNFGKWSIQT
random_1594,WHYASWFADDNDDMNKNPFM
random_1595,EKYHQHGLMWQYFYTQPFYNDCHLVAWLC
random_1596,PLYRHISLSPAVRASMGGW
random_1597,EITNIEYPNQKKWMALMKL
random_1598,INQEFWGYPCQH
random_1599,YEYRMQNPRQRT
random_1600,TGWLRCNGEDGQIFIVDGK
random_1601,ETICQEQVLGAWQ
random_1602,CWGEGSEIGVSKKCWRGFGQG
random_1603,GNDECTEFEFFLG
random_1604,IPRSRHNES
random_1605,SFRDWDYNYQSHTYQDYQHKQSGS
random_1606,QTFGQRYNEYQVYA
random_1607,QTLDLREDRSAPNAWGAPPRR
random_1608,HNLVNAVRGEAVVGLMF
random_1609,LKLGPGWDHQYHQPEHC
random_1610,NRIPHVEHAKPWHVQNP
random_1611,NLKKIDDLVTHQASLESK
random_1612,RNWNDDY
random_1613,TWDCDGC
random_1614,FMEKRFCFMPIYETQQV
random_1615,RCMAEVEKCSMQAGP
random_1616,GVPWSKRIMMTLCA
random_1617,GVNMWSFMERETVWQKT
random_1618,EVTAPPSWVTWCRDGMY
random_1619,YVSQWMSFYSCTTITFYYEG
random_1620,LMCRRRMNQSVRFCRPIWNDCY
random_1621,DINIDTGVAKWCWDGFQYFSNFNDMC
random_1622,CPCEDNGFGGWETYGQMMSKLTTDDRRST
random_1623,QYGSEDL
random_1624,QMSHCVTMLAGRFNIQVCVAGYK
random_1625,GIICPECVHENDHESINDFKSVMG
random_1626,KGILNLTGAWFDYYIVYNSHDEWQHSYI
random_1627,YKGINWYCVCPMHPNRNKSYQGMEAHPF
random_1628,VCSLQQDSARERHYNCIQHYEKEMRNFVC
random_1629,TNTGECRWHRMEDDSRNNT
random_1630,ELASTGWVDFYSHIIGSHQFTMVPG
random_1631,WQAFWQYKYGADMEQAI
random_1632,IMSCRRLWYD
random_1633,AHCSLTTRCY
random_1634,LPTKVSDCCQAPLYYMIFLGYE
random_1635,LPIERMECEVYWPTVG
random_1636,DVAECGKRSL
random_1637,IWDQIRQYRAWHRGNSFPH
random_1638,RGGIIHFPWPQICRHYHTKV
random_1639,HKASPAIMGALMTMMQQGTR
random_1640,NTDDGAVWYFVGYIAWFMEF
random_1641,DHSKQKYGALQL
random_1642,DYFNQQKPTTALVWCPIT
random_1643,MYIFEGWHCVMADFCERSY
random_1644,QCPAYSGQNNNCDEGKQP
random_1645,GRMWIDCTWYYIPGFTP
random_1646,CPCRGGSTWTQK
random_1647,EPAVYDLVKEICYYQFNSTG
random_1648,QTFTSHLAPFQKIEV
random_1649,SGNIKDCKGEHYQTKT
random_1650,VWLFPGYFKWVDGCNSKRP
random_1651,STKHYQNKPWCVVNW
random_1652,MFPKCRRTTFVVRPSHL
random_1653,WEHTIDDMIDDRGNM
random_1654,VFIHRHPLYWNA
random_1655,RDAEQSSTGTWLSGTR
random_1656,AIAEEQASCLLKHSTTWVS
random_1657,LYAVEGPHEKPIDL
random_1658,KCETGWYKRVKCAKI
random_1659,CTHKAFVSHYTQS
random_1660,VWFNPDKCIIEKWDCSMKTQKK
random_1661,HCTAPTHHNYKVTMCQML
random_1662,LWDQQLWIYYLSRRCEKSMGEQPR
random_1663,YKEFDWVDGHEWVDAHKCCDTSKAVFQFN
random_1664,SRTMQGCWPCCTDHQFDFDQFEHINFCSK
random_1665,LKNRKKKMFGLIY
random_1666,HCYSRGNTCNCKL
random_1667,SMDICICIRISQL
random_1668,LNCMLSSTAHRDL
random_1669,WYEMQCWMPWNGCTIAYSHYSA
random_1670,CNGYFYLPCLESYIPEFKCDFV
random_1671,SQTLCCYFAMYCFMSVWYNRLCRKYM
random_1672,INMKHQFGKHLLSRVERV
random_1673,YWSEGLADMVKVDEIGITQTFL
random_1674,TKGEWGGYEPSLT
random_1675,MKYDHNCFTYH
random_1676,SDYGPAVIVMNPVFMSMVFR
random_1677,HSYATPPHARMTFFNFQRHRRQ
random_1678,SLIWWAWMSFRWYKM
random_1679,RGAHQWGMCAGYLGNMQSKEH
random_1680,MVIMYY
random_1681,SKGTLVIVQHYWYCH
random_1682,VQQKARLYWEGPVNT
random_1683,DKANTASGGTH
random_1684,PCHDKPTGADGRATGFMVP
random_1685,YMYLGQYNPWPIEAFRDFH
random_1686,EKWWELPIPQATGCKRYVK
random_1687,QWLSHCRHQTVTSDAEAFD
random_1688,YAFAFGQAPNPDGWKQKVC
random_1689,MAYCITELAQGVSCDWGV
random_1690,HLCKVCHMWFLYLSCVGCGHTPMAT
random_1691,VKEHFEYNIDMTTRCGNCRSPLDIYLK
random_1692,PWPWHWGEKLHRLIMPIQQQFC
random_1693,KFYARACSQVGRDGTAKMQSALM
random_1694,QAPKQEYQAHKKVAITGSQP
random_1695,NANNHYHHGRNHWDMKKPQNPPYMAVNL
random_1696,LMAIRCYIKFIASHKWVIFGTQVSNEYQ
random_1697,MVGTFSLHQCYT
random_1698,KHGYASHCLCNKEADYPETDIK
random_1699,FVWKIGWVNWNRAPPDTDPL
random_1700,CECHSMIYPMCWP
random_1701,CGHGMWCCLCQRC
random_1702,GCEYSAHFRIGFEMHWTPIQ
random_1703,FADTCNCMLGELANEEA
random_1704,LKMMCWGYHAEHLRDS
random_1705,TDLSYNSARCESECRFEMRHKR
random_1706,VYPHQLLEAKCSKHKQYYPFGGYHKYKF
random_1707,NWGDGHQIMGPMWV
random_1708,MRKHWKRMGGSPHTLPCKMK
random_1709,WQPRCHKCCRPVFAYECAPNHPFCYW
random_1710,LAHGIPDRFMTLE
random_1711,NTHHSGKFIESRPDNN
random_1712,DTWTPNLFAMRCFLD
random_1713,ENMGQMPGNVLVWIIKAQNMLREYEQCV
random_1714,APMTVCQINHMAPTKHGSQKWFAQN
random_1715,VINDGVDCWIYEARKFGVATPSY
random_1716,TGETEIFGTGWHCYCLVDG
random_1717,EWIGRNVYCNRFCSWQHIRH
random_1718,SYARCMQRGCMWIDYLESV
random_1719,EQKGACWPFLYATPDFYKQFCP
random_1720,MLPHNNKVT
random_1721,QMNRKCKVWMDLT
random_1722,LCFFHLFHPVPKYIIFVFMSSISCWM
random_1723,PFPGESVTWCAIYGAMAHFIYHSSPW
random_1724,QGKNFESCQDTQDIYRDMLKQHSE
random_1725,PKSEPFHSHSVDMAEGEFEITQNAQQEVCS
random_1726,YQSIVVGYNSHWPIFKEVHVNLGVM
random_1727,NTTYFGALQIHP
random_1728,FNDLCHKNTKMA
random_1729,NFARIIWFPPC
random_1730,TWNCFTNKHQEDC
random_1731,SIMNYPQAQCKVV
random_1732,CNPPDPEGVMWPAN
random_1733,QLYMIITRNIE
random_1734,IDKKEQAVYC
random_1735,GSDGCYLYTDHSLP
random_1736,EGVMKSRYCAYFID
random_1737,KELTNIPDCHCNVLHQ
random_1738,GYDKKTVFAYPPNTPQQMKE
random_1739,MAYLSVRYAQIIG
random_1740,IRTDCKYDGPLPLMSVDMGDFLFMINGRSY
random_1741,WDSAGTPNVVIMQMFWGLDPVQKKI
random_1742,NPTSAKQYTPFQWWNYAKHMQHDLNI
random_1743,FQHTLARKVTVNWVMKWNWREHRYDHGY
random_1744,VIRGWDEYEAIISASDFFNCPI
random_1745,PKIGDPNGGNCNFTCQHKSWNTHYDG
random_1746,TQDIVGCRWRNLKI
random_1747,SAECRMKQKVCIHFQNMDCRPL
random_1748,VAFTEPDVWTN
random_1749,YWTRLTAVRQWIVR
random_1750,YDDANICVVIHAMAEDNFPITPMPQ
random_1751,IHLGRMRTQLRM
random_1752,YGAWGDCLWWHWI
random_1753,KLEIWWNWF
random_1754,EFICDFRGGMAPKNLTVFCSLCNAWDR
random_1755,CQGKFMVSADIESGKHTSFE
random_1756,CNHCHAAFEKCAYNGMSGSM
random_1757,LYIEDWNGFAAQVDGDQCQPYTLCA
random_1758,QWIDWKHNKESAMCDRWRRKWVEG
random_1759,QYTITWSTDSCFASIDDVPLEWNH
random_1760,RLRRDYIDMQGYCTFIAKTS
random_1761,MVGIMTHIWIIIAAPHQTDIKIMGRH
random_1762,QQLRWWMHQYSWFQFGAMITALI
random_1763,QVLLLGMVSETQKFPS
random_1764,ILVPSQENAIHNDQPREKAVLNTTA
random_1765,MPQAVSAYFAWWPSCIGLCWLWMEKQKH
random_1766,NYWTNEYWDWDQ
random_1767,ICTVQI
random_1768,VIASIGEDAWTAMYP
random_1769,DGCNTTRTLEQVFSKCKRWILL
random_1770,PEYTMLTNWNFV
random_1771,KRDKHHVNHSWKYYFFASM
random_1772,NPNMPPCYHNEFHFY
random_1773,GMVEYIEWNVIILTTITEM
random_1774,KRCLFDHEWNLHPIGNLGCWSVFNAAA
random_1775,RPDDNCNDYFRN
random_1776,VKRLYRVAAVHE
random_1777,LIHWGDWWCRQEYQD
random_1778,ERTAAENTTNDYAC
random_1779,QYMIDWFVEREAL
random_1780,VPQPADLVSELN
random_1781,WQCNKGEFDGT
random_1782,TFPRYRLGIYRVFWLDKAAANCRDAQKN
random_1783,DPMIHSQKDFKQPCSFDL
random_1784,EWTCMKTWHQSLYDQKQQRT
random_1785,VRKKNIGD
random_1786,MNKTKQIEHQYRDMFQ
random_1787,HPAEQPHIIAFNR
random_1788,YGKPGPKNFWYFVLPPQG
random_1789,HRYDWQCAPWYAKPAHGF
random_1790,SHVVNIHKTMYTLGREAM
random_1791,SFEYTSVIQNQPPFLMDL
random_1792,ATGKRHELLTMKEHCAFW
random_1793,RLMKIIAVACHRCKAYGK
random_1794,MAFRFSKMVDQSRRVTRR
random_1795,NINGFFITLITAIHTLFG
random_1796,KWNADICRGWHEQFKRPPNKMKM
random_1797,YCSTVMTRQDETEYEDHTWFDIY
random_1798,QKLVNFCADLSPMSILCEIHTSK
random_1799,YVATKHGLTKYYILVSMGPIRRT
random_1800,FASQTWSVFKHPCRQWQGVCTNA
random_1801,YMFQYGMGNGGTQTFHCWISFNR
random_1802,LKKKHHCWDNQMRIEMYWHEMCK
random_1803,GQNLAIYKRAWLSSWSNFNVVFG
random_1804,YTQQVPDEMMDETQWMSPQAKTS
random_1805,HWRRLYLPIATQCMHRWGYL
random_1806,KWKFTAEWKENEPWGCAWFS
random_1807,MTFVYQNAARRQTIAKYWGN
random_1808,LSYKIMDQEKACDEPQICGN
random_1809,RFKDWEKWEPRQEWVRNDSG
random_1810,EGYYIDRE
random_1811,VRHGISWM
random_1812,VLHYCCWSMNVC
random_1813,VIFMPKTRDMMY
random_1814,EHIEHEPFFDIC
random_1815,NEFDDGPACQNM
random_1816,WGPTVTGWYQEDDDNSCGKKRKN
random_1817,RAFWSSHHTPYKQTECHWMNL
random_1818,HIDARIGRQKIGS
random_1819,WGQPIFWLSDDSI
random_1820,VNFTTMGPPQVGQYFDHQRP
random_1821,ASTWWKGKRRANRLWCKKYA
random_1822,RVLPSWLRYHKSPCVYMNWC
random_1823,FHWWWHCMSTSKNTVRLMYP
random_1824,KQQKEFFDAVDLSTGCEW
random_1825,LCRHSCFRAECVKHFDRC
random_1826,PNRLFKHKRDGATED
random_1827,DTYKIGLLGIFWTNE
random_1828,NKCLRVKKCR
random_1829,CKCFVMC
random_1830,GIKMEISWLGWLLGSCQYNPCKQGGI
random_1831,SKQTLPRIALFFNATFAAHHCPILNN
random_1832,DKNDCMKPGNCAENDLYWRQAVNPTGVN
random_1833,ERKDHACCVFWAHWQPSNNCWQCRLP
random_1834,ESWEYLHIRCHGWNLQWDTWDLGKR
random_1835,KLTNRRMWGDSMYTWHKRAGFIFIGGRYVV
random_1836,EFNEAKFIDDLSTRSWTHGPGSD
random_1837,SMESGVHVNYTWLHWLQPTMTRYLQLT
random_1838,SGLSWKETRLNFEREDVLSRSSICEA
random_1839,DKFLFAMSIYFCWYRAYVIFHWCCDPG
random_1840,GSEKNCNLCIDIWDCSPWKTNAQSHLRFA
random_1841,GGTAFCHYAANGSMYTIWDNNKYIKAN
random_1842,EKRWAGGNKFSPQVYWKPTFDRSRLGQY
random_1843,AYLTHEEQVACWLPDHVPQCGDMYMWQMRP
random_1844,THVVYTYGCPVIVALDHGIYQTGRWL
random_1845,IFDMMWCPHHWPQDIPKMACRRYNSI
random_1846,LPWCSAGHQEEPAELRYDRDFDWVMW
random_1847,SVAMNQFFAPLFNTDIWVCKCY
random_1848,KEIAWMQLRDDKLRHTQDNFDA
random_1849,CSPPIPIVAGFTLKCECTPYTML
random_1850,QTVCDKASCEICPEHEPLYSLCYEHS
random_1851,EPLFIFPALHELNVGIAKKWFYGFVE
random_1852,DIAFNAWAIPADTCYTLNQN
random_1853,YVCIAVMPAQPLRHSIQQ
random_1854,TSEDGQPSAPHY
random_1855,IFAHVEMGNNIG
random_1856,TDYCNADNAHDY
random_1857,ADQIYYDVIAKF
random_1858,YTHEKMRFPQLC
random_1859,IPVNEDAVGVNM
random_1860,LAKFTLAA
random_1861,SNMLYTHCEIRGLEMHPCNR
random_1862,PSGRLSIKPITLEMQIGWFY
random_1863,IKKFSPYYKLLAHHTGAACW
random_1864,GKLLFYSFAHDKEIRPPSFV
random_1865,VIWSHDWSAPWENAMKIVFH
random_1866,CLKIACILDNANFHCTLEYQ
random_1867,TGNMMYFVMSWCEGFVVIAQ
random_1868,KWGLDFTRFMDAPVILYLKM
random_1869,MKKVFEMHLEQIEEPMTHIC
random_1870,ERGVSKWFLPSFSWVCPCWC
random_1871,NGSISHAGMLNAGDDGCADG
random_1872,KSPAKFMINWQVICTGNGNP
random_1873,PAYDESHGDAYSVKKDTCFC
random_1874,HLQIRLTVSCCMIICCVIDE
random_1875,IPSHQHVGKAVPTMIFKPTW
random_1876,MVKSEMGSCGCKRCPWCGED
random_1877,CYRDYRGFWMYGFLLKMRNP
random_1878,NGWEMDVWTKKGLYYVRLPY
random_1879,RYTHEILPYCTWFMEMQQFH
random_1880,TSSTWHTNSHSDFRRQLICQ
random_1881,NGIEEMSEIY
random_1882,RHSMNYEQWCEQRFF
random_1883,KKTQAK
random_1884,VENRSGQW
random_1885,LFPICTKRAG
random_1886,KSTYIMECQCTCLFWWYMCEKANMHV
random_1887,FQHVLRIVRHLNMKFLGVLTSSSFKK
random_1888,WPAYYREWWNDLIDNCPCAETQQREK
random_1889,IFLHTRWDHAWQNMMPPHEKLYAWAL
random_1890,MWSSGYQSGEGSDWVGGECLDVLNTQ
random_1891,QCWIDCQTFLPIMYKVSTHYFNHGNM
random_1892,PLRFARMSIQRIVNDGLTQVANIVEL
random_1893,IWCEVFVEWMPKSHFHDYPMLLKPVD
random_1894,HLQKNEMLGHRVMVCVEEFNMWILTE
random_1895,TVVKEGHLHIASTTHK
random_1896,MRFYNQHDTKI
random_1897,KTCKASRTRCM
random_1898,QHLDIVSDY
random_1899,VGKWKDDTT
random_1900,YVCKCPNVF
random_1901,CMDAAWMQH
random_1902,PQGEDIRGM
random_1903,EADPEDSQC
random_1904,VKPIRKCQN
random_1905,IESMPQEKI
random_1906,ALFYEDYNIKYHIMRATQG
random_1907,PEPPSYDGGMNHCSWRWDL
random_1908,YWLVYQKQPTNSDKRSGTV
random_1909,TWASWFGIKLMPIAHGCDMVK
random_1910,SDRTPMHKLNPVTSANWVEWG
random_1911,WATMAYTYADTDNKEGVFIYI
random_1912,QGEKVLAVLWARLNFYGMH
random_1913,KWENAPV
random_1914,GFLVFCL
random_1915,LHSHMQEWKQFANARKSYYECYPQHV
random_1916,WFCPAQCVSYDLCCNPDWDLAHCCRV
random_1917,NTYMLKYMCQNVERLFTWMGIDDWKS
random_1918,KPCPTDVFGCCARMRVVHFWFAFRRG
random_1919,DNGMINHASIPTVG
random_1920,WVCGWYMRLDAMFNFTPPVMPANWIN
random_1921,MNMMGFCVMHRTPIKHFKYIYTNDEQ
random_1922,KWTKHLSDPWVAVINTHKFRICSLMH
random_1923,GGPIWEHDMYDLDCGPIAWMMLTGYP
random_1924,NTWHTSYTPYWQDYKDNGW
random_1925,FRKRYYVLFPRVRTRADHT
random_1926,MARGLYFMHNNGMDCENGE
random_1927,HIIAYRFMHLTVVDREPWS
random_1928,GVYMYMPSWHGPPYLFCKK
random_1929,CNKFEEKSWQLPRWPPNDY
random_1930,GRRRVAGSHDNDRY
random_1931,VRVSGEIAEWD
random_1932,WNEQNFVHQTYNHSHSEPNAWRM
random_1933,LGPYKYRWYRRIPEGVSPTRAWE
random_1934,RPKWAVQTVCG
random_1935,MKNVDCSEKHNIKINWNILLYEH
random_1936,EFKFCNCYMDGDVADGSIWAHAL
random_1937,QIEANHYRFSTKTIEKHM
random_1938,HSWEMWCMHCRKKNLVED
random_1939,PGQFTDLDMEIYYWKIYS
random_1940,EQMCHEELHALNKASGHS
random_1941,KNIEYYKGGTHVLLQNPG
random_1942,SHSHVKRPFNDDDQPCDEQKV
random_1943,NKIKMKPVQFQILSTHCHFHI
random_1944,EGLEMWETPDSNRPPPDQHVQ
random_1945,DMDIQCLFSMYEHMKIWGGAW
random_1946,TASIERTYWNGGDDKLVDVHM
random_1947,YELKVVLCIHQEEPPWQFNCH
random_1948,GKCTIQTKRDANCKPMWASPH
random_1949,VHLGSRLTRKTQQLEH
random_1950,PDPQGTRGLLHWWPQD
random_1951,LQLNHHID
random_1952,AVGSPKPCVFDTIMQQNIVWLAKETRD
random_1953,GACNNFTDRIGHAWVSAYNFEHG
random_1954,PYWMQK
random_1955,SAMCAQVQ
random_1956,FGACGIREAM
random_1957,GATMYGRENELD
random_1958,ITRWYGDLVL
random_1959,EWWKKIRCER
random_1960,ENDADAGGEE
random_1961,YDMRFSCHQV
random_1962,HMNKPGQRTV
random_1963,PVQGVFSMFIMWMRSITMK
random_1964,HAPYHHDPYHEQKAKWQSG
random_1965,QDNKFDKRCYRPSPWGMER
random_1966,THLGEQKQQPKVPPFCVWY
random_1967,ISCCMCHGIEAAQCNDQHQ
random_1968,QPMRKDSYDHPDKSMLWIG
random_1969,RRDQPLQPWTPAGCGRNCY
random_1970,ALTTEQYFNLHDKPDFCEQW
random_1971,KRVTHVSYNHQTGYDQK
random_1972,EMTYDLSKCHLSEVVVAA
random_1973,RYHKYWCSVWKFYAVCIAY
random_1974,MLAPAMLGNLEVAAICG
random_1975,GPHMTQTFMARGACDRVTIDWGICDF
random_1976,IYRIQMQPAPQQRPCITILGC
random_1977,ILCHICGEWCELFPFYQRVAY
random_1978,KERAQCRWLANDDGDFAHC
random_1979,PFQRTATLFFLYRVHFLKPY
random_1980,RYQSGMNKYEWKCKQMRFKMA
random_1981,ANVYGLDYMIYWKPNSRER
random_1982,NMEYHTFNAEEMSGGDQAH
random_1983,TPSSCKYYALWHHVVKCKG
random_1984,GQIPGHPNWIHMANREDFAPK
random_1985,WYIYYSYGPPWVKMRSDQHTGSH
random_1986,YCSVTTWTCEDAGVWLPDM
random_1987,WDKSSYVAYKM
random_1988,HAGFQGTEVMY
random_1989,WPQKRYVACNW
random_1990,GKCPPKCTTVP
random_1991,MEYWYHQGEKL
random_1992,TGAAWVDTYWV
random_1993,SHLSTSPYQAE
random_1994,GWEVCTHSINH
random_1995,IREAKTEWVAV
random_1996,YWPAVLKRQTW
random_1997,MIMNKTDVHLP
random_1998,WAPYSACPEHA
random_1999,RHPGLYNDLSW
random_2000,ERVERTWKQWT
random_2001,SNIWKTSYGFN
random_2002,LCPNARNTNTM
random_2003,KYSREWPAPKR
random_2004,VFAFGNHYHRG
random_2005,MFINHKAKLKE
random_2006,PYWYQWQACDG
random_2007,RYILGQQVGAL
random_2008,VWAMGNHWVLD
random_2009,DQALHCNFNCT
random_2010,FALTLNGSKQT
random_2011,CSALLCKQGQA
random_2012,FDEDTFTCFHA
random_2013,YYDTYESQCNA
random_2014,TGHPIQAGLNW
random_2015,CEGRMTVEYHK
random_2016,VPNWKALDEVL
random_2017,NLGQQYISCDQCIN
random_2018,VWSIRRLSNAIFGI
random_2019,WAWDQKGLQNYWVV
random_2020,WDWDRGCLSVEDEH
random_2021,MHSMKSFPGEWAKC
random_2022,GVDYGDHQMSMTQK
random_2023,YMYFGEKQFVLWHG
random_2024,GKVDYMV
random_2025,RVRKHHH
random_2026,NIWWKCY
random_2027,YSNNLTS
random_2028,QEYWHHD
random_2029,CMGHQIN
random_2030,PLANLKC
random_2031,VHPQQVK
random_2032,IIMHDAC
random_2033,HPTGHIF
random_2034,NLEVKHG
random_2035,FLCCGQV
random_2036,HHKEPMD
random_2037,ALPLWMF
random_2038,SCCPTCIHCFVTLSKNNKQKHMAHNPRY
random_2039,QHCDEHDWDQMPVRMVIKQCICDLLSED
random_2040,WCHSLENMNPDHVEKLVTTPRPCNCPRM
random_2041,MVGGAPMAYCNLNMNMIRYIESSCTMGD
random_2042,VAFMFASICSLNAK
random_2043,YKCIENCVRAIPME
random_2044,WMFGIGKYEFHDVAECNHY
random_2045,FGYKRSWDTGLDTIWLTSA
random_2046,NRCVGIIQWILLWMPAE
random_2047,MLMSFINEGPLWDAERQYE
random_2048,RMLCQVDANIPANKDDVKN
random_2049,YSALDAQDGHYMWLPHF
random_2050,VRYENESNHHSQTRPKDCWMR
random_2051,IWDFPWSEVIIGHQCGHDGDS
random_2052,LMIGNLHFWPIHCPPDVKNLQ
random_2053,MHFWDSGVAKSFSFSNKISCK
random_2054,QHCWKRLLILLSWHSYLYIVCK
random_2055,YACNHCRHDHMVSIMAWPPNE
random_2056,GGGGIDIMPGEEWCEWPVWDRVRNR
random_2057,YSYKCTECEQRKCVWKFRMRPRSRV
random_2058,SEHWAFAAGKPQWNRWQYRTNDLDI
random_2059,QLHSPVLIQFFHGFPEIPTEGSWYL
random_2060,YCTVHRNGCATPIGSVHSMCEYQHP
random_2061,GGQQHHMKNRWCAAVHTCHPQPWSY
random_2062,MPCQWQCCQLFCFCKMEWMPKHCGN
random_2063,CIQPVYHIIYDLVAEIGTWEYHCIG
random_2064,FHWPQSFSCWRTNPVMVIMNQDANH
random_2065,ADLMPDKEALCPHQLETQFQPFNFA
random_2066,FWIYIHSMLWGGQTRYHHEEQLDRK
random_2067,NMPYLRATMMMLFHGCQMYMRQMKE
random_2068,RACIIRSWIPNTANMCRNGHCFWAF
random_2069,YAEWGPYPMLKCPKAPKKEWTCWSM
random_2070,NAQSSRNSPFMHLIFSYELFYRYHP
random_2071,KMCHELRNKMSKYTRSTCTSI
random_2072,FKPNANRTPDRMAWITP
random_2073,APKHMSHKHMYMPILCL
random_2074,CKWKCCVGFQGVAIFPF
random_2075,AYRKAAENQPSWMFITG
random_2076,WHIMTKQEGTQLALYGL
random_2077,ATHCPYYCEYWAACMED
random_2078,ADFCWGQIYGSVHIDVC
random_2079,NLMQTETAPSTTID
random_2080,NNVRSSRIYPNLR
random_2081,VRATHGVEEQPAG
random_2082,FENACHNMIQFG
random_2083,FHYVTFSKILQSQT
random_2084,DNGPFPKIMMREVA
random_2085,RKKADYDWLAWKQY
random_2086,FWQIKIEWLMVTWM
random_2087,PITYES
random_2088,IYDKTK
random_2089,WCGPCT
random_2090,YCQFHN
random_2091,MRHKPCKDFAWILAT
random_2092,DFHWEYYGSTLPRSD
random_2093,FQCDTIVFHETV
random_2094,DEQWKFFFY
random_2095,WMWVKLFFVNNQ
random_2096,WCCSFNRETQFTDTM
random_2097,FGPCCMKCPRDNSCSVLKKC
random_2098,KHLQKWSDMPHTYV
random_2099,NQGIWKFHLCSIGTYWRTG
random_2100,KMYDKYVNAAMENFVNLLVGHRSPLT
random_2101,DSYWPAKVRSRKGGTPQHEPPAWRAC
random_2102,QPQGQVIYR
random_2103,KNWNKSIAD
random_2104,MYYKVITSTSQLEF
random_2105,FCEHASKSEDITN
random_2106,RDAEHVWNCDESQEKERCKSWDRFCTDA
random_2107,GNDNGLGHHIELQYLQTADEAFDYINYW
random_2108,STQRCDQHANASFLNLFWKFHGDPMPPH
random_2109,IWCFCRHCSQHALMTCIQKSNKVIRNAF
random_2110,DSEDFQLDCIIKNQPWCFMVVKYEVNDA
random_2111,CMYEMTWNTHYHLAQLPEMI
random_2112,DTYEIMMLWWWDDTNL
random_2113,QEPNEDNVDQTV
random_2114,WDYSRIGQMVEY
random_2115,HYKNEIQMWLIQLFCWPDQPSDWA
random_2116,IAMEWLQVKGLTIRGKNPHC
random_2117,FQLSHSRMFVYCRLYW
random_2118,AEITYKIICP
random_2119,FMHDQTMEAWVCI
random_2120,MATGQRQTGCEQH
random_2121,APRFDNGTCIIDY
random_2122,DKICQMMWACGIS
random_2123,LVVHFGHHPLFMPQLHRRKPYGQD
random_2124,CPNENEVPQ
random_2125,RAWCGSADVNMNKNDHSW
random_2126,TGAQDNCGVVSISSCPFR
random_2127,TCEHREINVNR
random_2128,KQAIKFGKHMRE
random_2129,QVMIDTGWAGLLG
random_2130,QGQLAENCSRM
random_2131,LGQSNPQYNTDML
random_2132,HFLRRDNYNIRPG
random_2133,MNGMDEACKFFQP
random_2134,FMSGCLGGQVVWL
random_2135,LGIHNHWHRRPQF
random_2136,PFKHYVHDYEWDI
random_2137,LYHCGLMHEGNEC
random_2138,IPQDISVATYGYI
random_2139,NTASVRFVAIM
random_2140,DLPKFQHCPSQ
random_2141,DDKLVAEVLWE
random_2142,WWDQGVKYRAR
random_2143,PWNRYWVGSCR
random_2144,WAHFVEMCTPY
random_2145,FHRKMVWRVRW
random_2146,PNETDDWPKDY
random_2147,PGLGHNWVWPDKSAGQSIPWHEYIPKGH
random_2148,TRCDKIIQNHT
random_2149,QYIDCTTHGFF
random_2150,FMDKTTYNMGI
random_2151,TKPFANTFHPV
random_2152,MCHKINGKGRW
random_2153,DYWYENKYMVY
random_2154,LCGSMRNSGTL
random_2155,YMFPLTWMSQW
random_2156,ISVYFRDCMQQ
random_2157,DWKLVTMIMTGLRMFA
random_2158,NVQIQKNCVTPFHLW
random_2159,MLDLLDTDPCYLPG
random_2160,DHASYYQDSYWE
random_2161,MADNRDRDFYFIS
random_2162,IDNIWKPMCPV
random_2163,LPKCKYQLQNH
random_2164,IQCDLTECYD
random_2165,FYPKYLTMDSTPWTLPHY
random_2166,CSPDDMLWKEYMAGFWAP
random_2167,CNMRLTQQDGICSVWHKV
random_2168,ENLYSDPKALMR
random_2169,HEPQFSWNLNTE
random_2170,HWWPTQEAESTQ
random_2171,SSCGHTCMFWFG
random_2172,HMRICPLREEMETYAQQMAQHQR
random_2173,LGTGDDFPAWKYYVKQVDGCW
random_2174,MCVHCNQLGDANKLIIWKWKN
random_2175,FKVTQEWGAHSPWNISHP
random_2176,AIKIFVRSNNGLCLTVAS
random_2177,QECMLEWQCGSSILSLMI
random_2178,PQVCLYGLSNPSGCWFID
random_2179,IEWAVKYVNDGLEMFNRRKTN
random_2180,AYPPPPSYFMCNLDCAWAWPW
random_2181,MTTMLIQPKHCTMWPSMVDQR
random_2182,NGLEKMEGMKVCPWKTFRMAK
random_2183,VLHLIQIHERVPCNHQMDDKW
random_2184,MTDYHFDYLLCFWADGWARQI
random_2185,PLYPPKAAIEAYESWVKFFLD
random_2186,IAGYYRDKN
random_2187,HWFSCEDEI
random_2188,WHAQWPCLN
random_2189,NAFGPFISG
random_2190,RDRDGPFYN
random_2191,QRGLQILTCHSQK
random_2192,RCIATHDHTFK
random_2193,VNLDFSSHPFRAS
random_2194,DDNGWSHEHMYGL
random_2195,CTPRCWMKHAFIE
random_2196,EYASMAMNTCYSMQ
random_2197,SACHWYSIQYGCHK
random_2198,NGGNNDLMGAMYVL
random_2199,FMMDMYWSWEVHNWLCEC
random_2200,RWDQWKTYPCLS
random_2201,CDEFANDNVISG
random_2202,PFSPLPCSCEYI
random_2203,MGDRVIKCQST
random_2204,PNLMFASGYVM
random_2205,APAGKNQITK
random_2206,GILIYMEYK
random_2207,YQWPGAEGNWHW
random_2208,RQWVTGNQYHTN
random_2209,MKSFQMWFKIRV
random_2210,IFMMDLWDGMSF
random_2211,DTDYYEVRFNCC
random_2212,NKFEPTEKPFPC
random_2213,ATCNYEFASQFC
random_2214,FIWKFCHHHPCS
random_2215,PIDHFVHAWQCI
random_2216,MYKPVTWESKNGLMISCDDRKVCM
random_2217,PDVCQEDMLRDAFVICWF
random_2218,CRHETFYYFTEFSCECTR
random_2219,GAYLNESARMKIMKDTASICTC
random_2220,HTDTSHPTVQFPKFVQPE
random_2221,PPYAQWQNVNSLVLC
random_2222,GKDDDYWYLVLVYWADPEICQIA
random_2223,YFKKCEFNDAADGCRGLYQ
random_2224,VMMEWRKCSKQIAHDKIDAWIH
random_2225,ILSDYQTHAGNYHTDQAEKQLTHFGY
random_2226,TVQEVNLKSKHLESLARVQPIHKKQI
random_2227,GYKTRHWYDVDHCCKCGEDPPSMR
random_2228,SNQASNDMGWAHSEPPRTPDDSDH
random_2229,FISPFVYLKITMDSRIHQVDQAYW
random_2230,EVEMTMWKAFPAWKFFFWTYWRCF
random_2231,QSITSKFRTSRKFTSNMSHHSFFRD
random_2232,TGDFISTGVFNISIACDWHGIECAE
random_2233,WDICHIWISAMGMLAGEGLWHWNIH
random_2234,GKLISKPAKHAECMLIWCPRQTWCE
random_2235,PKTKAQDFSAGEYMYFPGGEDRAFK
random_2236,RLWYYYDRTPMRLDPCRTIHLTRATK
random_2237,WSVGFHVEADGQPCPHCMSVFVMVGT
random_2238,PITCMARAMPLWHLYIACKDFHQFQR
random_2239,FNWHLVRMVMTIYKFGGLYTQAGTQS
random_2240,HGWMMCWCRRENNIEFSQPHQPAMTR
random_2241,QTTGQRWKLNATMEKRAWGIASCYNL
random_2242,CRSMFDQWMLQAILFCDANYRWNWGM
random_2243,DQTVPANMFKCWAMWKRKGQFMIASL
random_2244,WEAKCHVYHNCTLAEELCYYFILEYF
random_2245,KGMCACPLYKWKAIPLSIRMNMHLEF
random_2246,QPKVVEMFIGSKI
random_2247,DNWHRPPYVKHLT
random_2248,DFVKLLLHRFSVPQIDIATGPDKCKES
random_2249,KGDRVHAARSTWSDDFKQFFQA
random_2250,MEVPQQQRNSYAQEKWV
random_2251,CMCKF
random_2252,PYDQAISDPEWTSVHCSC
random_2253,CDARTARMYILTANIK
random_2254,TACHSCWHTQREIY
random_2255,NWDMRTHTCGMA
random_2256,FYIWMCANASVNSGICDYWN
random_2257,GVCNYHTKKWHAKMIKKRE
random_2258,SKMVMVWPGLYHHKKPIS
random_2259,PKHSDQTNTIWQLELATEHL
random_2260,EQVQKPRQQNITYALGAFLC
random_2261,EGLITEFEKIDHYSEEYEP
random_2262,VRCWKMIWESTWAGHEVTPTGS
random_2263,KHDSCLELNWIFGFNEMEMSFKQ
random_2264,NGTHNDVCEKGPLIANWQVHY
random_2265,FGLDQTYTKNMAYEKGW
random_2266,EVYPMGNNARHKHARG
random_2267,HAVCGADCLEFVYGE
random_2268,SCNGWEISAAKCWH
random_2269,KRFSRMERYMFDE
random_2270,VHHCMRVCYKCV
random_2271,RCCLDWICSIQ
random_2272,PCFPFICMVFGICFTLE
random_2273,IPWRNSPDDYLARRWE
random_2274,SFTKDQVLWFMQRHC
random_2275,HMRIYCHIPMELRI
random_2276,TIWILPIGWRFDSGKYT
random_2277,AAYNAKQDRPRLASPAQ
random_2278,PGCNIHIQRRKPAKLCVPQRI
random_2279,CYWVVYMVCHCRHLIVMWLWF
random_2280,DTAWTPWFTRGLQGEEWCPIEGL
random_2281,WNWLEQVLDHSPYRLEATPEA
random_2282,NMGELTDPLLCECHPSNQKCL
random_2283,KTNRQFQYKGCLESDMAEF
random_2284,QYNLCKRMFFAFRGHQAYM
random_2285,RGCRNDSWSWVLTPWEHCY
random_2286,IEDDMTEDNINGRWEMVNY
random_2287,RLLHLWTGEHHIGALSAFM
random_2288,TCEESNSDTLFDKQETHLV
random_2289,LTHIRMPIWMKMYYLTQRM
random_2290,DMYRFSWPMICEMLD
random_2291,DKQKTKQRDKYEPKA
random_2292,RLYNAHFGVPPCFQA
random_2293,MKFVKGTSSDQQCIP
random_2294,AMPDMAPMMIP
random_2295,HWYKFFEYKCK
random_2296,SFSWTRTCGYN
random_2297,MIHTDNTYWWY
random_2298,LNRIQRAQAWS
random_2299,SFSEWPVDRVK
random_2300,YQWVYEFQGYM
random_2301,LVRYRRPTDQWRHFDF
random_2302,CIYHLIRGVWCTPMHD
random_2303,ECIYCANCKRN
random_2304,SCFQVVPHHNE
random_2305,MKTNNGTKGHWWDIA
random_2306,KCKCRNPACWKKQLE
random_2307,GCWSFISPCFTICMY
random_2308,AYVIPTHPGRNYSNV
random_2309,IDMIWRFECIIIKSH
random_2310,RIHTLQHVFYQTCCF
random_2311,NYLLKRPNDKHGQHL
random_2312,LSSGEMNIEDYNVYQ
random_2313,HSCVIVMIHREHIEY
random_2314,NRIPPCISPNLKVRV
random_2315,KHRQYFYEDWMCMFI
random_2316,KHKSLDPIPCPTIMN
random_2317,VNQEVQVFRYF
random_2318,TWCQNSSPKTS
random_2319,MVGLWQSWYDL
random_2320,VVCCDQSQWRY
random_2321,AIVRGCILIMK
random_2322,FQEFKERSYER
random_2323,KLAMRTGCQNMYM
random_2324,MQGSVPTTGIA
random_2325,HLIWELGVPAQ
random_2326,FHPMWD
random_2327,IWFPWC
random_2328,MMDIR
random_2329,FSNEGG
random_2330,LLIECWL
random_2331,GGEEYDLR
random_2332,YSAQDMDCDQMIFAYTRQGHYSGCLC
random_2333,NLQRSRMGAWDGEQTEKRWRPYAKWG
random_2334,QAAKRMIDVTFSNRAHFWVIPQMIKW
random_2335,MDQIADKVFFHLDLQRPLNGTMD
random_2336,CSEKNYWDTREYWPQYAHIFHLRRNQDR
random_2337,KHKMHVGTNGYPVSLVNEHYQHKNL
random_2338,YQCFSKNCYHMFIWMSEMLN
random_2339,AWLSSWLIHMWTSW
random_2340,LCMNITRSTG
random_2341,MTVHHSKCI
random_2342,CPNMEMPFGYRFMKRRLDP
random_2343,CYLFCWKISAFLLLNYG
random_2344,LITPNATYSIRYVVIEYNWVMWFKHHN
random_2345,NKSRFSLDIKGFAVPKPI
random_2346,SALIKWWYVLSAQVMGIH
random_2347,GRGPFYKEFQKPFIIRYCVCVPR
random_2348,IVAHWDGLHNS
random_2349,IHDDGTTYGQ
random_2350,IRQSVDMV
random_2351,IKRKQEKLCF
random_2352,KMQHPEIW
random_2353,NGGASYQEG
random_2354,TQWALAEWRHI
random_2355,LCFNKIFKHM
random_2356,HATPKCHLYDNF
random_2357,GYGFCIKIFMAPNM
random_2358,ISAPNMTLGYQN
random_2359,DQWIMQSCCNIG
random_2360,HRAVHIYMAVEAPDKCIG
random_2361,IHFLGMWDYFELELKRAGIYYN
random_2362,HAIYMWTGDCHYAL
random_2363,SSFSMMGAFFYARW
random_2364,WISEKTIYCSLGEW
random_2365,PQIFNVLFAWCYIP
random_2366,TYHSFNFSTLWP
random_2367,DEDCETAVSMSC
random_2368,IHDPYKVTRDWYN
random_2369,CQGLERRIGDYYD
random_2370,RATCYCAGSVYQPDP
random_2371,TDYSVQGNQITD
random_2372,GLETEYGGNDITWSDMRWRPYIGIII
random_2373,TFSDGSSDYYLAIFCA
random_2374,TWYAHH
random_2375,EAYKGG
random_2376,YVWFLC
random_2377,DATDMDQYREMRSLPWAWLLDIRWY
random_2378,WWPKIWETCGHPSDVWKVEFWRRARTL
random_2379,RAASHANNMSDFQPYDWEESQSCIEAVK
random_2380,STSRRKAWLQIQKVISHKFEMPFPACTT
random_2381,DPASYKLLC
random_2382,IANRFDEA
random_2383,CRFAPGNYM
random_2384,DVYVPERVI
random_2385,MNGQQHGPF
random_2386,ELIMGNNP
random_2387,IALQLDAW
random_2388,WINCRSG
random_2389,SKTFYILK
random_2390,GFWPGCKM
random_2391,DRWAGEFIVSVFIGD
random_2392,NEAILQVRQIYRMIA
random_2393,GNFLINRARVNPL
random_2394,THWHMVHGAPQDG
random_2395,GLKDLQLPDAACF
random_2396,NLCTMPIFSIHVFIV
random_2397,HMWTLLGITHGSNFIGVYQMGRVCM
random_2398,GVVSWQWAHHMMRDQIADWSHFVQQ
random_2399,DCCTYSSDVICAFKERIANQNKINR
random_2400,RCAHNFYTCSKEAHENALFQRKA
random_2401,AVDNMLTWVQHFTEVRDPEPAS
random_2402,LHLCHEGHEK
random_2403,HGCCFTSGGFGK
random_2404,MKMNVQGCLG
random_2405,SRSRKHNDNQKYKPQGFPPQFM
random_2406,RTRCVQ
random_2407,RPMTDHVQGMQYNQPADAQGLELRVLNN
random_2408,HYPIEHSREYENACMHG
random_2409,QMMMPGSTRW
random_2410,RSKCPWYMTI
random_2411,AICIHHNFGK
random_2412,PPKACGITFN
random_2413,DPAIGHETLD
random_2414,GGPSAQKEVH
random_2415,ARTKLSCRQK
random_2416,WPWPIVRPDR
random_2417,WLERYCKPAL
random_2418,WWVETQWIEI
random_2419,PHSGGTFHMV
random_2420,CKFRFQMNTG
random_2421,NDSNLHINHN
random_2422,VFPYLTEAWM
random_2423,WCRATVFHCD
random_2424,LTDSWEPGEE
random_2425,SVHHCNYDKV
random_2426,TEHCVKEYMN
random_2427,HHGTILMK
random_2428,SAPDLAHRPF
random_2429,QFVPGMMPDTKLQIK
random_2430,HIFSTQMMALKCGYY
random_2431,YMQIVENEHHTVIMS
random_2432,DIYTLIWDFWYWQSI
random_2433,ATYHPRRWAYDTAVR
random_2434,KIQIWGYHGSINHAS
random_2435,SQYINCQNQCNGMWIK
random_2436,MVSLTVDHWDFQAPAE
random_2437,AEWLMMWLAMFVNNTK
random_2438,TGPYFKFRKSATCSTYWTAPSDIMNR
random_2439,DKVNCGNNQFAF
random_2440,CVCNEVAFIARN
random_2441,FCEQPCWNEMIM
random_2442,DECHRCFHRAQT
random_2443,HLWAQVLENNCM
random_2444,GCTFFNWDHWW
random_2445,VWKGNTRCDLHCYCRYPKDH
random_2446,EEWCYQKEIHLKMLSSQKT
random_2447,HNFADKECKAGQPCYGCGSKYCD
random_2448,NRFLPPQLLEEFITACTTGRAFP
random_2449,AHDAQG
random_2450,DEERFSRLV
random_2451,HGWSW
random_2452,RHGAP
random_2453,RYNYQVD
random_2454,WMKRALD
random_2455,WCHPDPMCICYGAVECWHPNQTAGEK
random_2456,AWRMDMRQDSDVWYVMTMDATEWTKSV
random_2457,WHNRPGQMFHMQRTACYHIPQMIQGN
random_2458,AQPDHMYNTMDQYVVEADIFTGLKSHMEN
random_2459,SGQAAFAVMHHHHGWSEEMCIFSWQNIAEE
random_2460,INHCCCDTDYTNIPEDKWIWNWFPQTEIG
random_2461,DKKHRAWEPWVNLMWDV
random_2462,GYWYGTMACDCLSKGGF
random_2463,QRWNLLQGMIAF
random_2464,HAGIVCVACGLYVFESWHMNCSEQ
random_2465,YDGFWNMSWDAC
random_2466,ERMERKRGSMN
random_2467,GPMSRMAQQNFEHKVI
random_2468,GKRDNMDNSQEEFDT
random_2469,WLHEMIRVILHGYSL
random_2470,EFFKEVHCWVQIDLW
random_2471,TWDLHSMHEYPFVYS
random_2472,SMNKDEDVRLVQPNK
random_2473,IHVPRTSPFECWKQA
random_2474,GGIMKACVTGAPQDG
random_2475,KNVLVVWRNWYQAFN
random_2476,DNNWIMDPEHTCHNN
random_2477,ICQPMCADWWNPSNM
random_2478,ACVDLAQKPDKCRQV
random_2479,VWTTSDTSLQVPNNK
random_2480,AASASYPNKDGMIMS
random_2481,EDWALNRTLHNHKTC
random_2482,FYRQNWDLSRQINEH
random_2483,PMGVTHVSRHIFRCE
random_2484,WMFYAEKFMCKCQFL
random_2485,WSMMVVDADSFVEGS
random_2486,IIELIWMQMLPLIHT
random_2487,PIEWDYQNDTAQQQP
random_2488,ADAEFQHMGPKETCP
random_2489,GHWSKVVSMKDVPRL
random_2490,CDRLSIVNMCVSAEG
random_2491,AFFKNNPYYTLVIMN
random_2492,MEWNMWMPGMGFGDK
random_2493,ITACEQIQTEYIDAH
random_2494,TVECFDEKHIVPVEH
random_2495,RNWEDEMGAKYPLPG
random_2496,YWRALPAEYQTSPWL
random_2497,CMRKEYAINCWWMHE
random_2498,IMNHNLECIDDYVAW
random_2499,PSWMEHVHACEMLNF
random_2500,ETVRHWAQFMEYFYW
random_2501,LIVCAQIQAMCDLKT
random_2502,EGNTRDFEDYHMPHS
random_2503,GVYHARDVMPHAILG
random_2504,FNEKWWTKCSGAREP
random_2505,THGQLQNQTLPWFKE
random_2506,FVHHWILLTMTHLMFWS
random_2507,MQYSKREMRYRVRDMRQS
random_2508,PCYMQCWPHLMNISAVKKA
random_2509,NFMPRAFKQMPVWGMWAAP
random_2510,MAFQTPCYELACKCMI
random_2511,AEQTAHDLCYRKCSIL
random_2512,QIDERKGD
random_2513,RIEWCMLLR
random_2514,YFWVMTTQ
random_2515,DASKFRMAF
random_2516,RVINHCTITVQNDRYGDTDDGSKAS
random_2517,AYTLESQKI
random_2518,HAFNVS
random_2519,WHNKPHKNNVEQELMVMNTKKPP
random_2520,FAAMMPSYPFECED
random_2521,LPIVIGMFIWCHK
random_2522,QHCYVAWMNMRM
random_2523,KTQGPDSNYQVK
random_2524,SYCDPETLYVSY
random_2525,SMNIGIVDRCTP
random_2526,FHFSWQKYLQGC
random_2527,CKTEDCGGRLPG
random_2528,THRNPQRGWNHI
random_2529,YSTGDTGYKAVV
random_2530,RDDGIAVKMPRD
random_2531,SRTSCRLAIHHT
random_2532,ARITATKEFDFG
random_2533,QMCHIYNFFSHP
random_2534,DNPETVCSNMLG
random_2535,PDDSDGCDQEPY
random_2536,LTANQIYAWVYG
random_2537,GERCCSWPCKSA
random_2538,CSMYNKHAKIWV
random_2539,LQANTCCHKWTP
random_2540,PADIVDTNHRPLYKIPVHNLV
random_2541,IAKQKYIHDTTCAMAKEKDLRQMGT
random_2542,KWYVRYGDEGIINTAIVGNHPYSHM
random_2543,TTSMFPTLCNGMMPDCKYWMERTSY
random_2544,QSFTHNVSMYWHFLCKDQCYIYWHT
random_2545,YHLNTKCFGYPEIKHTHMSCWSI
random_2546,NGDWWNPGSWRGWEKPMPPPQSA
random_2547,QKDAAIATWDMCERFSEI
random_2548,RQAVVRMTNDSSDLFRSGCDQKF
random_2549,LQNANFWRRHVCCNKKH
random_2550,DLFSRTTAYKVKE
random_2551,TGPVERNQENLEN
random_2552,HDIFGTCWHKGTM
random_2553,APMNAEYNYFIDCSSPS
random_2554,AWSWTDRNMEDPCWKEAPN
random_2555,GTLMPKCCRTSSSWHTIM
random_2556,GHQPFTDFAHMVVFYKTQET
random_2557,DTMYHRDKVKGAKINKTDYVKVTASAN
random_2558,LKNDARDHYRQPCTPTQDHYYDLHRK
random_2559,PKRNCTLPNPKLGHCIVHDWMPSSYM
random_2560,EQGQKGYRDHSYHNHMRTKHHVDNFE
random_2561,GTDNKRFDFGQCIFHLFFHTTNEEVT
random_2562,YHYYVTHDEFTSEATTAYCVTWHSRY
random_2563,TSGVHEINGGLTIMRNFKNCASFRLY
random_2564,GIKHSLEMDYYFKNTHDCNPMKTIYW
random_2565,AFMKCDDPPMRYEMLNRNHFPNCDEK
random_2566,NERENSCLIGGRNNVPMRWPTDQQGR
random_2567,YERETYHPRKQAPIFL
random_2568,YFFCWLGDVDPCLAHHTVFKWANPWRCE
random_2569,QSYWLVAGKCRGYPSHGS
random_2570,IKYPCPIFEYFKNFGGLYCD
random_2571,AWEHFSRSSMQEEWKNMPKDC
random_2572,MHWPETDATHSSERHEHY
random_2573,YRSLMYAHQGHHWVNESSFICQGSFAMWQ
random_2574,HTQFCICNMTCNISHEKSEAHMWWGVQSQ
random_2575,KEECYLHEERSYCNKHACYEK
random_2576,NWVDVAGFAMFDCNVDNR
random_2577,FHTNIMRRNCFGMARHCMATNQWNYNPDRC
random_2578,QPCPQTRVIMEPSHNL
random_2579,IGPVCPLPKPWDKQSLGFCWQVS
random_2580,PGIQCVAKPGFKEGINDDVWSVCYQACR
random_2581,YIEYGCVIWFIEMQFMFEWA
random_2582,RVEKSNRKMMKSRATS
random_2583,KFKNDPIYSQTHM
random_2584,GHYVLEQWATMVN
random_2585,VPEAFKKPQTHS
random_2586,TSFQVNDCDEL
random_2587,VRADSPQQYEA
random_2588,FGDVVQDDHQ
random_2589,HMMRESTFPTKMMQMGNEQVF
random_2590,EFIMGVNVMMWHGECDHDGQPLL
random_2591,PQDWSSPADKSISTIMFAMRN
random_2592,IGRPYCSLHYMHVCVDSRDIN
random_2593,WTSIHSCNYF
random_2594,EINLSSQEDYKLIVAWKPQRKIGI
random_2595,EEMIIRGPKRWDYQGLLHHKWVTLIHCHS
random_2596,YLSNLTYAVSKASFWIFRVLQ
random_2597,CSTMRILAGQMRKDAL
random_2598,QHMYDDFEFVLN
random_2599,SYCMVRSCDKEY
random_2600,QKWHRVCEIFTQ
random_2601,IESNDIIGSCCD
random_2602,EPGWDIVQPAMI
random_2603,IKRVRMMRIDPM
random_2604,NGAFDMMKEAIN
random_2605,FYKMVNRMCFET
random_2606,IPGQRYSCSQEP
random_2607,QFSVPWWQ
random_2608,HNFGMCCE
random_2609,CEVTSPCT
random_2610,ETPCMDEN
random_2611,MMEMRTIQCLNDP
random_2612,WQPDFHKGYTLAD
random_2613,VAMCGNAAELAIM
random_2614,NAGWMHPIPDMRV
random_2615,EHWIYNDHCY
random_2616,GPRIPYYGPNYLDH
random_2617,WEGRSDGMEWRKGL
random_2618,CIRTPYKMRGGYYG
random_2619,YFKIFNCYISFDGK
random_2620,EAKTNLRIDPDRLS
random_2621,AEPTVVVWRTRCVE
random_2622,HIMNAMYNKKNYDR
random_2623,QWYSPEMAYCIPFVHPSQPICFPMQN
random_2624,NVVVKVGWKWMSNNSMASFSTGDQWY
random_2625,HAPFSISLVDHWWDAWNSKKGCIKGD
random_2626,GDWCPMAEWQVNSVTFYLHKMGHRYN
random_2627,YMNQDRMPLFWMKLIELQKVIESQDQ
random_2628,VKKCCNGMQHCYWCRWNFDKMRNCVEE
random_2629,FDGFPVMDYRMAEQNWINYLMFT
random_2630,DPVKIMIFFLSFCHMREQVQNQYLDP
random_2631,YKKCWLPMAGLEMIQHQFWLHNHRQW
random_2632,QVMFWGWYFMVEFMCAKPGRKKKHMG
random_2633,AFNPIGALHWDLSSAVRVIKWCIMMP
random_2634,ARNLRTKLPDNHFVWMPKNLSKFWKK
random_2635,AFRYPYHVFRHKCCCPWHCFRVESWC
random_2636,NHYIRPSTLPQDKQPREVGWRWIYCI
random_2637,NCYHVDTTPQGHKVFRPM
random_2638,TRTRGKLESGEDVNLCCV
random_2639,LWNSSEQMRPNSSEEEEH
random_2640,PMQYCHWRGLCTFIFFEI
random_2641,KQDKYKFCGEECSPRPYC
random_2642,PEMAGRTEFWELHLTNNWLAHRIHVITGQF
random_2643,GSDTEWEYIWGWEQVMYNMRDDMKQSQVMS
random_2644,LGTCYLSCLHVQKAGNHQFACFQNFVHFGK
random_2645,HFFGNWCKQCWMYDAK
random_2646,TKCPVRMPQEDQMRYK
random_2647,VIAMTNNNVQGMYLAW
random_2648,KFAFEIENDSICMRCH
random_2649,FELTADDMIEFIFMRQKNKNSHSTVY
random_2650,WYVLQKVIAGYFRYS
random_2651,VDAGHHLVDCEMHLQKIWYTHCTQ
random_2652,FVCDGFRGINEIGLHP
random_2653,FQAFEQVQTQHQMMLYTLKF
random_2654,VACPAQPAFPRPSV
random_2655,MSVDGSC
random_2656,WILMENWLQC
random_2657,SDKDDGGFCIWHGMALVDDN
random_2658,ANHERLGSGA
random_2659,NAFFFIQPSECH
random_2660,AMELWGIAKGGLY
random_2661,MKAFYKQWMANPKL
random_2662,SIWKDEPECMFPESE
random_2663,TFWTFLHVMGDSWVLC
random_2664,SVPVFEDKFMNRCWAAG
random_2665,PHVVVYFYGLGRFSNPHN
random_2666,SCKKGPFHYHPALYMGMER
random_2667,LNDNDPRQHF
random_2668,TCVPMPNHGAVNWLG
random_2669,CYRKCDTYTKVIPPWMCFRMVP
random_2670,HEQTMIRHFI
random_2671,PDDACGPNWRKVFN
random_2672,RHCERA
random_2673,TIHKCFQQ
random_2674,YDKNFCYLWF
random_2675,YTIAWPAKCTVE
random_2676,YKFCDSWVYNIQ
random_2677,CLFTWMTDHYRL
random_2678,KLGMPTVKGAQDTIRCYTSEH
random_2679,ALSLRGWSPIGI
random_2680,DCFQNNHYTSPW
random_2681,RIHGIHQQQCIF
random_2682,QIQSLNAYCIRR
random_2683,GRRCWYICRKLF
random_2684,YARHGDKKSGMW
random_2685,MCRNNWKSQLDC
random_2686,AFEIDEWPDSTK
random_2687,HWDQLIHYCQDE
random_2688,SLCICEYEQCFH
random_2689,MWFIMSGADCGR
random_2690,KHSCRCCPTQPS
random_2691,ITYQAQYFMFHF
random_2692,WWDTRYAKAYRE
random_2693,NYRCMWIPITRT
random_2694,DAHQMFYENSALGKP
random_2695,WWDTWSSYHRRY
random_2696,TQYAYVHYMACT
random_2697,MCNRLTLSVPGW
random_2698,DYHMKHGVCILL
random_2699,IQQKRCCQFLSF
random_2700,CEWGGKLKALKM
random_2701,NNFGSESDLFTST
random_2702,DDQAHVEIQWYAQ
random_2703,CAMQLYANN
random_2704,FQWCFMPFP
random_2705,KIELPYFTC
random_2706,FVTFGIVWV
random_2707,IFPKQQKCK
random_2708,DYREVGRIS
random_2709,RTKEVQI
random_2710,ASWQIGS
random_2711,DDFPNAS
random_2712,MAHVGYQ
random_2713,DKEVWFIMN
random_2714,SIIAYVGSA
random_2715,QYCTPDGIS
random_2716,NYSPFKRAL
random_2717,NFSYLMGIA
random_2718,YLATRFWEW
random_2719,TICKSQGMQSTGQSFSDIDNYGSAS
random_2720,HWPWCREANRRVCCVPDPDCETK
random_2721,KNRALNETQMYMHSMICKIRPAH
random_2722,LSCYCHVKCTCCCMIYEKHLDMWVIT
random_2723,DAFMRWKWSQGMCLYPMGKMMAIYDH
random_2724,VNAWWLGTEHWALAQSNCQKKRFVRF
random_2725,SYDKQTPHRHTHFTKEESSYKSMEMM
random_2726,MAVAKLYKNPEQWPKSFVHMVADATV
random_2727,LDYMDFNCSMGRLCQGYFVTMEKRAW
random_2728,EWSDGSQNVKVKEAERRQNEIRETME
random_2729,HMPNHRYAHTMSFLWQGKRDMFWYIV
random_2730,EEDKEDDVHWNMTKGHRAMVT
random_2731,RWSVPELKCWYQQWHN
random_2732,LHRRKSVFQNKCYDAN
random_2733,WSMPHAIECFQYQIWN
random_2734,IIWKTDDMIWPNKYAE
random_2735,GVCWLLRPHVHWGICY
random_2736,MQMTRTVDPFEENYWM
random_2737,MKGCVVCYWQLTVLPT
random_2738,WDCRDCCGRHHPDFCM
random_2739,YFNSHWMPKKEPSAFI
random_2740,RWKVTDKQMYTHCGLD
random_2741,FDCAELNHIACNETNV
random_2742,DIFNFGWHSKIQEDVS
random_2743,VWMYNQVARTFFKCTF
random_2744,TYLVQLDTTVDKPDLS
random_2745,SFHFKVTAPAPATFVT
random_2746,MDFFYHITEFQWPHHA
random_2747,KEIIGQANWNRPIYDQ
random_2748,KWFHQVTMFYYIPTFV
random_2749,GADSSYLDFKPQF
random_2750,QQRDWTLDHSITI
random_2751,CGERADLPAKMVFVRVWHGPRNMECKKCY
random_2752,TWHCADVFHMNLKIYCCSGEKWIRKCKL
random_2753,NRPHDHEYWE
random_2754,SHDRNYTLWGPMVLMVA
random_2755,HPNITVFLVWLEGTPICMRTFP
random_2756,NAPMYVNVQIAFENFQS
random_2757,YQIWYQWMTCENS
random_2758,RSDMKYFYQSYEKGQHMLVFIKDGLNAV
random_2759,ENACNIWPVGCNCMVFMRGFMI
random_2760,MWPYRVGVLCHYTAKKDNLWAK
random_2761,YVMRLKRFNMEWPYKPSCFYTQ
random_2762,HQMSPDDGMPNTVWCFMFQQVD
random_2763,GQTCNHLFEEQDGVKKCCSASN
random_2764,TQNDIPFWMVLISNQHCMAVLA
random_2765,HWHNAEPRKPQKEAVNELTCGG
random_2766,AYMSINRHAHRPV
random_2767,MNRDHCDDV
random_2768,GRHYGKRGR
random_2769,MGSTLNHVR
random_2770,TFYQYRPYN
random_2771,EPGCFMNYG
random_2772,VRGIAMMFC
random_2773,VEFNLHFVGSDRYVIVANEGAHAGF
random_2774,SEWGMGQHASQEKWVIRKYAWG
random_2775,IWHDTPFKMNCHMMRDFCQ
random_2776,ARMSDWSSNYKLWDSVSHG
random_2777,TWDAYGTGHYMKGVTWFPW
random_2778,PGGYDIFHVKEQYVFNWPM
random_2779,FGWQEWDHQLHLDYPINFLAGFT
random_2780,DYKVHGYRCHQETPVKFR
random_2781,DYVHISFPCDLQKYPMTQAVIKERLT
random_2782,HTPDMRHVHRHDPRPPFQLDPSGDNH
random_2783,NNIYKMSRLQCLNRLLTKRFHRTTTDC
random_2784,YYQGVRWSNKALTMFVECNFDGPTYTI
random_2785,WWTFTSTMPICHDMGKKMIWIMHQSAM
random_2786,PVSNGMQTWARMTARRCPNTCDR
random_2787,QKPKENAWPGASTGPVPFIVIHH
random_2788,DYKGFNHDSNCVHVKDKVPHHNL
random_2789,NEGKMQCRHWE
random_2790,QSVHVCDYHKHEMQDWIVWNI
random_2791,RCCKIAEYYALAFPLNVYCGH
random_2792,YHHLMRPLACLGVQHDNYLLM
random_2793,YRVPEDPYSEHFNTG
random_2794,HMVCPCVMQGTCTPYWISC
random_2795,QGLLMQFWVHIRVQIHGSCPH
random_2796,DHIHKFASSVASN
random_2797,FFKMRKEKQHEHYVW
random_2798,RSKNRYDMMPMMWTDYL
random_2799,GKSDHLSA
random_2800,RYVKWDMYM
random_2801,AHQHVLSQLWPSDGD
random_2802,PNKTLPEITIQHCNN
random_2803,ECKWCEWCRCSRWWAQSRI
random_2804,WQTYQLYGMDAMICQFPQFSAE
random_2805,REGKWLECAHVCLPPH
random_2806,FGAKAVGFF
random_2807,TVYTIWLNNHV
random_2808,KSNGVQPTSDIASHFMGQTV
random_2809,DHKLWQKTLSFNRRSKLL
random_2810,YTSGDFYSSFSSAQD
random_2811,CQHKMSTYHHIVPHH
random_2812,SNKMTAQGILFHHSF
random_2813,AWRGRDVADITYMAG
random_2814,QQLWPKIYFFRHWWH
random_2815,LQMYCLNF
random_2816,AHCKPAGG
random_2817,DTYMGANTMQNEHKWWHS
random_2818,ESNGFIKWCWGCAKAPYK
random_2819,WAALYSATRHCQKSTHAVP
random_2820,DYCRGNWNPWTHFT
random_2821,CGFSEYGMHIVTKWRRWGNV
random_2822,HTHRVGRCDPILPEGEPSNLGNPENFLVVC
random_2823,TTEAQMHSSNAEIPVCKYCPQCRM
random_2824,TPKTRASMIMESLVVIIG
random_2825,HPQQQGQTMFQTQGGFR
random_2826,WASQPHCTDCMAKVHKAY
random_2827,RRAMEWVCTMDHTTSAFS
random_2828,MMDSLCKMPVQ
random_2829,QNPKGPATKYQLCQQ
random_2830,KTSEKVPGPKMMQCH
random_2831,TWMFQRHPRRKHAA
random_2832,FFLLSQCQWRASLK
random_2833,LQTMEYPATHHTYMMGDDA
random_2834,VQHYVGIHYGDKKHGQNQTVE
random_2835,GDHQMKRKCWKKQVSYYEFITCWQWYTG
random_2836,HACDQDRFAVMIWCKIDTGYGD
random_2837,VPQANYWCFGESQ
random_2838,QMDYIFIGIWISG
random_2839,DICWECCVPQCFW
random_2840,TFDCNNYSQYCSY
random_2841,HLIDGFTWAVWIH
random_2842,TKDTIVSQAVLVIY
random_2843,AECRYHNQMFAADGCCMCKW
random_2844,DHPLAAHDDDFWSWWMDDPR
random_2845,WMLNHWYVSCDHW
random_2846,TNYVKGCDVNPMWTRQLWWKFHI
random_2847,YMIPLKWVEMMHWPHAMFAWHNM
random_2848,AGHYETARS
random_2849,SALSCDGEFSC
random_2850,FFWMRKTSEPS
random_2851,GEMTQHVNHDLK
random_2852,QESITTEDYAMW
random_2853,NHVAKVVKSWIHP
random_2854,LRLEGPLMPISEA
random_2855,TLKKFSVWDNDSYW
random_2856,RGDNAMVREKANI
random_2857,KSYEHFPMPQFHPCHPTQNNDD
random_2858,PVIPPHCGDQDFHHTCEVYESMDGARRHV
random_2859,RHKLDTAFHVWVAQAHQQKLNVW
random_2860,IIKYWCYIKE
random_2861,NQDDRFSN
random_2862,TNQWRNKSDCIATK
random_2863,AWWVYFNHEQCNQYMPFA
random_2864,APYDMHSCKCWIYRLQPS
random_2865,DNKHKVCPTVAWMAIEKD
random_2866,IVDKGATQKCVAE
random_2867,HVNSIPGPDGHFMKAPHHN
random_2868,IMFQNNKDRFGPLCCKVR
random_2869,MLECCSVQPWFYDM
random_2870,WRDPFIEEKMQLGRDFVEPPVDVKFKWTTS
random_2871,ALIQVSQLMYENTQMMIEHCEIM
random_2872,TPRAWHFDITKKHLYDNYYIP
random_2873,YCFDSSLVPGQADMVLSVHKHS
random_2874,TINCIMRVHSRAMN
random_2875,YNFKHEWMWCLVNGFGETQEQYQVT
random_2876,HIKYGWAIHCNMCDYNMWGMIWHQ
random_2877,IELDFEDTGCVEKEPDL
random_2878,DSFYFICTMMAQELSQNREGNDDFNKVADY
random_2879,DWSIMQMDLLSYRTKKWFLFH
random_2880,IHYQNEAIQISQWKVDGIHF
random_2881,CQQAHFLEMEMIRPAMMCWQAPIG
random_2882,PPTADIYGLNLGG
random_2883,EHTDKYEGCRFGI
random_2884,DYMYEVLYELLDM
random_2885,GGFQQPYVGMDNE
random_2886,YKQGNWVENWHTDKC
random_2887,VIEYQLKWWRIYGSH
random_2888,WQHCFGHQVFHNSVT
random_2889,IGQNIFVQKNDRFDN
random_2890,QIEDEYCGPGGSCDT
random_2891,TWSMTNNTMVEWYCRTTQRFLWPNQ
random_2892,EICTDGFTVGNSGCMEISVT
random_2893,GTNMARFQWTYPHPYFYEPI
random_2894,DIVCDYMGTHMIKIFPVQSM
random_2895,APWYRNFYMVLTCVDSSKPC
random_2896,FMLYQIVIRGHICPSCHPQK
random_2897,DQMFRRMAVENQSGDFWCNM
random_2898,TQRQPIKHEFSMAYPYVNKQ
random_2899,FVYSYVYSNCQGVKQMFSSK
random_2900,CTDCKWSNYSRTREPKEDFQ
random_2901,QLYNQVDAPSFHFGFKVRYH
random_2902,CDPCPSRKNNVFTSNKMDER
random_2903,HRFGMGSLKERLFWYAKIGC
random_2904,WQIMPRWDHVCSRLIRKYDQ
random_2905,PRMVDNMFPGHDSDNLQIVEKYF
random_2906,QVGGYQMEWNWMDPQCHW
random_2907,PTLRSSNMDQVCVKLHCG
random_2908,VWTEYD
random_2909,SFKMRNHKLWVRMCKWYW
random_2910,CRFWQQEWTCGE
random_2911,PLLLHSACYNDSF
random_2912,EKYDNHQA
random_2913,DSMEPRMAWSLPQH
random_2914,SPLANRMFTHNDLSQIPW
random_2915,AYGWCVMKLDSSKNDMRSQSAKTAA
random_2916,HDPVPSP
random_2917,ITRCILKKYFQHIREQYFLTCILGW
random_2918,WYYQVGASPELEVTAHAEFLSQEGF
random_2919,EEMTHYYIVWPGMIFWHGMVRHRYH
random_2920,YVANDYSEIVHSDKAGRWVPQSEAN
random_2921,QIQMIKALDEQFCKVQYHPDVAMHA
random_2922,TCLCFVRIHACSWVTRQAVLFNFTE
random_2923,CMQHVMICYVHWTHNCEYKSGLARF
random_2924,KQVGVGNRETWDWKSPQPFNACSIH
random_2925,HCQLFRDQMCIMTIKRMVDLWITCC
random_2926,LHKVEQGQKPWMLAKVNG
random_2927,RLGHQLVMGKSPYDKYWDCEYVLIA
random_2928,GQHVTLMKGLYFMEDPFLWKHSRVW
random_2929,HWAMGGTGCLDLVAHSHMRPDYIND
random_2930,AVEAPTTYSTRGLMTLNWWRDMAYV
random_2931,SRDAR
random_2932,AANVGW
random_2933,WPSKITDF
random_2934,ICNIVAHRG
random_2935,TIINMNWNGQ
random_2936,EHWWPSMS
random_2937,RQPVSVFQ
random_2938,DVTLNWDH
random_2939,VIMWCAVN
random_2940,GAALNDGMTNADNNV
random_2941,MSAYWHGMIIQFDF
random_2942,VSYGNIDEYSRCGC
random_2943,TWANPHGTHLCGW
random_2944,MICESYFLWGKSTNYAKAKKSACI
random_2945,RTTHIWQTLQCGPDIYHRVTAIIKCRPC
random_2946,RRLRF
random_2947,HVDDWECQNDTIFDNHMHIQWPEPHWKSWH
random_2948,PEVHPDEPYGVIH
random_2949,RCCQWNDRSAD
random_2950,MLNDLYWYERG
random_2951,LWYKLLVRVMS
random_2952,CHNQNMHCCGR
random_2953,WAMMRKECHGQWNCHIHF
random_2954,HSQVGYQQGYCEFAKWCDATSESPSYVSR
random_2955,LRYFSWGLSLMKRSVSPVPQNGIGDKING
random_2956,TMTENRRNRKYCDHAEDGELSCENLMIAK
random_2957,SNILDQMIHQNCIMDSMKNYEQWNGRHPA
random_2958,MFGNPQYVPQFWTAKPTVSYLYGAFVA
random_2959,LPTRNMISFCAPNHIVVGTP
random_2960,RWEVMVVPISWGSWTY
random_2961,MGIFYKNESGPY
random_2962,MHSAYFAAQLDPRCDTEHTRL
random_2963,NCACAHFQNQNNDEQQFMGLH
random_2964,DMNYMTGMNISEMYIEPIYPH
random_2965,HEYMEGSYCLIWFAWNQNEGV
random_2966,YEISIAFYTAHWTFLKSNLFM
random_2967,NIDYTCMCPYTTN
random_2968,HEPTGQRWRADTC
random_2969,VTIAKMCRVCERM
random_2970,EVCFTIEQETCNR
random_2971,QHEDEYDTNQEHA
random_2972,ICGYVCRIITPME
random_2973,PFQSNRPCPCCAS
random_2974,IIQSCYNFHKTDI
random_2975,KQMHGWSVGSDAR
random_2976,VGPIKDVKWQIFK
random_2977,MKWGWSRKKKYPM
random_2978,ETINMGHRNQGCE
random_2979,SAGRYGRCLKRMF
random_2980,KPCPHTNSV
random_2981,TCMCPDLEY
random_2982,HWICVQTNH
random_2983,SPNEPYSMA
random_2984,KLIMTMVLKDMME
random_2985,WNPLIDIVGLDVWRL
random_2986,YLVNVGYHLGWDGTRGTEY
random_2987,DHIAWTEFIQPCDQNLFSM
random_2988,GGRPTMVRRKHVQRLVWCH
random_2989,WAVYKSTGAYHRGMIKKDL
random_2990,LEHVMENAVHANNGALITL
random_2991,RTARWAHCLTQDCSWTDGC
random_2992,CLPIFTFQWFRSINRENQPS
random_2993,ESHSSRLCDV
random_2994,DNQAQRHGN
random_2995,QMPAQEESHAHTSITIGFV
random_2996,VNFVEGSSN
random_2997,FRDWDARRF
random_2998,TPEPFMDSQLF
random_2999,PRAMCTSRAARYCHDKPTKIKAYAV
random_3000,ESNFFGMWRTTYCYLDITPVSEPQEW
random_3001,KNTFSMWQHQEKTYE
random_3002,GGRAFRFAGCQR
random_3003,LMGFHVENGEPR
random_3004,PPYGRVARHRF
random_3005,QAWHGWVSTNDK
random_3006,LFWIQILAYPD
random_3007,QPQNMHYIP
random_3008,NQGHKKPTA
random_3009,CFFFMGNAT
random_3010,ICNIWITAK
random_3011,VIAPAEWVM
random_3012,FFDGFGISPICMTKHSFFMYY
random_3013,PLTNQLVKTVYRHSQWNRCHM
random_3014,YCRPHLHWQVMEQQAETEAFTPAIWGMS
random_3015,YEKYAAHPHDKTALWDPKLKQEPRCTEP
random_3016,MFAAQNCPRMIWMMRNDHHPMWL
random_3017,SNSYTKTYDNCWWSEIISHIT
random_3018,QLSTFVHEVQHRYFQEMVAHR
random_3019,FDAFQLEKHIPFYKCEL
random_3020,NITTNALVNQRLEE
random_3021,SWLRTIKKGGGNMNHMHVVITTWSWREK
random_3022,QTWCAGVCVKKDPIDLQRRCYQYIQMEH
random_3023,NMRGMLRWECMKMHPMN
random_3024,TTTHHDLIKKCHFYKAAHRQ
random_3025,ETFMILRYTNTDDCSCMV
random_3026,QYAIDTRKPWFG
random_3027,VYQIPNWHWGYW
random_3028,IVNGIAFLTKHQ
random_3029,NTPDNNEKMPRH
random_3030,LSATRFAMFDYI
random_3031,TMNVATTNCKAK
random_3032,FGMVRHVFGVTQ
random_3033,MDEIFVGLMI
random_3034,FHQAHVCLY
random_3035,WQMSWVHF
random_3036,LSKDVIP
random_3037,QPYICWKHL
random_3038,QVFKCYFHH
random_3039,RCVLLAIAQ
random_3040,ISYNKGDKT
random_3041,TPGVSVHPWMQLSAG
random_3042,RHQGHGGVTPK
random_3043,AMQRLSSIQHWCPMFVM
random_3044,HAPYMMNNGGLQANY
random_3045,WSCMEPDHNWW
random_3046,QTYIYHEHLW
random_3047,NPCFHNFVQ
random_3048,CRNRPAVGW
random_3049,YIKINYRAYQ
random_3050,SYYGTGPAVRDYIPPKDKKRQDSRVCCPV
random_3051,PIRHKIWLTTAGVEFTGILCTMAECPQW
random_3052,NHIGIMPGHNLYPDTIDWNFLHKWVWH
random_3053,DFQYHVKCCIDHDCGDHGAYCWC
random_3054,KLCATHQAQAATFI
random_3055,HLSWEVIHPFNFE
random_3056,CHEFENKDQYFYF
random_3057,DERFVN
random_3058,KHGAHF
random_3059,SSHTSM
random_3060,PNETIW
random_3061,RYALRA
random_3062,VESEIS
random_3063,CTNFWD
random_3064,YWQGGT
random_3065,SSCLFY
random_3066,SLNTAT
random_3067,DATDCE
random_3068,PGVIVK
random_3069,CTEAVP
random_3070,CFKFKH
random_3071,AFMPWF
random_3072,DLKHNE
random_3073,WPYEVC
random_3074,WGCSFP
random_3075,PANSCP
random_3076,IDCKISCWVL
random_3077,QPYFEVTFSR
random_3078,NPWEESFDFTMQEIETLEMAQYGPENNEPA
random_3079,DCWASCQQWFNNNVFMRKPPRMFWGMI
random_3080,IFWILEKWH
random_3081,PSWQC
random_3082,GQLYCG
random_3083,SRWKEVQCQNTCQWYRCIITGKNRV
random_3084,NRWLTTGMPMVPNADMYNWL
random_3085,ADTEPH
random_3086,DEDHIP
random_3087,RFMSQADAATIITGVINTHRMELHENLAYY
random_3088,VLAFNEFSILVME
random_3089,FHRAPL
random_3090,GKEDPS
random_3091,DEMIEF
random_3092,TIIMLE
random_3093,SSMVPAA
random_3094,DSWPYVN
random_3095,YHAHIPE
random_3096,KAIAHNY
random_3097,ENLWFYN
random_3098,YPGICCT
random_3099,DYQLADI
random_3100,DHMRLMT
random_3101,AISPRIQ
random_3102,TGWGLKI
random_3103,CEHCQIQNEAMIMCVDPD
random_3104,PVERTIVHDCFEDMYHGK
random_3105,LEPFHAAPHKDHPWVWQD
random_3106,KFDPVRFVYQLHSWMSVL
random_3107,LDAYTFQSILEKDPTVCR
random_3108,WLIFRPHYNPSLSPVVFF
random_3109,ASCEMCIWNYSQAAGIHF
random_3110,QLAVADGLSFCGTQMRPT
random_3111,HDNACYCPWMPNRYTIQ
random_3112,YRKMILPPFWSLQAE
random_3113,DENKATSFGMLHNQ
random_3114,WEADEYWLWKNMFVSTSY
random_3115,MHHTPFWWHCLARTMNSSR
random_3116,IYLQTQYPWSQYPITYCMQ
random_3117,ERIGDCLRFESKCAMEEPN
random_3118,DVVPKMNMPPPCFVEVCCV
random_3119,CETVQYWQDNIDAYWEYW
random_3120,AYWTYHWDNGNSWM
random_3121,CEKCIWNCKLMLWN
random_3122,MFTKRRGPPPYHCM
random_3123,IAIQHCTEYWGWSK
random_3124,ACVTWDNGPCAMTI
random_3125,SWTGGQQVHQHKEI
random_3126,WYLLSGPYVKQFAQ
random_3127,QSEYEEWGHQELGF
random_3128,HDPHSVQQGNYNHD
random_3129,FDWACWPGQWCKPK
random_3130,TVLCHNNVRPDTTM
random_3131,FMWASVYTLLQPYT
random_3132,IFCMMADPRVLLCC
random_3133,NHVTNHLIKEIERK
random_3134,NQHCKQWPEQNVMY
random_3135,EVCLLVIWHYPGSV
random_3136,WKLNGGMQKCEIHSCHT
random_3137,CHKWLTYDFAMMADPT
random_3138,APQVNNEETKRPGPL
random_3139,PGDDGNKIKVIEMG
random_3140,QDGTKNLPNWSQG
random_3141,NYDYIFRMHMDPHNTK
random_3142,GKDLKNLVHILIMME
random_3143,KHTPNNLNWNYPNV
random_3144,ITQPRDQHDRYCQ
random_3145,ARVVHWWDYVWWEASGN
random_3146,EWKALMLNICDGD
random_3147,SMTWMIPIPNPSQSCYL
random_3148,PVNHAPFSFQWWIYGKR
random_3149,TELNATAFDSMTFEWLY
random_3150,FQAIRGSYAMYSVWNIMEKHHMPAVG
random_3151,FNVHHKCEPHGSNEYTSKPVLHSWPY
random_3152,FSPAFCNGTSQPNRCEMRQINEWYGH
random_3153,WGMRNEFFQDPAQFCVCKGVECTARV
random_3154,LRNQERMYTQAFGKTLLYLYQECAKN
random_3155,GYTVKEWHCTY
random_3156,LPVGLIHNHRC
random_3157,KGYPFWSQCEWGWFIQK
random_3158,WASFGYMQKRGGSCVSL
random_3159,SIVMEH
random_3160,VVVITV
random_3161,VQKPIFNDKHK
random_3162,QTESHHFFTPNQYHNHQM
random_3163,PSQENKDVTVNRGETV
random_3164,RRGDQFVCWECCFQWSHE
random_3165,VYHKSYYEAQI
random_3166,WQWCVQIYFDM
random_3167,AMDCWCRIATQ
random_3168,MLNLMQEWHIKYAECFTIL
random_3169,YQAMDTYVHEPSQDQGLNK
random_3170,NCCARVFQNINYCIVYIDR
random_3171,WNNSSSYKKYECWSDVQSY
random_3172,CMNHYLLSYEGAVCHQYNW
random_3173,TQMILIHCIDSMGLHPMFW
random_3174,TVDAIIYWGEIWQVILIEN
random_3175,VDCNVLFYCTKYAKLWNAD
random_3176,HNKVEEPLSESRAKDHVAT
random_3177,MCAKGVFSWWGETSKCKVP
random_3178,EEMWSQVFSWRVEFEILNM
random_3179,CNPEFKNSNKDF
random_3180,QEMQY
random_3181,WAAPL
random_3182,VEICTSI
random_3183,CHTNLSM
random_3184,YMPDNWLVQ
random_3185,RDEHLHSER
random_3186,FCMTNDCIT
random_3187,VIIQEDWIY
random_3188,HFNIFSDKWCN
random_3189,QGIAKQCRHPK
random_3190,IGKSYWFDHLV
random_3191,KEHNDKWDEMN
random_3192,KVDLDRGQTLS
random_3193,IFKRWDLCGPR
random_3194,PQAKSGFGCDK
random_3195,WWQNWTYWVQG
random_3196,DEPSTWNTRDD
random_3197,IEAPSPQFFFH
random_3198,MMHLAEDFYVH
random_3199,RGCINLDNGKW
random_3200,WQNWCPKTER
random_3201,YTQLPWIIWM
random_3202,MYSPNTWYPF
random_3203,THPHDSDAIP
random_3204,GNKYSNGPFC
random_3205,LMPHFCAGAD
random_3206,CPWNWHDLPN
random_3207,MHAKFAMHKA
random_3208,YFIALVQGQD
random_3209,DWKYKRGSAY
random_3210,SHPKKWAVTM
random_3211,EVSPSVYCLW
random_3212,LVTWEFFFHY
random_3213,KHNDMHLDQD
random_3214,TQIPMLRHQD
random_3215,HTDWYYRFMH
random_3216,SCAVESYYYW
random_3217,LRCGCKRRVF
random_3218,AHDWYEAVAC
random_3219,FCYDGESRPD
random_3220,WDPCTGEDLC
random_3221,TMNRVAMHAY
random_3222,FGALMGTWDCSKLTWCL
random_3223,EAEKNIGMYCDCIACVNY
random_3224,YVREPMIECLYIDGKKQW
random_3225,GDMMWWIQGKSADPNPIW
random_3226,RFCKGWTVTRCNWLACVD
random_3227,KVKLYRGKVVYFKQV
random_3228,MAWWIRRFPD
random_3229,PTYCEDYGIQ
random_3230,SMLVHM
random_3231,LVHKDSFET
random_3232,WNYIYYRKWFPFFHFIPEDCQNKHADWSHW
random_3233,LKVWSMLGHYNYTPYFFEYPLLWGIDVQR
random_3234,NVNLFRIGNR
random_3235,KRFCQGGCMW
random_3236,FARKWWFSNPFKHQWQIR
random_3237,FSDSLPKWKRMAMLTFT
random_3238,FLIGDNRTQALYVFMYYT
random_3239,MWYFIMSLKYFAYLQWPV
random_3240,WTQREKC
random_3241,APTIQRYC
random_3242,PNEMSMNKY
random_3243,SKMVHMLISR
random_3244,AVGWEHFIPAS
random_3245,MCQSQGMKSN
random_3246,NASGERFWYMCIYIGPGPKRHD
random_3247,AYCYWVIFGLEAEHWGELVCFTI
random_3248,WFRQMSVTPR
random_3249,KCSPHCNIWA
random_3250,MHIQTAQARESD
random_3251,KTYACLFPYF
random_3252,CDHWEDWDA
random_3253,KRYINTKKTW
random_3254,RIEVLYRWVA
random_3255,LTQFTRIVVT
random_3256,PFKEFNKEEA
random_3257,RQCHASHCLG
random_3258,AIMACHNCWK
random_3259,NMANWTAYYE
random_3260,CIMFHWSPLA
random_3261,LWNCNPMCDY
random_3262,CFDVAKE
random_3263,EAWQYQDQAPMWRVVDRDSTTQPAQMHV
random_3264,STTNPYHHVHNAAD
random_3265,QGKSCENQWGCYGYCYGMDQ
random_3266,WVSCQGNHLWRQYHGTMEAQTGYAGQ
random_3267,GKSPRIHCPN
random_3268,VDWEAWKGMN
random_3269,FMKARMTANW
random_3270,LIYRLAAHEQ
random_3271,DLMREDGMVC
random_3272,GKNSTKFNRE
random_3273,DYATSHCPRT
random_3274,WKSTVCPSGI
random_3275,CPLEDFLPMW
random_3276,PWMGRYHEFC
random_3277,QFIYAVRGWK
random_3278,TRHHEDMWGH
random_3279,KCGMYYTDGA
random_3280,WRGESASEPP
random_3281,ILDVAVGMQM
random_3282,WSSQDFEWKG
random_3283,SCAAKPPSDT
random_3284,STITERINWN
random_3285,ADDCTGIDGNDPWMGFYWKTIMP
random_3286,MTCGRKCQYGGWEHGATAFHGSK
random_3287,IMKLYQAFALLFSNMEGKGRNEY
random_3288,HGPGAMRTNASRGSIMSKQYWIP
random_3289,NMYNMGGSRSQFWPIPVTGGTTE
random_3290,MYHARSCRPGNTVQALELISKCS
random_3291,RMMPMHPWAC
random_3292,IGLNGTSIEA
random_3293,AVSSTQLSGC
random_3294,QNTAHWQKWA
random_3295,KETCDMPSNF
random_3296,MRPRENTVEM
random_3297,EMDKPSSYKD
random_3298,KGKCFKMYAT
random_3299,NLMECMGCVYLAR
random_3300,YCCQDCWFEH
random_3301,SRKGFPDYTH
random_3302,GYYIPNEGMGLRW
random_3303,SFVMDYWEMSFLV
random_3304,NPHAHRPGATGNF
random_3305,TKVMSNVRWKKMI
random_3306,VPKPTHSFGILKV
random_3307,PKPWFSNFMDSGLWCHTS
random_3308,QIMSGGHWFTKGHKRAIL
random_3309,QSDDTKINPAHYWVRPPP
random_3310,MGHDHHWDVRGLRTTAVD
random_3311,LRWEKACETIIIPCDLTM
random_3312,NCWCFCFWDWHMT
random_3313,RIYKDVQFQMLSY
random_3314,IFKYPKDQCSTCT
random_3315,SEYVYHMCKGWPM
random_3316,GLLSFWVQYLSMCQASHSEMNQPGWWQECR
random_3317,TIYEYSCQITTRILGIYGPFDVMRANSIE
random_3318,RTRASIFLIRYGSNWHDWWCIEYFLYIP
random_3319,NQIHNEQYPNFAWGQVPGSLGFQRPPG
random_3320,TNQGTFSNKWYVDKDSGEQYSMKEKM
random_3321,KVAGFEMVASVPWSQDVMLLAEADQ
random_3322,YWLACMDWNSQAMEDATRSSFIIY
random_3323,WFALRQWDTMDF
random_3324,PKKVIMFHNLRRVLLHFRNPVR
random_3325,LHSHVEWKMRVRFTD
random_3326,CFVFVVQHLMP
random_3327,ADFMDIGP
random_3328,EMYNYHST
random_3329,QYTWWTYP
random_3330,AWEWECSGLMVL
random_3331,MSAFNTEEADIF
random_3332,QQDKFWKAGCAI
random_3333,KCLSKVVEAFGS
random_3334,VQDNMNWPFYVVSGDA
random_3335,ARSSFHNHKDAGMDFS
random_3336,TEQFYMSDINYRQQPE
random_3337,RYMSVCCHGMVMTEYLKEL
random_3338,SKRGGCSMSAISYYMATMRR
random_3339,ASWNRNWYHDIEPHYNRYQSI
random_3340,EKKMYDHVSCKMTIDTR
random_3341,DMCAKLNNKPYYVHKHSPTEYECLET
random_3342,FRECFFTCIL
random_3343,FHMCTMKSRM
random_3344,LNSIMPYQPE
random_3345,EYGNMFSIRG
random_3346,GIIPTLEIYE
random_3347,QIPYQQCVSN
random_3348,NHITRIKAMK
random_3349,RRYDLGLATA
random_3350,FANKHKYIAG
random_3351,ICNNSYGFST
random_3352,CSLCQLGWG
random_3353,MWYLCKPD
random_3354,THMVLVR
random_3355,GGIFIL
random_3356,SPWLN
random_3357,HWELFQKII
random_3358,LIGPGQST
random_3359,PGCMYWP
random_3360,QVKHCWKRSC
random_3361,IIHLWWFICV
random_3362,RCELIHEICV
random_3363,TTHIDNTNSY
random_3364,LSKRCLNCNS
random_3365,LLQCCDTMAE
random_3366,HPERVCWHDP
random_3367,PDRIPGMTGR
random_3368,GDVDDNGIIC
random_3369,RSSWYGFPCS
random_3370,VPSWFYSLRH
random_3371,MGHMQMTQEV
random_3372,QYCLWRRTGI
random_3373,QFTELEWMHG
random_3374,CIFTYAPFVF
random_3375,DQLPKTLAGL
random_3376,HEIFTTKLWW
random_3377,QIAGTGVIYD
random_3378,MMIMTHEPGG
random_3379,VIFQPMSACITSKQMCE
random_3380,TVFHGYCWQTHTPTNCWDLEEKASIKHKA
random_3381,KCMVPHIKLERDW
random_3382,DPPEDFCRHSELD
random_3383,DMEWQNPMGRCPE
random_3384,QLIAQYVCDSNIKVNWQFGHSNYQKMWYKN
random_3385,WDNEAEWDT
random_3386,GQSQVVYWV
random_3387,DFEKVEHYP
random_3388,INMCYKDLH
random_3389,QYNVIGCPI
random_3390,DDRRCKIEY
random_3391,KILMFGGVK
random_3392,DWNMVKPLQ
random_3393,GKQRDHRAI
random_3394,TNMVYFSYE
random_3395,NQFRDDIPE
random_3396,MHIYYHAVH
random_3397,YYPMFKLFE
random_3398,HRDTAIALV
random_3399,NCETEEYWK
random_3400,HMTGDGKA
random_3401,IDKHVAWKLHQYETYR
random_3402,SAVPEEYNYWI
random_3403,IFSISETWDHV
random_3404,LIWKPAQLACF
random_3405,FHPSTL
random_3406,FPITKVV
random_3407,MYNCPKN
random_3408,NSNPCPA
random_3409,PVQGTGLE
random_3410,PFIAVNWM
random_3411,NGIFDWLTL
random_3412,KEQIYVDGCWI
random_3413,GSEQENDGNRF
random_3414,VPSIRWVDCNKQH
random_3415,SCMYLWQALDDFE
random_3416,WCADRYVPSLS
random_3417,RMNSGMPYQT
random_3418,SYFHLELNFPK
random_3419,SSGDIVKWCC
random_3420,QDDFADKRMCTC
random_3421,KENRPCKLDMPC
random_3422,HHHITFRTIFRT
random_3423,LVDVIEEDRCYT
random_3424,WNTMEHSNQHDV
random_3425,QHYIFSEQERHK
random_3426,VDVWSNNQFLES
random_3427,CPSRPTKGGKCR
random_3428,SVIEQNDMHYMA
random_3429,AESTFHFALAAT
random_3430,MNHSQQTSVQFM
random_3431,TLFHAFLDWLMY
random_3432,MMFYQTRVVDAM
random_3433,HVSINCCPGEMC
random_3434,DQMHMSRYDNSQ
random_3435,AKIITCWSYQFI
random_3436,WYVLECPRMKSK
random_3437,MCPNWWIVCGPE
random_3438,SSLMNTPFKMFV
random_3439,LDNFWRCGRHAP
random_3440,QVLTLYVMQQPP
random_3441,EAACTRVWEEHI
random_3442,DVFINGEHEDET
random_3443,PPKAIWSVEHSF
random_3444,EADHWQCGVGTA
random_3445,RASYVYMQTPAI
random_3446,SETHKCEYHLFL
random_3447,RGQPTCNTQREW
random_3448,QIVFPPGIISNI
random_3449,QMSPRSHRWANS
random_3450,PAYSWNASMQRF
random_3451,YSVWQTFQWDPL
random_3452,ECLVYYRNRYAT
random_3453,YAPLHSDHDTDH
random_3454,TGQIPLGTSQAT
random_3455,SAGMFHFYRHFV
random_3456,LPKYYSALKRLE
random_3457,VKIYNNRSMTYC
random_3458,KWHKFAHLRGQNTH
random_3459,RPYRTGMGGLWK
random_3460,TICSWWPMQWPMH
random_3461,FRWICNVDFGRFG
random_3462,YAHKFENGFCRLDKLPPSYQLPFIR
random_3463,MFVMAAMDPDFWNSDLARGAFEGD
random_3464,LHMTIFVHYLDMVKALNEICWNYFFAGF
random_3465,DFLSKPLFDVNEDGVHWVQLDFADDY
random_3466,NKPMPHDFAPHLKHRWGSYCHGLFG
random_3467,VDRFELDRTKFCCF
random_3468,AFTGDRRYHCVESI
random_3469,DGVYPCLKQKFKFA
random_3470,WPKQSHFCEPPQ
random_3471,ATWMSWMMQGMN
random_3472,DVSLYNYSRFAQNIRAPLMEKI
random_3473,KTLAYGSNRRIMWGYDKYMFRAEN
random_3474,DMMWTGMQKDAHS
random_3475,EAHYRGLPLQTAKLKCWTHCKDKL
random_3476,TYWQEGKHMSRHDQMCGSSMVLK
random_3477,ACPTVKVIIKGI
random_3478,WSTIFPAGWQQI
random_3479,QVSMVERYMPHP
random_3480,EGFNPSQGLKKN
random_3481,FQGAARLYPEDG
random_3482,YNTFSWRPQEGQ
random_3483,PNFNWIGVIAVQ
random_3484,QQDWRYGEREWR
random_3485,KGYCGIQYTCIM
random_3486,FPAYGGRQNKFF
random_3487,LAQVPRMGKGNG
random_3488,RIIEVIHHELWH
random_3489,RNWMKHGQFTMC
random_3490,EMTNIYCLEEFL
random_3491,RWRNMYGRPCAP
random_3492,VNVWDNKAVLNH
random_3493,KQQQKPESKFEC
random_3494,DNNWWGAAVIER
random_3495,DQIGMNSTVRSR
random_3496,IKYNETHKGIMG
random_3497,GYWLWRDGPCCTDYDM
random_3498,WKPTYGVEAAFLVLS
random_3499,GKGFGVVMENIKKEM
random_3500,YYPASIYAYHYEEIS
random_3501,GAMCLWDWTNPEASD
random_3502,EKQGYMVGAWGHEHK
random_3503,WPMMSMECFIHLWHQ
random_3504,NWGVDYIGGKCHSTP
random_3505,IGRIWPWAVEHQDER
random_3506,CVTGRCKYNHLINPR
random_3507,ERTASHQMWIAALKK
random_3508,YMDFRAWHTANQFLC
random_3509,GMICIWGQPESFNRT
random_3510,SGMTYIEYPMDIHNR
random_3511,AGRWFYPFNMIMAPG
random_3512,SAHFVLWQRK
random_3513,ADAAYTTSCK
random_3514,KQTVMWME
random_3515,WNWLEPLN
random_3516,SITFATYRGQLTAQT
random_3517,KYNKQVQPNDWWLLWL
random_3518,FCAKNWKTAHIDHCR
random_3519,RRYWLWATVICAYIH
random_3520,IFSSETIYFNKFHWT
random_3521,TRKTMHLLPSLATQY
random_3522,AAEGHHMAVCKFHMT
random_3523,EPEIPACWQHQMKQQ
random_3524,KSMEVSTVMVVRYYP
random_3525,MWMGPKDEFMLILSA
random_3526,PEMRTEIIFDFMY
random_3527,AILGMYAQKKLQR
random_3528,KVNQWVNSTYFRP
random_3529,SIIGLYLPRTEFG
random_3530,LTVAGWIEHNW
random_3531,WHGNAADVPFH
random_3532,EWRQTSETQCG
random_3533,TGDRQIMPTSE
random_3534,SMCTTHLDWRF
random_3535,IGADTIFNPPR
random_3536,ASLRKNGHMSC
random_3537,ESLKPWKWQAN
random_3538,KQVSCWTNMRE
random_3539,SRPIESFHVQY
random_3540,LVVGGTYHWHGGL
random_3541,AEVMEKVEWEQYT
random_3542,AFKFMMELKYIWG
random_3543,AKFEQLAVDGCQPFMTICA
random_3544,SHSDKACCRPFCFHNQQWAIDSESKKTN
random_3545,DDILFWGWPNGLE
random_3546,AKPDYIASLRWCHDV
random_3547,VWHSICEKDAEIWCFMNRFLD
random_3548,FYIPKAYAVESWIESVNRMDPNHIIA
random_3549,YSVVICWWLSCSCYAEH
random_3550,PTTPTNLMINFNLDL
random_3551,QFQNQGWSSEG
random_3552,NSQLTTIKPLDC
random_3553,ECSSVKYFHIIW
random_3554,KMFGLTCQLEQY
random_3555,NIPEIVAAYNYWGYEQHMSNSIQSN
random_3556,CKHFTQNLITNTLTNLWKPN
random_3557,KINTFGTCCPTFMTMHIHNRK
random_3558,GKYRMYLHNRMSCYVFRSPFS
random_3559,KDHKVHSNYNMTLCDWPPMNK
random_3560,FNIFVGGHMTGYWH
random_3561,LIMFRIEYRPCPHF
random_3562,EQSASQCDWRNYDNRH
random_3563,WIVEKTYGDCNVWSGFRQRTMIPVMWT
random_3564,RKINSYTMMTKIRSACCTMFQT
random_3565,NRDICILSWMLWVHMHFMCLKV
random_3566,EGIVHIGYFCDMHPVVPDPVGNSLATFFV
random_3567,LWGAKAIEQ
random_3568,IEACMVNFRSTITQY
random_3569,GTFLNYNIPS
random_3570,PRAGFKNGPHN
random_3571,WVSTHSDKDRVHW
random_3572,RCIEPAWPHYIKD
random_3573,AIFSNAMIWNEWMSDLKY
random_3574,KPNPLVACYMKMAFLTTKMF
random_3575,IAAWCARVVYILTKSKG
random_3576,TNKIHYQMYYCCAGI
random_3577,KTLLHDLDNWHLNS
random_3578,VFQISFWYAMEL
random_3579,AEISHFAFDALAHVEETFFNR
random_3580,EEMDEPPSTWIEENQHWEMLH
random_3581,IYYPYYMCNTVTQLKRNGSFDPKY
random_3582,SYGRSGLMTVWLQVFGGYGDHSM
random_3583,GTCPAMLPQETLKSYKMYHITGF
random_3584,TEDFACKRDRPCRCMTVHCSIHKFK
random_3585,LNNYMGIVGQYNYNHNMGKSMGTAWEW
random_3586,AWVNAAAVWTAF
random_3587,FIQLVGCFKDWRLWYGKPHDW
random_3588,YTIATFRFSFQNVCTYDVTSPAAWFC
random_3589,GSHWPDYDEVNVWLNKSMINRYE
random_3590,YCPIICQWEIYLRNWTSKSKSDFPT
random_3591,QACQCHYKQRDPEYDPQAVHEG
random_3592,SCQCIARLMDLSDR
random_3593,FVMCNWFMNCMDYP
random_3594,AHTPTENNPASLGQ
random_3595,AKAHTPAQGWALTW
random_3596,RIITLNPQYWKCVGCGPA
random_3597,NSVYPIGKVHMIELEHNFVC
random_3598,IMWPQKGVMFKNAIMYNTSY
random_3599,SPQWVDNNAPLLNVPDIGQKYDWVQDHEV
random_3600,WNQMNRMHRHTVMTWEHGFCYNNQHISCY
random_3601,GDEMMHDCYGIRET
random_3602,WPVEHTCAIE
random_3603,LMSMFHPYCIFLSPNVNWTE
random_3604,NDPCVNAWALRLSYFIILE
random_3605,WSNQPWFILGDCVST
random_3606,NRCGISSDWAGDGCD
random_3607,HSSKFGVNEQ
random_3608,IYSQFPMGWLWQKIKRFNHA
random_3609,YRAVHPAFEWFFFPIGSEYC
random_3610,NVGKQNYAYKKKMKFWNAKY
random_3611,EIKQWMWGTSGIHVRDSPYLAAVYK
random_3612,EKSMSSFDNANFVFAWPAQITIRIEKP
random_3613,FTSLNKQCFGIWPGQ
random_3614,HRERSHTIWYQENSLQFC
random_3615,MWHWMSMYAEHTFASMVS
random_3616,CDDDDATTVSTLIVPMDLCLWTC
random_3617,YQQINCPYKISFVKMMYYM
random_3618,NCVITESKFLWSL
random_3619,IVLYVCQALYPLW
random_3620,MINRMKFHSPASFRMKAD
random_3621,HHESKVRAPMMPDVHYHY
random_3622,ERQCGYCTIMST
random_3623,CNYVITQDLIAC
random_3624,AKSCQNGYPLSP
random_3625,KPDFHKYKKEME
random_3626,AVLTMTVPERSPGQSRV
random_3627,SWENYVICMAFIVIHLLMLASPRHP
random_3628,ESGAITGTFHVFRRDWSAVANGC
random_3629,ARSECHKEDIS
random_3630,SWFAHNKWTL
random_3631,LWRNCINIWLMKEER
random_3632,ERICNLYNPMFDC
random_3633,CMESVRSNPTARKYSVGTPDWQ
random_3634,HYQRDGGQCYPQMYMKSCSVN
random_3635,MRFDCTNHCMWGKCSWNFLAG
random_3636,HCEENIGPPRVPTIQRHTEYIS
random_3637,HYFGFNVCWLESPHSMQRHM
random_3638,FLGFEVRFEQSMVPRLVWQY
random_3639,HPVQKRTTQSPAPTEAHVRN
random_3640,ALKPMEKYTLQPNEWIKNVN
random_3641,DLNTRDWNQTAYVICVNPRQ
random_3642,EAVWISSVLGSIRWSVHLLD
random_3643,IADYCVIFIHHGSKMGHWHV
random_3644,VFQFTMDCSWQYWAHEFLAL
random_3645,FRKWGQWEICWSKDRYTLSY
random_3646,KPSVIQASWLPLYCPMFLWL
random_3647,NMCIWGMKQNQNQKCWKHKT
random_3648,MHEWRINGVVPHYQAQEPYW
random_3649,MHSKGPVPSWMECCKSYKKM
random_3650,MWDSACCLCAACCWSTYQQH
random_3651,DMTIDGKIMTSVGICSQPWC
random_3652,AAEYLCLCGPARNCNHQDLS
random_3653,AIKSNHPMAYQSVDYFQRQV
random_3654,TWDYKWNCHGPNPREIRVCN
random_3655,EASQSKNMTSEYQCNNFFAI
random_3656,DSCFHGKMYPMSHHNRSEWP
random_3657,IDSCTCAKHINETKEDMITD
random_3658,QPTREFTKTSRCRKILNIKF
random_3659,QNCTKTHGLDLFHQAGAVHK
random_3660,NKQTQHSKAISWYTCTYVNN
random_3661,EYPKRLLEHPSQEKMNTFWH
random_3662,YLFFPHKMVDDAIFMNHVHF
random_3663,STYPYEWCSLWRAYAGGGFI
random_3664,ESSEFVPLWFPALSSHAQPG
random_3665,RMCHGRDDADKGYTVWYSAK
random_3666,NGFDAIWIFDMRSHQPHNRF
random_3667,NQGIKMRVLDRHRPQAVFVF
random_3668,MEMKDLCNLMWAWESVICDY
random_3669,TRLVTRAMEGIAGNDLCRKF
random_3670,DPHARCPTFCIQVIDLLQVL
random_3671,NGEGIGRTKITFHQTHEWTY
random_3672,ICWRHMVCAQTGVGRKNGSE
random_3673,EGTSFIGRTMHTNEHFTLWT
random_3674,RILHSVMMIPNWHRTVIFDR
random_3675,SNYTCSGPLWWFQRKAPSAK
random_3676,PTPKEHTRPPLNEIGEPLHK
random_3677,RKRDQDSHQYPPHNGQKPHQ
random_3678,DMTESINDWTQDPALEVNLN
random_3679,LAKYMQQKYSPEECTFPLGV
random_3680,RWNFLKICWARMMNHECCRM
random_3681,ECPDQKSSSVQSLIGHPPWI
random_3682,NAHFAHPLRHDYTRINTVVF
random_3683,PLFMRGVFGGTIFLGCDYMC
random_3684,TVAVLWKDQNQGQKSNSWAK
random_3685,PHDAIYCYTRKVHGTLGNNK
random_3686,DTDCGKMYMLTVRMKMMHKI
random_3687,SWYPACFIWGYSQPDIKFKY
random_3688,RMTDTNITVCCLYIQVEPSR
random_3689,DMNLSPIIVLGQAKRHIKEM
random_3690,FASACGHMIEDFSAKSCCMN
random_3691,PRSKMEAERVPHKVGYDKGS
random_3692,NMCHPQIDHRSAYFRNVASH
random_3693,DRIHKERMKVNNQNWATGKE
random_3694,IPINNYVPGTEAQGYMHGND
random_3695,LTYMFANTRYKFRPRCGGHY
random_3696,LGFPSHVPWENGEMNWAVAP
random_3697,IDHPKGLDPQMTRSLNDMIH
random_3698,YVILPLHVDIDRRSDPRDPH
random_3699,KFDWPTTLLKGEPMFKPDTT
random_3700,VWCLVHDNSQYFANDMQRET
random_3701,TWIGPEQPINFYCQHTASLY
random_3702,HDKTNWLRWQEDSNGLPKME
random_3703,NHIMDQMSYQIHYFAKYFVN
random_3704,DETALECMHSDRYCWIWAYW
random_3705,WWHYIVMREALCNTLCMQCL
random_3706,YIELQDKPELMRCCDYGNTD
random_3707,QERDGNYITMRSVKKAHGAH
random_3708,SVPNGRWNIHVQFAIDKMSH
random_3709,MSHKQKVYLTKRGHFSIQYF
random_3710,PRGEYIELYGAMGWGAHKWF
random_3711,TCHYNDSVMYYTHPEFCNSM
random_3712,IDIAQHDMGINLAYFNYCFD
random_3713,TVMCGHERSWDSLALDRQDD
random_3714,EWWNPSQMHSGQYVHSCWTR
random_3715,ISAQCKFWCQGEWPSSCAET
random_3716,VRRKRWPEHCFVMFRFSLLA
random_3717,EIYWLGEDLICDGYMSGQCY
random_3718,MPNVPMDFKQSTFFSHVLWS
random_3719,VVSWIDLAKIPWCYPPKFCM
random_3720,DQCTYSQIKGVVEYPTPITK
random_3721,DGDKRIFCEMLQKACYPPNI
random_3722,MTPDNDSPALLAVSQVHGYM
random_3723,IKNQVPKRQPDHNDPIWCTI
random_3724,GAFQGFSSNDWEGLIIKGAT
random_3725,WWRSSHSEINLYTIWEIRPY
random_3726,WVGNFGMRNHLYRCIQWNIA
random_3727,NIYWEYPNEGFVGKNYIVKA
random_3728,HYWRMTVDMRHIGGIVIQRY
random_3729,KDCNHESNTVQQRQRNNEQT
random_3730,DKEMGDPWSIGFMFQICPYP
random_3731,EWEVDVGIHSMEPMEPEMIL
random_3732,YEWRANRYECPPVFLSNVGP
random_3733,FYCDTWNLKSKDGNWCGQKP
random_3734,HVLGGRDQQWSIATWVLNCL
random_3735,SLVHPCNVFWEYNKTQARER
random_3736,HEMGFRFNAAKAGIFMMKVL
random_3737,KVMMAFFATGNTYAMDYCCS
random_3738,ANKDGRHLPYIPVPVFYDDD
random_3739,MSSLVVTALKNMMKSQQQTT
random_3740,WGDRGGRVNWVALRQKLQYF
random_3741,NAFKVHCHSICEDVVPDKAG
random_3742,VLPYGMHRKVFQAYHETMKH
random_3743,KSLLQAFNKWARLRTDTETL
random_3744,QAFADVNYFYDEGPMWQRCD
random_3745,NPDKRCAYIKSWMPCCWSHR
random_3746,MGKQQPDLMYQPRVQSDQHG
random_3747,SCHCMRAMTRVSGTYDTDAS
random_3748,NAWEWNRPQHHFSAYTVPYR
random_3749,IFRALFEKAAPFWIQTNGGK
random_3750,NESDYKRPSWTANMCSHLGP
random_3751,PKYVCIQMLYQEGIVISNKD
random_3752,FCIPIAQAQSINNFGHYGMC
random_3753,KCPQMIILKVGKMYCCSWTL
random_3754,YFGDGHPYWFQESNKPHATE
random_3755,QSIPWNAQQYWICCTEFERL
random_3756,YILGKADPHAIDHVNGQMHF
random_3757,CNSDGKMCASDRFCKQCHAL
random_3758,MRSEYGSRKKFHTQPQGNYE
random_3759,WTWHVFGIVLMSYQEGPLYP
random_3760,KRLNAESLQVEHGHGCSEKV
random_3761,WDEVASVTNWKWKACGEIYS
random_3762,SGINTEGWEEGAFYIPWWPG
random_3763,WYHHRWIWWDAHVSKDDVWRI
random_3764,VQKRATPADTSA
random_3765,KKHPQAWT
random_3766,HCMFTFLN
random_3767,SKFWDCGEAG
random_3768,SEVWVVVWELLD
random_3769,VWHATCDRWIIGK
random_3770,CEDSCRDED
random_3771,AERLVCWWYWWWWLWLCYAPEPSKC
random_3772,KEKPDTAGYIKAIIA
random_3773,TFTCLPGWEQFLFRAEMGCGT
random_3774,PSTVGPSTIFLDT
random_3775,WTCGWDRVPANHGPSMVFGT
random_3776,PNRYTYLAEKSIYLGIQRKKSDQRRS
random_3777,NPFYQGEAYQVQNSFHTFYEGY
random_3778,VMQYAAYKLAQMIVLISYLPEWLWQNP
random_3779,TDSEFNALNKTSHDCLWSQHEVMCDG
random_3780,VPFVPFIQRWNCRECGVWNPT
random_3781,ACQEMFWRFLMSPYWTHLPFS
random_3782,FCMGPYCMCPHMHTHAWMPVNSRH
random_3783,GGRCWSPPSYPEGCYNDQDEVWFS
random_3784,TELLSARPTKQGPTLQGWQF
random_3785,LWGIQHHRTHHEAPNVE
random_3786,QNNWGSSRSLRQLIEMK
random_3787,HTRFKEWCWLSINAGAGFGA
random_3788,HKGLDFCGDPDKWETGSYFR
random_3789,HDQWQGAVPDTKMEFAP
random_3790,MKSTPDCRDNEFGTHEADEC
random_3791,GVYYFWWMLASKPKNWLYMM
random_3792,YWKRKMEHFDFVRHWRPNVQ
random_3793,HHIRRMWAKMSVMYYFWEICDQR
random_3794,CQLMWEIAFSCSMGPSFGHFQMS
random_3795,GNFVQAVWGEVTPNPTVWAMLFA
random_3796,NGCTAACMKNGACQRHEE
random_3797,KMMDPCRNQVENLFYHERLERN
random_3798,RTWTFFGGLAIPFAFYVHFMPYVCFP
random_3799,FIHATQRTEDSWF
random_3800,QSENWAQDREDEWQHKVIQQLLDTH
random_3801,GQRIAEDTVLYLFKGCDMYETSIQY
random_3802,PDRHKMYWMQIGV
random_3803,RPNEFGFIKTIGR
random_3804,TIFCYHSYKHWLM
random_3805,PETRMLIMQNSQQ
random_3806,KFDMKFPYAQIYWHDRTREERGPW
random_3807,NKAGTELHWRG
random_3808,HTLHNQVVSKCEQYWAQAACPY
random_3809,PINGIIAPKRPEAAQLHGGILVFCKFMYIH
random_3810,SARERLILYEAECPACDHKDKFEHNAFIWF
random_3811,RRCHYHCAWNGGD
random_3812,RHVYMWMQDVP
random_3813,AMMKYSRGI
random_3814,DFTPINWHSHQGWEY
random_3815,EECVQDLEEGEGFE
random_3816,APERVDPCPCHPK
random_3817,LSYVDKKRNENN
random_3818,RYVCQQEGRTM
random_3819,RPLCMTTWT
random_3820,HANKANN
random_3821,ATTLGHTLKMS
random_3822,WFRNNAD
random_3823,DGQDFAEYYWQHWS
random_3824,STMNFPYADN
random_3825,PREPDPEFQIMFLYY
random_3826,HDDDNARLPGHITF
random_3827,TSDWKIMIQHYVP
random_3828,NHIGVGKVMFPY
random_3829,FNTFLFCYYDKGDNWWGEMVFAAWVYDMSF
random_3830,TEKNWQLTQCDYFLYGSNHSCGGYPYSRWM
random_3831,RIITMYDQ
random_3832,CFTRDDNTFCYAHCWMLRTWDDQYYG
random_3833,DNIWEYLCCWVNHMTGR
random_3834,MTMYELWMHGQNLKDDV
random_3835,IVQYETNKHIPFTCVIRATCYLFEDCRR
random_3836,KRASQVAMFENTQPRTGF
random_3837,FHWMLGPHRLMPKQVTEL
random_3838,IYWRKDT
random_3839,LNYIDNCTFY
random_3840,AFFMEPMTCREKGSSNQPSWSVTNTQDLN
random_3841,AIHECQYGDHISRRKVDLENPSDMECHWN
random_3842,ERWPCHPNFQCDPSDFHKWYGTIAIPGVH
random_3843,CEKQMCVYWPQGFLIAKTWSFDKSQTFGG
random_3844,VIKWVSNDSEWQCSTPGTCA
random_3845,NHLRDWFLGPPQARTHM
random_3846,DDWELQFTEVTYDVQT
random_3847,AQEVWEGSAQQDKRGTS
random_3848,FDFRNPRDRPEFQSFLKH
random_3849,SFRTAHHMFSAFTMGYGEFI
random_3850,SPDSPCERNPMEAWWS
random_3851,ALIFEDTNCFTASMSLT
random_3852,SYASWNGSVCVNMGTWSA
random_3853,HMLKIPLWRNQFWY
random_3854,VKETFVDGCNRRSRTPMNE
random_3855,EHVWAMFLDWGKYWQHEWQPRQYEVCII
random_3856,ERRVCMMKMQTDLDTC
random_3857,RFMDMTHWLKDIMMNF
random_3858,VAMNWDPNTCRIRIRG
random_3859,HGDHCFENVHNFIMHS
random_3860,VSSCNSGVVKHMIFFM
random_3861,TRHFNLMGPFNYSGST
random_3862,KQWYDSSVYGEEMRAP
random_3863,NYDHHHQQNRTASSKG
random_3864,GLGHFDICPNIWYRLV
random_3865,RMKHNWRFSHVCWAKI
random_3866,CCIQKQFWGNQECTSV
random_3867,GTDAWDMKTHSEFNKC
random_3868,KHDFMSEAFLAWLVEY
random_3869,PTQADRQWVSNHHYW
random_3870,VQCFFCEFLDEMNYYG
random_3871,FRADDHHHDQHVELLEFPMGFGCQSKVF
random_3872,HKQGPDVPIQWFVLCYQHWIYRKAKMTR
random_3873,PDAQIKWCMWLY
random_3874,DDLFVEVLICVASCSHDVAGHDLGWPHRKQ
random_3875,SLRYQCHTYSIKYFKQMSCDITEFYMG
random_3876,IHYVEWYDQDVTMPESRTIDSWA
random_3877,YEDKWNIGQVWGYCEKNSVHFC
random_3878,MSFHNANYQFHIKAWAHQRGCWQRRGTDQ
random_3879,INRHDWMRMTPIPYAKEVWTPKCVCRAVI
random_3880,QWKDNSAALFNLQPTFWWPNDIS
random_3881,HFTEKYIIYWTHFRAKYDRFNGA
random_3882,NEVAEPVHMQPKPIWGSAEHYAW
random_3883,LGNCHWEACFRQKKKFITFWFRE
random_3884,QAPSRWQINLWALCAEAICCVPME
random_3885,DCCVTCERWMVDKSQQKWPCSLGNGQFGY
random_3886,KMGGWRSFKRQMAYGYRAEIRGVDYHIRC
random_3887,EVDQDMYDPQGMKCSGCSHWIVNLHKPKI
random_3888,ESGQFVQNQAGHDHHGPQQVEIDKRCADR
random_3889,QIKLHTHLLVSHDHCKWDKTITCPHHDPY
random_3890,GPWGSMHYVNSR
random_3891,RATCWSMLVFGD
random_3892,FNRAVQTMNCNK
random_3893,GRLFADKILKDL
random_3894,DRAYQGEYWGSA
random_3895,YTKVLNLAQIAM
random_3896,RDREIFQEECNH
random_3897,YPTIDMRVAVWY
random_3898,GCYWDMDFYAQQ
random_3899,FSLYWHVRKMENHGCTH
random_3900,IMHQGDCGKVSSPCDTV
random_3901,RNSLNQNTAGKVCVNWLSKNCTMHVTP
random_3902,YCLEAMITYGGPPANCVMCDLVHWEMN
random_3903,ASYNVGANQGISPMTYIPYIQHVPCFC
random_3904,RQKKDEGMVEWQDKRIYGMVC
random_3905,VTMITLKTWMGDYIYQS
random_3906,KTAGWDMTHPTRPD
random_3907,IMHGWFDFMD
random_3908,CESTISIQPRDMAT
random_3909,KCFNFVHRVKMKKNL
random_3910,LSYQAEQGRKEGWNIRKAMDDKNADADMLY
random_3911,AGCAYYRFFWGNSQFRLRCADAPMTKG
random_3912,FGLRWT
random_3913,TLQQYAIC
random_3914,VTSMKNSRHQ
random_3915,VVYWGFVVWNRRFIHCVEGTG
random_3916,TPSWYTTTWFCFVPWNKPTAATSKF
random_3917,RFMLFTCGMYEGGRNLHEMASEWEQ
random_3918,RNKHTGNMYFCHDPNCDFSCMQMDE
random_3919,LDACQVTSTMSCDGKCADLRHKWMW
random_3920,VKRLGCFPAIATYPWAVEKTLSWKD
random_3921,HDYRQNKDTISYESMQPNDWKMFIN
random_3922,IFCLNEHSEVWNGRILYKMTRVHYK
random_3923,KSSQLYVDLATFNWYGVQAEASIRD
random_3924,QARHVNLELWNSNNVMFGQLNKGK
random_3925,FQECWLEAIKDPCRGAFYVEMHHR
random_3926,MQGKYHMMFLLNMRKIETYCNWWH
random_3927,HDKPFLAIHVQGKWQYYSFQSNAW
random_3928,LASVFNYEVFLPPDSNNTQGSTKQ
random_3929,FCDANLESMICNQHKPRVQSACWY
random_3930,PRWEWICVEQRFVNTEFKTSEFRG
random_3931,LWYYHVTAARSQERGQSPRMDEAT
random_3932,LMLEGTLIDFLASCPLDDFTFPCK
random_3933,MPDNRVDLAFPHRSFPRFEKPSTA
random_3934,KPTACGEASAIWIGYSIQNKTNFD
random_3935,LSSGRWCQKNIRGWALDPRPFGYY
random_3936,IEDFHGLRPPNVGQQCRSKISRPVS
random_3937,QPAIGMRWGASHHLVHMILLGLWYR
random_3938,EYPMGNIQWFDCYDSVDWTHHTARE
random_3939,LACGLKNVCMTYEWENGTKMLTYFV
random_3940,LDEIIDGLMWRPTQVTLKMYHETGD
random_3941,PEPNFLQSLAKNK
random_3942,GIKTEDMSQSQGP
random_3943,PQGCLWQHRIIGL
random_3944,IFPQWGSGDACRNGWRSS
random_3945,MRALGGHSPCMKTYHIID
random_3946,LIVIQFMVFKKDSVDVWH
random_3947,WSVSQSSYGKEGLKLQCW
random_3948,CYYSYDWHLWKNFARL
random_3949,SEIQHRTTCMCNEMWW
random_3950,CWQADVDKSTTNQHCQ
random_3951,SLDHTEFACIAETDYFT
random_3952,QYALPRLNDYYFIVSYE
random_3953,HQGPYWADMWCNITNNA
random_3954,NVDYRTHIKAFFKMHEY
random_3955,RVRLFNEADTTGVNMRR
random_3956,WACKFWVAQMFLCMFEI
random_3957,QLTCASIFQVQCGHCMG
random_3958,KIYFFGLHAARAPRMWG
random_3959,ENAFLGMQYLL
random_3960,SGICHLELCPMYDF
random_3961,GTHYWTGCHGGNMSLAEH
random_3962,YCPPERFMMMQ
random_3963,WVVCCTHTFWLRKYEDYATPFE
random_3964,PHFLGHRESS
random_3965,KIEVCINYWQ
random_3966,DRSYYWRPQG
random_3967,AFWHQCCPLQ
random_3968,MVPWCGFERMKN
random_3969,EKCRNCNTNRIM
random_3970,RELGRNLKMFRF
random_3971,HYLTLRQKYWW
random_3972,CAWRPIDHECI
random_3973,MHAFYCFTLW
random_3974,TSRIMNLYPS
random_3975,YFQNNSHFK
random_3976,MYGTKVAS
random_3977,YLIDNFMEVAVME
random_3978,EIIKLP
random_3979,QMMEGYYQT
random_3980,GLPKNRTYRLKY
random_3981,AGGDSLCFRHNPYCE
random_3982,DGAGFYEINFDLS
random_3983,YIQKCRPSKPPK
random_3984,IGWPYMPIYEE
random_3985,ACQAMSRSESG
random_3986,TMAESTMYMSR
random_3987,FGMHTWSLWVH
random_3988,HHFNRCNRSMP
random_3989,DNKNQPAGRRALQGAWRS
random_3990,DAFWFMVSHDKVWRIQGH
random_3991,KIKHHCETPVFVLHNWYC
random_3992,WMYDQVDMKIHCNDEACT
random_3993,KHIHQNRHVVALLSPMSM
random_3994,VGQTFTRIHI
random_3995,ESELECMVHSQNAT
random_3996,TEMQEVLVHAAEWTQNEQ
random_3997,AARPDTSSVHIPNVDTDR
random_3998,HWNMSCVYEFLSKEFVEH
random_3999,DQFLIRNHKCEGFTNFHL
random_4000,LMNKHYHAPCGEQ
random_4001,VSVAWMCWICLWH
random_4002,GSNNKGEPRATLY
random_4003,ACYVWADIYCTQW
random_4004,DMARPNEVMPPAM
random_4005,EGWCYGFIAWTVK
random_4006,TEYWPDRVNAMNT
random_4007,GQVKNCAMGSQLV
random_4008,IHCSKGVNCPKAL
random_4009,CQDELPQVMTQRK
random_4010,DDLPMHSHYMNCW
random_4011,WMPGWQSLGFRGWVEETF
random_4012,WNWPYRQEQDDANWKVSN
random_4013,HLLKSKDVNFGAQQFHSP
random_4014,CVMLRAMMMWPVRYSYWA
random_4015,AFFNEKDRGWYRGWPWKL
random_4016,SAAYRFCIDNMWRQYIKR
random_4017,SLEVYNDPESADPRNVWG
random_4018,QYKFVREMTNYDFCKYYR
random_4019,VVHLETFDRHGDEWPRWN
random_4020,DPAEFEWQRCYETPRGVS
random_4021,NRQDWNMWFKHKGIIVIP
random_4022,HFLEKPNYITCFPQVGAI
random_4023,CCNHGEWKSEVLGWRSWY
random_4024,YGPVNWWGLCGQASQQYN
random_4025,TMMRWPWDRW
random_4026,YRPNGGCNPL
random_4027,WRMGKCFHPW
random_4028,MMIFHMENNTLNMPLLFMNRY
random_4029,HHMACIHTFMVTCCDVATDDM
random_4030,HFFVMNNFNNFINQHVTLCAK
random_4031,TMYWVKVLRHQWVAIGARSSE
random_4032,HNFWPDNAENGF
random_4033,IIYGEEPVTHCNP
random_4034,QHQQGVCMPAI
random_4035,AECYTQECPSNWP
random_4036,RNLFGLFQGEN
random_4037,HLMETQYHGKWVH
random_4038,GLCYRQMSKGFCG
random_4039,RELKGPFNMACSD
random_4040,SFLQANLWIEVPK
random_4041,NFITQAGHCPFNR
random_4042,TPKCHKHMWLALM
random_4043,IYQENSKT
random_4044,VVRTCMVTKGFWK
random_4045,WWFEESQLDPMVT
random_4046,HHEPKWTIIWCNV
random_4047,GVKIYAAGLFIDA
random_4048,LSRYNSKMIPMNS
random_4049,WKGIDW
random_4050,FHFFAWNE
random_4051,TFMYQKNE
random_4052,KRIMRNEI
random_4053,LCDKVESRWCYPQI
random_4054,EMAIGYNVLKYDEK
random_4055,DMGNDLYALDVNKPVQ
random_4056,LQGDKQECKC
random_4057,TSRGEFHEPYMPYAWG
random_4058,TPLFKRIAKHTIEHVR
random_4059,NHSGQKLCNETWECM
random_4060,CNWDYPYPVLEIHE
random_4061,HYPDMHMHRLEVAT
random_4062,MCADDTHLYIH
random_4063,YYYGFYFWNR
random_4064,NDLVRCNIQV
random_4065,DDPEIGCDMS
random_4066,SIPFKFCKFSPTIT
random_4067,SQGFRAYMQNFLATLI
random_4068,AGICRSYWAVYLS
random_4069,WYHITPRM
random_4070,NRHFGKDHDT
random_4071,MNDVNTRKNFKNTDPKYQANTNFNRDKP
random_4072,LYERQCQYWKHYCWF
random_4073,MYSDVALC
random_4074,GYTEPPVL
random_4075,RQKCWVHP
random_4076,LNAILHVT
random_4077,FQHAYTIG
random_4078,TGDVIIMN
random_4079,ANAAPRRSFGEVKCVKIWKPEEYA
random_4080,YCAQLWNPSDGMYTDFICVDDIPKQ
random_4081,PIFMSVRRAYLGMNQVYAAICNMRF
random_4082,IFIESGCGQASLARDGFFHPVCFSDR
random_4083,HNQIDCVAGYGDHAMFTKQLYMAQCQ
random_4084,KLTVHQFKRVWFQG
random_4085,DMKVCLCHSWSWNYRHKHYDIP
random_4086,NHCYGQAQLFGWMCVHRHY
random_4087,CALYLLMDSLVVWDHRATMEMV
random_4088,FRGRGADEASMMWDQQASD
random_4089,DKVLKDGGTLWMAKLAKNT
random_4090,HWWADQTMYRMCC
random_4091,GAWDDKGTALQAA
random_4092,DVRWELHYKPMSK
random_4093,FFNVFKHNHYQDE
random_4094,EHIGANARHEFQL
random_4095,RTKNGMCMMQMHD
random_4096,CSVQKDIVVLHKE
random_4097,VKQGQAHELKIGDG
random_4098,LDTPTGVQVQHYI
random_4099,YCTEPRAWPGKRL
random_4100,INNPGSSPAYRSI
random_4101,ATCWSQSGFDSDF
random_4102,FVDPECPKDHLHS
random_4103,RDYNESQMMRAWP
random_4104,CQTWNTHIPMESV
random_4105,PTYQVNKITPFHWKED
random_4106,ERCYQWEAMWIYS
random_4107,YNYRDTVNEHLNQ
random_4108,AYVTRAPMGCDRN
random_4109,KWWCTSGFQDCCG
random_4110,GMYQQRDEMKEFK
random_4111,LGVYDHNTIGQKY
random_4112,QGILIRFPMQIVQ
random_4113,KYGRIVPVWKYQW
random_4114,TLQCKSKEKNCQP
random_4115,HPWMFGIWEKMW
random_4116,TEARLHDRPRPG
random_4117,WIHHPVDSLGKD
random_4118,GAEHEQRRPKKR
random_4119,TVNEKLDYFLYW
random_4120,ELQHKTSIDPDV
random_4121,WSWEYVDTSRGE
random_4122,ASVWCSWWRGIWY
random_4123,PAPMLTWQKFDSR
random_4124,WQTMNEPQEQHQI
random_4125,RPFYYHMVVEVFQ
random_4126,FMNQCRFFHADGW
random_4127,EEPTFSMLFHYHEFYKSE
random_4128,AMQDPKMLGHLQ
random_4129,ASCPNIAELTP
random_4130,TVMWHSFPQF
random_4131,VDAEKGHEG
random_4132,AARCQNFD
random_4133,VCPCSQVFNDWQ
random_4134,NHHNKVMENGM
random_4135,GHKRQQACAE
random_4136,TDQCQMIR
random_4137,KVYCPHFWSRQPW
random_4138,ERTTQDKWFIAEV
random_4139,MMSKPTLGCPIMG
random_4140,FPSGVCMLKGRNW
random_4141,VSGWEKRPGPGKC
random_4142,HDRFNTTAINYEY
random_4143,VNPHIGNITGSMD
random_4144,FCQSTLDSTEHMN
random_4145,TIKYAMSVHVIAT
random_4146,DHWKVIIKRHYML
random_4147,EDNYGKAYDIDNW
random_4148,HTKCVCLWWPSCK
random_4149,ERFCPCPDFNYSM
random_4150,YALGAKWLVRCLR
random_4151,SCPRTVHGRIEDI
random_4152,QCNCKVRYSGEPG
random_4153,HSIMGGISKQELT
random_4154,ATGYIPCYCMQRW
random_4155,YTWLTFPGPMPGC
random_4156,CAAYTFVYQMTDC
random_4157,CIEYPIYTEIFPG
random_4158,EAHDVLPHWYGLA
random_4159,HAAARHEKHCGHT
random_4160,PILAPPMTGNMPG
random_4161,SRTICQGNAVRYD
random_4162,YYSKFDYPLSGCV
random_4163,CWRFQRYLWREYHDIW
random_4164,NDGHQGQWNLYEYNG
random_4165,PYIHRQWIIMWHTD
random_4166,KKNWDKMNANHHS
random_4167,WFMVNMWQFFFCVRI
random_4168,MDEIVLNKKETVDYQ
random_4169,HVKYLVEW
random_4170,CGPTWCGVWTESEKSDNRVKNY
random_4171,TYMMYVVFHVWYIEMKKYCPDN
random_4172,YVNKFGAYNMYKNCCWMD
random_4173,SNACHRVCFCEENDVYMFLPQC
random_4174,QERCTNKLFAMLFLYLQCPDMV
random_4175,WFDQDIQQEPADWYPYKQPIFR
random_4176,TMDWTWGFCEMEPFNWFNAWWR
random_4177,CVYCFMISCWVGKARIGNYFRV
random_4178,GYRNHEEAYECKDPAFQRHGAE
random_4179,MKTHTSWYADPMHCDTCRPKIV
random_4180,EQHRASAPHTNFLCNGWKYQYS
random_4181,ANMNPVKIRISGGFMIWIWDVK
random_4182,WMRRTHISYGKHSIISLA
random_4183,TAECMWFHHDYDFVADIV
random_4184,CHMWVDWLELYPKPSRHA
random_4185,MSTVVRRHTNRSATRPLM
random_4186,ELMWHGSCSWDNHADIDG
random_4187,MALRIDPFCMSFENTFNIH
random_4188,FDEMMYVGPKLMIIIDSEF
random_4189,RPYVSWIPMTGFDHYHGEV
random_4190,FPTMSGDCCIVTNHYGY
random_4191,QLVQEARNYAEELFKNSYG
random_4192,FLCAKCTVWECSWTAKE
random_4193,DVITPQGTDTKPIAWKP
random_4194,RPQEPWHWWKNHSTFFY
random_4195,EGTIQGFLKGSVEHTFLCI
random_4196,IVGAFMCQWWWVCYSPI
random_4197,CKAMIMWFRLYPEMYAR
random_4198,TYQCSAACPVAWLRNPRG
random_4199,RIMSGDPAVLNPTCQYMQ
random_4200,NVNGDPKQVYHYCVRLTV
random_4201,TVSMEQVQTHCHLDLHCP
random_4202,RRADINTEWTNYCRGSPN
random_4203,KTWRDDYERWAKSPEHKV
random_4204,HTITDPPDMHVNDHIWMY
random_4205,KMCQIPTKAFKMWRRFIQ
random_4206,EHALYHVLPAHKCIKRP
random_4207,EKTCLPFFCVGDHVVSF
random_4208,ILLCYLIHAAFAPYSFM
random_4209,DSVYDDCDLFQKQTDHM
random_4210,VLYIAAAGHCCYHKTYNINNYPFSI
random_4211,RRLSMMKICPRQMTVYWRNEPWHCR
random_4212,IDILASGEWRRAFRTFLDI
random_4213,EPQTPDRTTAEEWW
random_4214,RVAFNGGQITEAKS
random_4215,GFFPHEQNDSWRYL
random_4216,VMTHTNHIQARWSP
random_4217,YHIWVMGSWILMGDMTI
random_4218,PQKARSRIHAYDHMY
random_4219,REIDWFVCVDSIP
random_4220,LGPQWRIVTSTQHMPFW
random_4221,MQKTSHEMQSIIYCF
random_4222,YTGSTHQLPATVS
random_4223,HSYRWLQLQPSKA
random_4224,NYHSFCDNHVF
random_4225,VNKETRIP
random_4226,WGGPLPTYDFHVINHNSGI
random_4227,LEYSEVKADWSQPCV
random_4228,KGNNGEARLCRMSQG
random_4229,PSCPWMMYICKRCPR
random_4230,EQEWKANCRLGNRWG
random_4231,GHQIYTATDVDVDNF
random_4232,VSWMLVQSAPDVFCENEWPKTCKWAI
random_4233,FAQGASTHDSFYHEHSVKYQNSLGPR
random_4234,HTFELTWFWVTKHKNQFLMSRGPGYA
random_4235,EVIYATALTNCPIVHQEDQDAGVMMY
random_4236,PCLCLVLIRLFTHMTVEGYSHGIFHF
random_4237,RSRAVFFRCFYSVFIPDRVFMWPRQE
random_4238,GESQTPTCCINCQDTYIECNTHRFVM
random_4239,ETHGFLTWSEY
random_4240,KILAEMDVDGP
random_4241,HTFHTPECQCR
random_4242,HGWQIETEDEV
random_4243,MNECDITYENR
random_4244,RCDISAFGVRN
random_4245,RQADIEHLWEDLWMWCPF
random_4246,YDFNTLQPDNEFAMNGCI
random_4247,SFMIIWWLPGTKECSYFT
random_4248,CYTEGKIIMGRWDH
random_4249,VFGGGSKSPSRRCE
random_4250,IWWFMEIGWSIHAR
random_4251,KQKNDTSCMVQNEG
random_4252,EDRAEIGPGYAIDK
random_4253,GSWWNHHKQVCHGR
random_4254,MFQCIDYEWMSRLQ
random_4255,SQCYCELWTSHEAK
random_4256,QFRELIEFYGLIVR
random_4257,SHQGNIITFYVMVR
random_4258,NERALKCRKKPTFD
random_4259,RKCTHCYTI
random_4260,GEVQIIQFF
random_4261,ECVTYGEKV
random_4262,WMTLCWFGY
random_4263,SIMQVFNSH
random_4264,TAMNTYWLQ
random_4265,VSEPPQWYKPE
random_4266,NLIGMVINPCC
random_4267,VELDMENMRWY
random_4268,FEQEPIYEWPP
random_4269,DDIAFGTSWLF
random_4270,RHVINIACNIH
random_4271,KVKDLRGSWWAWRQNCR
random_4272,DRFPFANIHH
random_4273,AQENQKPDMEHYTWPIPMMK
random_4274,IHLNMMCHELMRAVDAYHYV
random_4275,TAYVAMQAPGDARQTNPLWPEA
random_4276,PRFGKGRNVLTCAKILLAH
random_4277,HKEDYVFWGVICKQMVLKF
random_4278,MYPEGIPHWHMWMCRCVYV
random_4279,KQWYWMGNHYGIWKK
random_4280,IWMYCKAKCQSGMQ
random_4281,HSFSHFAQQDQIP
random_4282,SANQSLTYATKQMNSRLPITMWIRP
random_4283,CGKAQIGTKYSCLVHELPQDTCGKE
random_4284,CKLTLYVADNPIMCMWLAECI
random_4285,LNARCPMPMVNSRRCHMRLNH
random_4286,DPNTALNWMDWADPCYV
random_4287,GVNWYCRAYFKHNRQHW
random_4288,VHDDRAVRDGPDCCRSFLYMRTYWMQL
random_4289,PITPKKTFYEETNLMHWALLMHESGGW
random_4290,LPNMSWSMNRFHSEEWVMDTRVSCTEP
random_4291,WWAMGRLPTMCKAQFDQATYCWCTAWT
random_4292,TYAMEWSWGLCKKVTNARSNQMCHGCY
random_4293,CENTHMKKNKKCSESAIMYECWSQFDD
random_4294,ALQRFDGWYCFRVG
random_4295,IPHDITKMWFQTTA
random_4296,YFKTREIKWPAELI
random_4297,TGYRHNWILFDFEDLKV
random_4298,LQSHLMQCDDHRHKD
random_4299,VFDMYLSEFMH
random_4300,MRCYLAEDSMQPRYGGFKG
random_4301,CSVAVHQDALFFTT
random_4302,DFMKNEHDAHCDQL
random_4303,YNLEFFNRQTWKWAYYLDAY
random_4304,WPGDCEMESMHKAYHTHNGT
random_4305,SRKYTNANMNFMVKWNYDYT
random_4306,RNVEEARVRLSQPGCWFPYI
random_4307,RDWFTPTVVQYNVLNCTCCR
random_4308,RAYYIFRFIAKNDGHDGEWF
random_4309,GCVLWHMIETSTCCDGNCTQRDWKELEYQ
random_4310,PHKSLIEMGAPHWPDNFRSWYMVTWTNCD
random_4311,YFHRGREAFPHMVASCQAVIIKKYEMGCS
random_4312,CNRKPPWTVGSVK
random_4313,ATYEYHQERHHDL
random_4314,YLDALDESLTNWD
random_4315,KPRYPQGNTKQWG
random_4316,LVWQGVIPNAWANPEFTWQL
random_4317,GAMPFIMEEMCRGIMHNE
random_4318,SYYMNTSFNLDTPGFTEDTT
random_4319,AQQHRWGFDGTDECAIPWTRVDNK
random_4320,LWGWFEPKEWQCVDFLTDQTFWTH
random_4321,FGRTVWNGMCGAHKMHALTNDNHNM
random_4322,GKYELAFHPAYKNEFEHLADVEQFK
random_4323,MEHMIWSYGNPLAIPTNKWSVCQNY
random_4324,NGQAVHDAVCYDMEQHLHNDINSNR
random_4325,RIMPGNSMEQCKRRPLWCRMWD
random_4326,VHHWSIGEFHIWRLHTFEL
random_4327,HRRAELKGMSRDDASIAQ
random_4328,RNPLANQMCIVWTNCFNE
random_4329,GDCCVCALFEHKCWARRL
random_4330,TVTVDHRRVGYG
random_4331,VKSSRAFTVVAQ
random_4332,TWYCYKFEEACTLGSKRT
random_4333,VSECDYYLQMKEVDAHPF
random_4334,YEPDPMKHTCDA
random_4335,TGIYINWVLNDKTCQSFGSVI
random_4336,WNNWDQPCMPAQNLNISVVCGEQM
random_4337,YPCNKRMHYWWTFKFQTSLSVYW
random_4338,CWHAIGEEDKYSHS
random_4339,IPHKGDVYHINIRP
random_4340,PEFQMMECLERNI
random_4341,TCYAAFAAKYGWIAFNNR
random_4342,MMLCPDCGNTCEQQHDF
random_4343,CGQRWKWSKCTMFNMS
random_4344,DVIAQSYDISWKWWD
random_4345,FQNHTHRCTRCGSHEMRP
random_4346,IACCHCYCVMDQKA
random_4347,FVSKDQDMIYNVFMA
random_4348,GVNTCKHWELMPFKYPV
random_4349,EYLGLPKGMVIFKR
random_4350,IRQQMPVLIEDAGNKH
random_4351,SDSRFIFYFQS
random_4352,GLQMSFGECLNEIFS
random_4353,WPVRMFSGVFMWQF
random_4354,GLQIHTQTNSF
random_4355,PYIHPAFNCCMWT
random_4356,KHYGFYRWEFYHT
random_4357,DITFDYESSNLGDNSNTG
random_4358,WPRFTWRDHYNMKQTWIEF
random_4359,PDPCWYDVDVHTKWGRKS
random_4360,AQSFYDIFALTITPGSHRQGLQAHRWIN
random_4361,ETEIDQFSSHNTRFYGQCIAKGRHLCAQ
random_4362,IICQFELKSVAEIWVLI
random_4363,DKYNFKQVRISHSDQGE
random_4364,TLTFSSGPPAMMSYPTVF
random_4365,QQVKHSRHQPECLPTDPWCQYFHVCQSVAG
random_4366,HVPSWCTKASHNYNLKCFERAGQCGFQVMN
random_4367,MKLLAINGNSSRKQFHFFKTWIL
random_4368,FMYNCENWMWDQGNQSAYL
random_4369,SPPNVGLVIYQLNGTDNV
random_4370,WDGRPGCMSHWNYAGL
random_4371,AMNNHYTLNAQNRNK
random_4372,CKGATANHVSKYL
random_4373,KIKSGTTADYPPHA
random_4374,TMANRFIQDNKKYFADVSMNPDEELCVG
random_4375,WKMTYMWEGCESQHDDYKDSVH
random_4376,QGTMPWNWCPPNAMAR
random_4377,ECAGHDAIPMGEDCFDRKIQHGQS
random_4378,RYPLWCQCPNLFGCEMM
random_4379,MTDPNDRMEGQWPVSN
random_4380,KQQWKDWHHWYGCPA
random_4381,DEFMKQFQHVDIFH
random_4382,WELRCFMVISEMREHTS
random_4383,GTWWPTNRNPLALLGF
random_4384,FENYMGNHFHRNNRH
random_4385,LLSWIKMVWIQTLQ
random_4386,HLWPGDRLNKTHC
random_4387,NLDLPWAMQKQVAW
random_4388,FKAPVIRFLTIAPV
random_4389,WDFFKGENIDAMGH
random_4390,LGFRWHRLNQEWVL
random_4391,WPDPDGDHVEFHAP
random_4392,PVQFIMERKVMDSP
random_4393,PGCQAPCYMMTRRE
random_4394,YLLQPKTFTSAG
random_4395,VEPDVRMGWD
random_4396,KWPRKPWE
random_4397,NYSAIV
random_4398,TIYRMGDWQCPRG
random_4399,SRATYGHMACSTHAQKE
random_4400,PSWKVRCMYRINKNNLRNDS
random_4401,MEVDYSKQRDKAPFTQVYLDG
random_4402,KAMGYFEWTDIPTIMFQGALS
random_4403,VWHQIAIPFPGHYSNRDHQCN
random_4404,HTAPTWDFPMQIVGGNKP
random_4405,QGHNTYPVITIHLKQQYAPALCF
random_4406,IGWSCCEYDCDVSSAGNPYDEFS
random_4407,NLTKFEHDSRYDENMHNSYTNID
random_4408,YHLGIYFIHWPTNWYREMEMH
random_4409,TLDHWHRIDVQICT
random_4410,TERVSYGSPAHKSVDYQDFPLEM
random_4411,PLIKTYGCEEASEFQCEVHSNCM
random_4412,PCNSVRQYYNRCYKIYENH
random_4413,QTPGTNTPNRSDQSMFHVL
random_4414,IPNMYNQGTSCDLYWPKSSVRS
random_4415,LGMTEQTRITMDTYQVTLTCHT
random_4416,GYKSRITLCEIVH
random_4417,TTWTGYPWAEVNS
random_4418,HDIYNKLNFYCNRRFLPNFCISLEL
random_4419,YNFIKCYYHHLDYPDTHHCMIYCMK
random_4420,TYPEPLTLFMLDEQYSCFCSHNVENMK
random_4421,CMMCHTQKIARKLFKIFDFRHAIDGNA
random_4422,WMMWTLKGINTGMFDQQKICN
random_4423,MRGCRVWVGMQAVRKE
random_4424,QDGMRSCYSFNFLWCHMKGG
random_4425,RKFVYDFQTDDQMVFWI
random_4426,RHQLALNQITDKWPYNTNDMINHSF
random_4427,SEGYSDDMWRNDDIECPGYDWKACC
random_4428,NPWGPKYTQMYATCLTYTEYYHCQH
random_4429,QDSARNGLSIGRDVFCWDGPHWAVM
random_4430,WSEGSNKNHNWYCFAEVSGNHDHGE
random_4431,IPHGLAKTHSYNFIKRSNVMLQDAS
random_4432,YSGGICGVLFNSIDSQPSYITHHSIVLWI
random_4433,INNEWCAHHDIWWNWLRPDHMLTWILLFM
random_4434,TQLNRSFFKVQSCFINQYDLFGKSMWNDP
random_4435,HNDSIWQSWMMCNAFYQDNIEMCSWNIMT
random_4436,SNGHNVWYPFNYGENRPHWETNVEDYAVK
random_4437,AEYHPQKDFQCGFEEKSPRHYRWFVKCGL
random_4438,GYHTLASTWGEFRYMLASQMVPTMAINNY
random_4439,WREISINGECANSRMYQRFSSKMSMREVY
random_4440,CFLIRPNVKWPKQWLPLAYGDVPPCRCKY
random_4441,MCGCAMIEAAAIRCETLIGNEPKKHTKAG
random_4442,YDRPDGGMGVQSTVRCICVIDASGWYWQP
random_4443,EDMQNWSIIALYPKKHHFCELRLRNAENM
random_4444,EELFEPLGMWM
random_4445,ISDPMFMRDNH
random_4446,NWKGEHLTPWA
random_4447,AWMWRQKGHIN
random_4448,NDPDCKGAVKQNLSDATT
random_4449,NYCSVWVWFMDENICQ
random_4450,YESGMVGHPKGMGILVAAR
random_4451,PETEKPILARFP
random_4452,LSSVVSVAIRF
random_4453,AISTGWWIYHDCYM
random_4454,QKTFANIPDGG
random_4455,DQENHMAGTQEIQPVMC
random_4456,NFKQVGYDQVN
random_4457,VDWWVKFYGMCCFY
random_4458,APFEAALVAP
random_4459,STFPTDVQFM
random_4460,GKKGNHPTYVGNMTQPRECEEPLCLC
random_4461,EFAPQRAQKDWCGQYQF
random_4462,KTQVFNTRWMSPS
random_4463,NWFLQINKHMGSIAYQDHDYTDCNR
random_4464,IFPSDRMSYRYTRFLFMYKMAV
random_4465,KSFKAITQTKMKYL
random_4466,GFTYYTIEM
random_4467,FCTYIGDGH
random_4468,YFCPINGMV
random_4469,TFFPMYTNITMKRFQVELSR
random_4470,NFWGLRRQLWHQAPEDRAFN
random_4471,HIIFWNMYAHQQLADVDHFW
random_4472,GVMHKLNPIPIGMECRIRSVRHWVPS
random_4473,IAAMGWWLYSVDQSYLY
random_4474,ERRGSSRRSSCKNQ
random_4475,SIWPECKSWYWQMEMDPK
random_4476,IYRDEKQDE
random_4477,HFMMRAWYE
random_4478,ASKFPNVVF
random_4479,QYMPCYQYK
random_4480,VVTMFFSDG
random_4481,SYMQCKVMVAE
random_4482,RWQKMEINMDKFMIWDM
random_4483,HRACGVQECLQGWNLLMKPLY
random_4484,KTKFWLQSWESPSMPWSPYGWIYASYYKT
random_4485,RFAAHKSCLESAVYVLHYKLWMLMVHYF
random_4486,RIIIWMHCRNAEDFNAAHCEREL
random_4487,PVQGFMEQPLAFTYQMGHKGMNCI
random_4488,IWCSEHFMDYDMACPFTAMP
random_4489,DQDCYNTGYKQVSVMRMEMEM
random_4490,SPGTGKLWDGAWWYWPK
random_4491,SPNASKDSIQTVMVPKIR
random_4492,FMPHHMFGALHHGLEGTH
random_4493,AHCKYWFKQYHTVATEAQ
random_4494,LLMLHCQVPA
random_4495,FPAEASHQMES
random_4496,PKTYCGYWDQK
random_4497,SWGYPFVNETHNFVFIPP
random_4498,DHPYAHFWDGHLNIYYGF
random_4499,GIICWKTICSSMCEYRLI
random_4500,EWCLGRPAFPQAAMFQKY
random_4501,EAMRPVLATKKSDLQLED
random_4502,MGTEREAVEHNFPKHMEAADY
random_4503,TLECKP
random_4504,CVWCINGPDFADWPGRLCHEDEW
random_4505,CAEAFYAPCLLDEVAWLDDCWWS
random_4506,APWNWPPHGAFENWLESDFHGFN
random_4507,RPFDGMHQLPAMSEGKATWFRNCAYY
random_4508,PLFCICEAIHVDFSTETSWDMRTYFP
random_4509,WSQRGNETPQITHDTNISDMVIPYGP
random_4510,GHPFLSMVLCAAMVKPDDWKEKNLCF
random_4511,YGDQNTDGMHLAQQWMMHPFEMNCRL
random_4512,GEQTVMQHNYFPFVFDFWFDMKHDLNM
random_4513,AEIRICKMQTLIFQCKSKYR
random_4514,VKPDYQKVRTGVHPYF
random_4515,GDYFCMAMENATLVY
random_4516,WPDQFQATSVTF
random_4517,VDTFTSDKQK
random_4518,WVGRWTRIW
random_4519,VKVNWL
random_4520,AFRFI
random_4521,HPICQMHCVDYSRGCLY
random_4522,GGPENHQESKYCESK
random_4523,HTLRYREWMLMSIHLIAYASWHNMHK
random_4524,RLMFNKSVADRYAFQLFR
random_4525,EHTHMEGAITAREWECIK
random_4526,EYESCAMGWKLMHQGCEQ
random_4527,KYRKSVNFTGTESDL
random_4528,CFCEKFMKAPTFGLH
random_4529,TNARITAENIVI
random_4530,DQEDVKGKWMKQ
random_4531,ADLQNHRLKHIN
random_4532,KRSCCKNCETWD
random_4533,ASFPAVATDIWP
random_4534,VWGDAHLFCHHV
random_4535,HNGIIFIYHNDW
random_4536,LFKRIFSYDDYE
random_4537,KQFLFCAKCLQR
random_4538,TWGATFYPPVDNDQQWAGE
random_4539,HQQMTQCWSYSIDLMCIVVPE
random_4540,CCFFLYGE
random_4541,CTCFAGRNNVLWMYRE
random_4542,FHYWQNWWYLQTWE
random_4543,CLVFNHTVHYQCLAQFLPGMFLHDWCD
random_4544,CRCKRGKKKVPMFREYKSNRH
random_4545,PQTYLFMAVDIHWPEQDPGESKET
random_4546,SLCAAKLVYNFHPLMNAD
random_4547,LNGQHDEESGPQLMHFYVCSRS
random_4548,LGDEAHGPVCHATMDIAL
random_4549,KSLYFAPCHFCQVGKVPNGYVPWC
random_4550,GPMCMTPRCDR
random_4551,NDWMACSPGDESTCWNTD
random_4552,CRGRLTRPKTMLYPPYRG
random_4553,HSFFGISMAYRLSWDQGG
random_4554,TSVQAYTDGGRTYPHQVC
random_4555,ECLHCHVTKGRTY
random_4556,MEIPPRGTPVVIV
random_4557,TDVINRLFYETRYSPRKMMPWRIV
random_4558,LPNSFWLGNEAPMF
random_4559,VFGHWTTMFEAHEM
random_4560,SSKNMMIVSPYVL
random_4561,GNKQPRPEHIDHR
random_4562,FEIDRIEMPGVSE
random_4563,NDGDCVVFCSNTFWDMPMFK
random_4564,MPPTLRAMLFSHV
random_4565,FQCYDVYQMSVMI
random_4566,RSARTHTIQWLQFIT
random_4567,RWFWRNPLIVNL
random_4568,FDVHCHPHKCDA
random_4569,TATVEAWQAKCD
random_4570,PDETAWPEDHV
random_4571,RPFEDEPCIVY
random_4572,MLPKYVTYWRQANWEALQGQTNVCH
random_4573,LKHCKKDEFPEFCYPKFGTAARGTGFPH
random_4574,IAFNCSGKKLTSDYVKAARHS
random_4575,LKCASEPNVRNKFKDGYEACN
random_4576,YLLCQNYCLINNAMSTNRFDR
random_4577,MHHQEPKHDVFQHQNQREGG
random_4578,DFYDFRLQKMVTSAHGMGMM
random_4579,MEQDANLEQYQDPMVKWIKS
random_4580,LQIHEMNWGASLAQTMCYYQ
random_4581,KAWFGLRQMHCYHLARSDC
random_4582,CGDNVYLMAIAHRHGVS
random_4583,VPHKCWHSWAGYSTLDI
random_4584,ILREVWYQWQGSCRMGINVGC
random_4585,ILAWLMRYCWYGR
random_4586,PTNIKYCDFVRTG
random_4587,MSYPRIQRVRHQG
random_4588,KNTDFSQLQKFYI
random_4589,LAEADSHTKYHYA
random_4590,LQMGKFSPFVTRS
random_4591,HFDVDARTPSLFA
random_4592,HRMCYKVVHRDHSGD
random_4593,LQCDLFWCAFPCGVEW
random_4594,EMITHEVGDQAYGILG
random_4595,HAAMKAGFDMWPWVIHRS
random_4596,YWRGGVAPLMFCLVGDDI
random_4597,HSGQFCKAVRGSGSPQMDNK
random_4598,VWFSWSFIREVGRLEFGTMC
random_4599,KCQRDWFWWIWMPCESACVHAP
random_4600,GMHDCVGLKIFGLEYPDLLENN
random_4601,FCTHNVHGRWKYYIGDSMPDKHQVY
random_4602,RTCNAYMPIIKIPTLAKQQAPYCTR
random_4603,SPQEHALQRWGTYHATVNTTDSRSAA
random_4604,RQLECECTPHDYMMTWMGKNNGWFMI
random_4605,KDGNGWKWIFFQKYCGREFWK
random_4606,RKLCKPGCWHCSYWPPWQ
random_4607,NQQGCINPISAAQST
random_4608,HCYDCIRTKCATKKTS
random_4609,EFQKLQHASCFDRLLC
random_4610,MFYWMKDHILFNCKLW
random_4611,HTVRIPGADESYYDNG
random_4612,WKAGKSVWVLNVA
random_4613,DEAPQFAGKQLHKYCAQRRCRECDEQ
random_4614,VTMFMIGNAMGGYQRDSCFDHSHLKS
random_4615,CMDDDWKAHF
random_4616,NHYWVIPVWNIEC
random_4617,EFFKHPMCVESRM
random_4618,VYEKNQSQKFEAM
random_4619,MVMDQQWKFRDHT
random_4620,LSKFRIWTPTRPG
random_4621,AHRQDEQEVAGHPQIYILCPGLWDIFFFV
random_4622,DEMVTTNDYNVFRND
random_4623,FFVGLKDCHQSPGFNMCYNVAVPK
random_4624,EALTHCNKEPFYKLQHA
random_4625,RCVCMQH
random_4626,SEFFEKYVMMILYFLWGRKR
random_4627,EEGMCSRSKCFCSHIKPI
random_4628,SGITWNAGKMNQENKQ
random_4629,RVCVMHPPVGKEAT
random_4630,DVNMMDPMWGWR
random_4631,ITGSTQYRRA
random_4632,IYDGVPLGDIWDLGKMGYENNEDG
random_4633,WEVRMVQEQPTPCIGGVTSLGDKRQC
random_4634,VWDHPYHPDRRWSN
random_4635,RPHGCTEDYCVDSMLFD
random_4636,SIPTK
random_4637,DAGGKWAVSGS
random_4638,RPAVLDQDHNE
random_4639,CTIHMF
random_4640,WHNGGYKQICKICCGLNMKRE
random_4641,MDNWPANFCERWLSWTPEK
random_4642,MQVMFAKKMIFEAMDIVK
random_4643,PSKHYWMDKMKGVD
random_4644,HLDEDNHCVVQKCPK
random_4645,EPIVSLFIRGDIRYSCLM
random_4646,LYMSMDQKPAMMQKRFM
random_4647,VHNNIQMGDFCKR
random_4648,SDKCYNKEIGILVAEQCQNQEKIWLRC
random_4649,GLINAGTKRFWIFFGFWKYNV
random_4650,DSKFCFAAVRYFPVSANESAM
random_4651,SLLWCFWSWNCGYMTVNDWSQLMDFAY
random_4652,CTTSLDVWS
random_4653,FRRLNNFRTHMCGIAAY
random_4654,LGWAGIDWSIRVPYAFFAIYGGDRPERTA
random_4655,CVPYGCAPFSR
random_4656,RFRNHTTNGCR
random_4657,GYNQCEAMRMR
random_4658,FIEDFWFYPHCD
random_4659,YMSTTPSECNPK
random_4660,SQNLEVIEIWHH
random_4661,EETANVMTAQRD
random_4662,KYMEDKKGCKDD
random_4663,QVAKFVSQYDMC
random_4664,QCPDCINPHCAR
random_4665,DDFTAKYDHHGV
random_4666,HAVATEEWDQHT
random_4667,NWLIIHPDANVS
random_4668,YFVVFIAAHCKD
random_4669,VFHEIASMWSKN
random_4670,NIPIAEQANNFNGSWQPLYFWYDCCKF
random_4671,MNYSCKWHGLSGKWDGTHYYEIGMVQH
random_4672,KWQWWAGPSKAYQYYKGQPKFMHALCR
random_4673,SNCKYDFGCRVARIYILITPRHSCSHG
random_4674,EYNQTTPKCNQAISGQHETHLTKMDIA
random_4675,EQQWQSTKD
random_4676,SKRRYRHC
random_4677,VMCKSVP
random_4678,HGVNSLDVHIMQ
random_4679,NYNAPHID
random_4680,WDWAHYTT
random_4681,AAVRSQTKVEVER
random_4682,CGRFAEPMKDGRTMN
random_4683,MCSRLLKVMENSCAT
random_4684,YAEASMCFGRICWGQ
random_4685,MAFKFLGDAYWFPETW
random_4686,RTDPDTMDTIFEQPDH
random_4687,FMKMAYEAFVFMEVA
random_4688,CWCKWPLYYVSGGWDRHSCWCP
random_4689,WPLIGETHLVIKPYHS
random_4690,VCTQVQNQC
random_4691,MMWCPTVAP
random_4692,QYRDVNKHF
random_4693,YFVWSICAG
random_4694,VHRFCAKEQ
random_4695,NILCSMKGVPSGKWWMYHFTFPMWRSMVEI
random_4696,RSYATEYVVNY
random_4697,RTADDMDH
random_4698,YRCNHIIP
random_4699,IVQHIRSR
random_4700,DACLVCTHC
random_4701,HLNGEWPA
random_4702,QCQTHLAL
random_4703,HPYILQIT
random_4704,SWRLEELR
random_4705,KCPSPLQW
random_4706,VHQTRGGS
random_4707,SQGYEWSCQHTM
random_4708,WWHCCQNMFMKA
random_4709,WCCRWEVDLTAN
random_4710,FGCLLEHFYWMDEWFSAYTWQDFYMT
random_4711,LNNYRRPCGQDDDQECPAVWWMFGPH
random_4712,QDVAGMDCQVEDNCSLWFGNRYRHLR
random_4713,AIWTTPEVGNSSRLMFAECPRMYWLG
random_4714,KCPNYCCKRESNRDVSSHMLKRKPTT
random_4715,QRSGMHDKWYWYNIEEPMGKPFYLMF
random_4716,EHVEMY
random_4717,NGFILYERCDYHDVEVN
random_4718,GRQHVYILTNMRT
random_4719,HGTMVELFMNMR
random_4720,KGASDYGREIP
random_4721,MHLAEV
random_4722,YANWCPIYDDSAAESVPTMPWFMPLRS
random_4723,KGQRNHWVMIREIFDWTGSSHVP
random_4724,QPGDRTGWANQEQNHEMERESITYWST
random_4725,WKVRDR
random_4726,QVMCSI
random_4727,MNGVNCLKYHPDSAMINGAS
random_4728,QTHGKQAGHGAVPVMDPIDI
random_4729,YRPLDGHSECAHGLHEAHVM
random_4730,EATDWCGYQIDLRCAHTRYN
random_4731,LWALNACRGEKEYYPNLRWC
random_4732,TEHFRCTTSNKEYLNRMHN
random_4733,MFTVRDMLKNGDILS
random_4734,VHPNNLLHGVPKRICLPEQIFMRDQDQ
random_4735,SRLYWIVMRVDRDE
random_4736,NCQGQTLDHPDQHVT
random_4737,FHFCLINAHYWTKHENLCTYNVAVISR
random_4738,HCGHVYDVPVMVMQLSISEGNMRPPAA
random_4739,TARPAWGVRVVPTFNQDVFIAFNCEIR
random_4740,RPIFWNFWKIEPGLSRDGPPTWWGLQA
random_4741,HPHPISEWQDAND
random_4742,VFCQHMVDWIVYD
random_4743,GLQAGMPEADRNCQAALEMFYTD
random_4744,INEYRYLVSLNIICSLKVYPANTANEAVS
random_4745,YLWNFQTSMYIMMRYSTWKIDKFNCYHMN
random_4746,HGDLTPIIH
random_4747,RSQVPCRRQ
random_4748,VHFSKISWC
random_4749,EWWQFLIAY
random_4750,RWTMCNFLI
random_4751,NYLYCDHE
random_4752,PQCRWMW
random_4753,RILVMW
random_4754,ADSNPEYN
random_4755,KIHINHMWRNWLTA
random_4756,VLRWDLKSHWGPES
random_4757,IEKHHMGDSKWRD
random_4758,GKQVITPQLVRYSP
random_4759,QNTYIWFTLLRIFAG
random_4760,ILGGTYKPLVHNIRR
random_4761,RWRLSWQMCAYPETD
random_4762,REHNHSRNRFDHFQL
random_4763,CMHMQMKNIVPSVWI
random_4764,WHLQYMQHKCKFESG
random_4765,EELSNPFRCLYATKA
random_4766,MANSFNYTLSIKCVAGVAET
random_4767,FIDDVYCAMWLGSYG
random_4768,HYQPHWQVPFQDAFP
random_4769,WCVEDCAIAFDVPNN
random_4770,IACGFDFMQTYLMTS
random_4771,RRGMPSFVNMIYLLI
random_4772,FDYEHIKKMLWIKFT
random_4773,SIWWGTWATEMKRAP
random_4774,PMDYDLQKLDC
random_4775,AQKPTMKAFLC
random_4776,SEMSDSSGVHL
random_4777,GCKNYSSS
random_4778,HVYEHVPHKQAAGHV
random_4779,TTDPEVQHVPS
random_4780,GWMVAGLNKEFASDNYC
random_4781,SSIRTNIHCCATYN
random_4782,RHVIGGGMFLVGR
random_4783,RIPQWNDFWP
random_4784,QELCFTHPQHSST
random_4785,KSCHDPCGPFPRK
random_4786,RGMAKGGADLNQW
random_4787,CNWWNMDDCEFVN
random_4788,KHQIREKLMLGMR
random_4789,GAMILEPFFKEMY
random_4790,WADAVMPDYRRHLKNSKWAS
random_4791,GHTTCCFEQGPHFQFKR
random_4792,CVPRAILQCAICPKDSIMNKALMA
random_4793,CHRLRHKYYYSGITYSADY
random_4794,ADWIEVQIQEEHHLINVKRW
random_4795,IVNIKEHRGKVDWYMHIHYGPLGDPS
random_4796,MGDKPLETMPMEFQ
random_4797,FYVGDASAWPGALNGIKAVGVEE
random_4798,DAVDNHTHFNAEWKHLRAALPW
random_4799,SLHVQNYDME
random_4800,SFLFMFSWAH
random_4801,SYKYDKSFCM
random_4802,KDNWDHFGRNRCNQWKRASYFYGSYDSWPV
random_4803,SPWLENTLIAH
random_4804,CKWLCLHNTNK
random_4805,CDFDTSIKWDE
random_4806,LTHTGVCCN
random_4807,YFCQFDVPDKD
random_4808,DGQMGNFKYMVFAAV
random_4809,NGGMMPQMRDWIHHTDEQRKPKD
random_4810,ADKYHTEMNLKLVDEDTMRISTPEDPFA
random_4811,ASHNDLETCCF
random_4812,ILWMLFEMQTD
random_4813,SGHPMPGRREL
random_4814,NTTAHWADYWD
random_4815,RSSKAHTCAAQ
random_4816,EQLRQPVDNQK
random_4817,NFMTNRTDILTSTKVCKR
random_4818,PQILVPVEGWQ
random_4819,SNGRPPGHSTL
random_4820,NCNDPKFDCLFWWFVRGP
random_4821,NSIAHT
random_4822,DLAIMLLTQEIHYRPNAS
random_4823,KIIKIFQSGNAY
random_4824,ILAKFSNVAGCGKHNQHK
random_4825,DHDEPYMIKCSAHFFDFW
random_4826,LQKEAGHFIGHYQWEWNM
random_4827,AAQYPRSIRGPYYWIWSY
random_4828,GIFIFHR
random_4829,IDEHTKHEDKHWPPEHHMFPVPRWN
random_4830,LRIWCTHYLEYLICPVCCHV
random_4831,WAGQYNDITNCSKTTDCPAGWCPLHD
random_4832,CWWHWKRIPMHGHKWQEHYAV
random_4833,TMFITWDADGWMRWHGTWVTCP
random_4834,QAFQWHDVVMVTEPWTKFYHEQD
random_4835,EMMISEWCWLISRVSGHAPDDFFR
random_4836,WELIPWITNSEMIIQMLMWNNHPME
random_4837,RLEWETQVDLKMWLGAHVAYRAMDMF
random_4838,ILMYTTMEFYYEVGQYAFYNQDNFWD
random_4839,IHSLHMVDMTTVVQALKHWAENVNFC
random_4840,TPQDSMMYAWRGPIVQRRWVLVPFMYIK
random_4841,YCLCLQYFGWGCWHPFQKQMEVAF
random_4842,REFETYSKPYYQYNGYCPQQGKGF
random_4843,PPIVAGFHWPIWRLYPMAFWKHQY
random_4844,GPDHIMDQKKIYASYFDHRMEQKD
random_4845,GGQVKTAGGIIIDGRVRGSCKLEIYP
random_4846,TFFGDHSLKAWLQWGNNFGKSFWGYG
random_4847,PSNPWLKPRWDTMLEWPDTDPNISLA
random_4848,SARECTPCWNNLDQWYWTQIMIQEVQ
random_4849,HHRIQYLGKCPGAPMWTPIV
random_4850,CQHCERVWKMAYWPCMIAPP
random_4851,INDGEMTRTTDTISIRVMLL
random_4852,DKKCEDCPKKDLVGACVWDM
random_4853,EATVPPVGQGHMRETIEWRI
random_4854,RETPNEHCQKLWATPSAHKV
random_4855,GCYKYEPQDLLGLIGPWIKW
random_4856,GDFVTCVECCFWINFGLGVH
random_4857,FTPVAQCWYNLPRKLRRIIQ
random_4858,YWALFSKYERGLPSLGSASP
random_4859,YHMKVAFCNYKDPPYLYGPW
random_4860,SIRKICQRKLRILMAQGFTH
random_4861,TVLEPWQCENM
random_4862,IYHRDIEMTRS
random_4863,CVLTPQGHCNY
random_4864,ACWFHPSQDHKFR
random_4865,GDGCETVAVWWGA
random_4866,SPVAFWAAYECGA
random_4867,ARWAHGLYPFWCMPYC
random_4868,KDFFRESNQRRTWAI
random_4869,EGFPQKYYPLDYTID
random_4870,KMRPCDFKNCMSYRG
random_4871,GTVLRYNPPNFSEHLDWWTYDQM
random_4872,YTFTTPEPSKIWYSNM
random_4873,STWMADQTCHVCGCDT
random_4874,CQMHRNTMYGYLLMMYWCISCPPDSKVAP
random_4875,IRCYAPTRPNIHQYMYTNQLRYM
random_4876,SPIKHGRLKF
random_4877,SNQTPGKYWY
random_4878,EQNLRWLETMEFAVHNI
random_4879,RVSPCPF
random_4880,LWMQYSKV
random_4881,QDCKCIYQPFHC
random_4882,SIQLKRP
random_4883,VSWICRDC
random_4884,ALDCGWMWCKM
random_4885,YYWSWCCYFQ
random_4886,NKTLNTFLVA
random_4887,WRCCTFVLPY
random_4888,TDGLIMEW
random_4889,IYISMVNNSA
random_4890,RADKSTYGRF
random_4891,NEFEVHTN
random_4892,KPQTSNTMFVAY
random_4893,IYNWETFKENMP
random_4894,FPLHGNYWAWTA
random_4895,APYHLKAMGPKH
random_4896,HIYITH
random_4897,CCMHTI
random_4898,SEDLFV
random_4899,GARTWPCLFANP
random_4900,ADECFCHSAGMK
random_4901,YNEHKRCCASYI
random_4902,IQIYM
random_4903,FESIKSHKADIG
random_4904,RQEGIFDYGMFV
random_4905,YCLTTGWY
random_4906,GPAQASWGDY
random_4907,MFSKYKHECRKQ
random_4908,NASFDVQSIYMH
random_4909,CSISAFIMKML
random_4910,KAWNSLGGQGSIFTSSYW
random_4911,PLVIQRRFRHE
random_4912,MPSMNDCGIGC
random_4913,WMGSVLADRQK
random_4914,QMNCTFDNKTH
random_4915,WFGIYCMWTYQ
random_4916,RWMMKYVKGLL
random_4917,VEWVWTDWTET
random_4918,YVLNMIIYWIR
random_4919,CSTRFCGAYVGI
random_4920,VDMKAYIPLILG
random_4921,NKKHQWVYNQTF
random_4922,HEEEGILKQAD
random_4923,NKVPMCRYQAM
random_4924,HSPPYWKTVYI
random_4925,NYKIRANPENH
random_4926,DHDLWE
random_4927,PQYQAY
random_4928,EMMWRC
random_4929,DAKTAK
random_4930,DNLVTE
random_4931,YEDCC
random_4932,AEWCTWIWSFPL
random_4933,FLPQHHCFGLY
random_4934,ADWNQA
random_4935,TGALLSVFWAKRFY
random_4936,NCAEVHTCADTIRR
random_4937,IFAGWTAKHGGFHCC
random_4938,QMLQASFGMISGLEC
random_4939,MDGGDQKVCDWTMWR
random_4940,ALNMCQRLGVYVDPC
random_4941,PAMTYRMRLVPKGNV
random_4942,ILWEFEPQFCMEMEI
random_4943,TILHNWDDRCFLM
random_4944,GCNDRLRQTGSI
random_4945,HVAWWVINRWAC
random_4946,WESQMKMIHKCMK
random_4947,DGNQVFISWNSQS
random_4948,QDLWNMTDHLPME
random_4949,IQDMHVESRAYTQVSQCFYCYDP
random_4950,WKTVRYSRHYFNWCF
random_4951,YTKLDPGGHDIEMWF
random_4952,HRRDKHHIHKNDEWH
random_4953,STNMIWDNTKLFQDR
random_4954,CGDRPHSNHFPILMY
random_4955,FYQLMINQPKTMVST
random_4956,THDTSNIQDVKCYPM
random_4957,IRLYDGDVTGKKPHS
random_4958,PVSWCGTRFIMMRAW
random_4959,RGGPNMEDSNWYVNR
random_4960,RQHAIWPQYIFTKPIHERANYDSDMD
random_4961,LFYNRRMDEWFQHWRID
random_4962,LVCHGAFENGAACWSS
random_4963,FEHWESLWSWRWIEACIAKI
random_4964,KHDMDHKAQTDPSQIHVSAS
random_4965,QTQSDNYFRASGKYPAMNDD
random_4966,GEQLSCVLHMNWTEPN
random_4967,FPPRYCDSLHMREMPY
random_4968,FWQGPM
random_4969,TCHTTWMVVLLRIHKL
random_4970,KIPHRT
random_4971,IITID
random_4972,RSSWQ
random_4973,QGISMCVQFVSVHQKP
random_4974,DYIAGKSMPQVHVKWC
random_4975,RFIFDRYKAPDALIRI
random_4976,QPHVSFLRRPKCGLYCVVQE
random_4977,QSVNLPWLLERPPNQPH
random_4978,PYDQFKCCYITKTGAEQ
random_4979,KNRCGYKQYHNITFGCC
random_4980,MNIACNQKCMHGHRWSD
random_4981,GMSFPQDGETGSGQIVY
random_4982,PQPNRPLMCFHPWEDRYCYFFQAWRD
random_4983,NVQWPEAVPM
random_4984,TIAEVWNILWCSVEDCLPSGLRVPLP
random_4985,QETSNKAVRPC
random_4986,QRRFPPVDNR
random_4987,LWWFQGFRIPDICKVDMAHYGKSCFLKEVD
random_4988,MVKFGGHFTHEYSERQPRCWQNMTHESASR
random_4989,FTMFHDRNDRSFTAYHEQPISYHQQQAWIG
random_4990,SYCTRPKDNRYTLIWDDDKWPNHYWAFSYF
random_4991,KARYMGDSLFVYVDCHKMINRIQFKRMHTC
random_4992,RLYPEHCHIDTIHIYLTQFQRFRCYKQVAI
random_4993,YEKVAVSFHVEVTQWYFI
random_4994,IICCRCQTVKRVTNIFQL
random_4995,IHKAFDPETLIPPACKME
random_4996,RKELTAWDGGIKNI
random_4997,PEYISFKTFEHGTGFVL
random_4998,WRNVQHWEQLECSVPVDSNYCKL
random_4999,AYVPCQCGIPPGILWAS
random_5000,RVAVVEHNSQSRWWGHS
random_5001,MNTNAWS
random_5002,LYKPDF
random_5003,CAKCKTHD
random_5004,IVTKSNMKIHYAVC
random_5005,SDGIVVAGEDGWVGEPEATYHM
random_5006,EPQEESMGPHA
random_5007,GNVCHSFQAQVMGVCQCWCWQWNA
random_5008,PGIVC
random_5009,LMFWLQ
random_5010,IACFVLI
random_5011,EKERQAMS
random_5012,QISEMS
random_5013,WSLTSQ
random_5014,AFVFRI
random_5015,VFIAAQ
random_5016,FMDQFH
random_5017,LCVDVRCGAMWGEFNNERKLYCTISITHNQ
random_5018,LHASKNRGWVDMWVQMMCSKV
random_5019,LRASLRWINIF
random_5020,PMEQAAQYIWWHDKEHDKETACFKHK
random_5021,RCRVSGFEFYYVCKSGREYE
random_5022,ILHLDPAVMTFQGLDGVYNIII
random_5023,WTTCKENRARWMMADQYEFGVT
random_5024,DRPHQGTMHNSMYLNSSKQAEHRGVYV
random_5025,HFNQMLTRRPITCNIKEDHHRWQMPVI
random_5026,DRAKGKSGCKINQLWATD
random_5027,IGSMWAICIDVLYHSSHKAVNG
random_5028,PYHVNAFAIDIDVGEMPGSLKVNWWTMCA
random_5029,FFQPHTIHEWTAKFIVCAEVPQWTGDMCW
random_5030,ILTGECTWETPWLQRKSNLVDAWLG
random_5031,TKVADYPE
random_5032,MCYRYQMLNDKQPDCDW
random_5033,NYCYGVIKQFEINH
random_5034,AAHDMWCSHSMRIGCTVWTYDKCM
random_5035,TMWRPDKVVYVTS
random_5036,PGFECRYPPKDADRFHNIPIHKMHALTQD
random_5037,YTFCDWGGAMYEMWCNDQDHGCYNGAKTR
random_5038,MVNYHMVVSEVIAAYKTEHWNDGHGEFGH
random_5039,CTEPMIFMDAHGDANLVWEMCQFIQKGAD
random_5040,KGMPEYQCGHNCKYTGDRIDN
random_5041,RDHDNSAQHHLPTSEICPDGANWMHQK
random_5042,NCDHFQLYWSPD
random_5043,WINLTGSNNSEKIGVVPIEPHT
random_5044,ATTVWLYNRNASFNEITNK
random_5045,FLHAEWVPTYNWIINFGPCNQFENRGMFV
random_5046,GKQIKIRRPVLHIFKHWCFCLYYTHHEFWI
random_5047,GTCGSCNIIVMAGTQTDPTSDYQIP
random_5048,NISGPDWSYPKDIKHQSYMVFGV
random_5049,FMIREHELAHPWNWLDNKFYLM
random_5050,WWHAHARYFRMMYMPCDWSSVPQTCK
random_5051,PDDNPVAAYSKEHAICCETNMIEEWTK
random_5052,ANFLMGALMTVPWEGGLKQYEWIKEHE
random_5053,KEDCWMFCSTYWRFRMIVVYTHEIDN
random_5054,HADWTNWETK
random_5055,AVGTNHVCSF
random_5056,NCYSFLVIMK
random_5057,MLRESSDMEW
random_5058,GWCGTKCMPE
random_5059,SMENALCPTH
random_5060,CRKKSYWSYK
random_5061,NDVENWRGLWNYEMWMNI
random_5062,FKLKCQRPGKENWYKIWI
random_5063,YISMPQQLDRRDDMRPEE
random_5064,CASGHQVYVWPFGKNKSH
random_5065,NSDERVAMMFWMEYTGHN
random_5066,HIRGWNLRWILHTCEMRE
random_5067,SIHQTEIWRGCMWMSDSI
random_5068,GDTKNFCLHSNWKVPDKI
random_5069,DEGSLKNWFHWQLEELQV
random_5070,IAREIWAISIEPYPYLGT
random_5071,FGLRNKNWHKWLFFILEH
random_5072,VTMAVQQPLFGWQHICFA
random_5073,LQTIWLTNEEEFKTPFHP
random_5074,QACGWYYYHRAPDKAIK
random_5075,AYASGVAGSQCNPAKDKWFGGA
random_5076,ATNVVGYNQAQEIAYEHCYKN
random_5077,APMVHPPLVSHNAHVMFALHSEI
random_5078,HRSRLNICEARHKNMKFGM
random_5079,KGIHMLQMALLGFLIHEML
random_5080,RYHANDQYAYVQHERQNDQW
random_5081,LHRAHANPELHDQNMTKHIW
random_5082,FSQGYDKGIMCVII
random_5083,GFTIELYERRTKP
random_5084,AYARKWPEVEYIHRAHHLPQHDRC
random_5085,RWHMETHWKNDK
random_5086,VKFHYCGMDHNTFH
random_5087,SERPPYFALCNKKDRRVGAH
random_5088,IAIYQWCLLFFTEYKD
random_5089,FIYVERQYFSKCKPPMC
random_5090,SMWTGYDKTYKI
random_5091,IGFYDQ
random_5092,QWVNSM
random_5093,FFWTAY
random_5094,FNVWED
random_5095,TNSQSP
random_5096,WEFKKM
random_5097,YPGCVD
random_5098,SLPDVL
random_5099,NRFVQF
random_5100,GWTLVKNMTQCQLHQPNGMW
random_5101,YGTRPRWTCIMTAQICNWMVTPFPCQMI
random_5102,RPDYHPWNPCNPYNSYTRN
random_5103,WKHSATCLMVEKAWYCFKAR
random_5104,TILWTLPIRGQSIETHASTE
random_5105,HTCDNFQFILWAPSSCYKDY
random_5106,NHYIAFAVSRDSVPTFNFDI
random_5107,ATARMTLKQIMEILMLHHAWIRHLLPNH
random_5108,GMDCREAWYKNSCNTYVPGY
random_5109,DWNCHTGKHNAAHIRYRREA
random_5110,CEIVEPQKIGGHRWMYNKLW
random_5111,VYQALYMYITICHSRHQWGH
random_5112,CFSYEFFWKAFEYECDIVTW
random_5113,GGNQSHTL
random_5114,GWPEQYDRATSCREHQDW
random_5115,YTYPFTQRTPN
random_5116,FESQYMWAKQ
random_5117,VPKEPKQCH
random_5118,QTMPNQLL
random_5119,NEFFQSV
random_5120,CPVPDR
random_5121,CFRCGVN
random_5122,PLMLQS
random_5123,SVWYMW
random_5124,WTTWV
random_5125,EKKMQ
random_5126,HCETRKCQNFYTDNC
random_5127,GLKNACRRFCIQ
random_5128,ERHWWKGPNMRAMK
random_5129,YPECGGEMYVNAFWESAQCIFPP
random_5130,INVITKFDYQPWPDYNSW
random_5131,KTFSNFHAIKV
random_5132,AQDGQHYV
random_5133,FAYCGGFDVYF
random_5134,SNGTQDYRHYMCYICY
random_5135,HFDTYPPRSMMLYHHRKTG
random_5136,TEHFSCWCAFQEVWLWGWMHVP
random_5137,QYWAMDGPHEYSSNPDNGGKFEIQFHH
random_5138,LRENFEACNEFWKNQ
random_5139,WQDIRKPAKRYFWKYKLINYT
random_5140,GENCYSLLDKNQYRYFAEL
random_5141,SMEIDFIDLMFFCAQANEAGWRK
random_5142,QSLNQMQGRCYVTLAVPTQNEWA
random_5143,YLCASQNLTVHM
random_5144,NDHCRRLPNRPI
random_5145,EEVFLGREWREN
random_5146,TGRIWHYKHGFE
random_5147,VDMKPNVGQGHC
random_5148,YPWYHTWNNSGS
random_5149,QCLNWCKEFAEW
random_5150,FSMQCEKHVIGE
random_5151,ECCACPRGKDSAL
random_5152,QTQQGFFATWQV
random_5153,KHSEGVWAWNVP
random_5154,TEDNTVWWALCK
random_5155,SQNYSRAANAHC
random_5156,QELWGQLPTKVN
random_5157,ENFGETVIEHGA
random_5158,FKWWYLVFKTKT
random_5159,VYLFYQNPHKRW
random_5160,FQAEPLDDERVQ
random_5161,WMTWVGASYISK
random_5162,WAYKANNCYLMKGKQFKAMMDKY
random_5163,RMLQGVNNWPGEEYC
random_5164,APLTDLDGEFF
random_5165,DQHQHMENIVC
random_5166,HYSSWPSMP
random_5167,MLICFLQDDL
random_5168,ETSPFMQAKANK
random_5169,LWVWKSCARMWAVN
random_5170,AEHCLGFCDRSGGGDF
random_5171,SGDNCEPEDPNLCHPQPLSITTPAAV
random_5172,PTNLWNVDKRKF
random_5173,EELDPDVQRMNM
random_5174,QTPWMVITMSLY
random_5175,AKYEDPDHHGFP
random_5176,YWGHGNTETCNN
random_5177,SLLYLTSPLIKQ
random_5178,GIMVPICPILMY
random_5179,NPRRFDGEKLKN
random_5180,GIEDTQEMII
random_5181,FKRNLYIMLV
random_5182,HVWRFEYHEVDFN
random_5183,IGIVISIFRSP
random_5184,IQMPICY
random_5185,FGNNHHV
random_5186,IWMNV
random_5187,YKQYLS
random_5188,AAWIYCILWFRCECERLTVQ
random_5189,PQVNKMPLVIGANPC
random_5190,PWKRQYIVMHAENDQ
random_5191,SHAHAVDIYLSDL
random_5192,IIFGSWDMCCCY
random_5193,VEPPWQDASHVC
random_5194,HCSWKNWYKFTP
random_5195,GENFNEDAAYTQHSQTDSCG
random_5196,LRSMHWPQLSTIWRKWYYVL
random_5197,IHSSHTGYWMEWPHLRQMHW
random_5198,PYYPLMMWQGFPWGAVYQRL
random_5199,MSINKHSPSMLS
random_5200,HTDEKFESPVNR
random_5201,IYHYFDSYGCAI
random_5202,CTMHRPWNPYCDWMW
random_5203,CWLKLTSANCWPDTL
random_5204,ELGETRPGIDFANED
random_5205,CEGQDAKHVFFQVTTGG
random_5206,WMGNVNHKDVAFTQKDR
random_5207,WLDPSTWIEWIIMVWHL
random_5208,SMTLQCKNYYDPHTDSPKNDKKNWTLQ
random_5209,CQYIGGKEQARTADNKYTYMWCSFDVI
random_5210,YLREQSLREWGCLNRPFRCFYHQS
random_5211,YFCDKDPGPNRKTWYDLIHTFWIA
random_5212,YMSMWYYQWHLLPSFWPKIPWSNS
random_5213,QEKPSVHCIDLFRHQVEHMKRHNW
random_5214,PFWPPWPVHRIFDPGMKSCSNSTN
random_5215,DPCPWAFPTTHRWDYFREDDRMDL
random_5216,MGPHEDLCYCVPNKDIQVMGGVNR
random_5217,EMKGILMMCHYEWRRSHCDRMAQV
random_5218,WMFVRQEHRLKPWSWGYMWAHHVE
random_5219,QDTYFCITYPINVEGEASTSHGLE
random_5220,REIFQLGDLMTDMLTTINLNTNCR
random_5221,LFSHQAYVLGDWMTSSIIHSEKKR
random_5222,DLPIHIIQGDDWFGKGAINECVFD
random_5223,DVQQNTREAVCT
random_5224,HTDENPLPNCTK
random_5225,LDKIHNNARNRG
random_5226,LKPQGFHVWQPG
random_5227,NRERGVFYGCSV
random_5228,ELCVIKGKSDQE
random_5229,EEVICEGTMHMP
random_5230,YDMLVPYATIQA
random_5231,CLPIKMQCYLIK
random_5232,YAQLIAGYNWLA
random_5233,CRTDALSGRWGR
random_5234,IVPNIIDKCDWV
random_5235,EWVPERHNML
random_5236,CATKIYQCNP
random_5237,NLADLHCKAD
random_5238,ESDMWCRAAYVC
random_5239,SWADGYLWDFTI
random_5240,PKGTHVANYKCC
random_5241,ICNQWCRFNSPE
random_5242,MKLFLNWMVISA
random_5243,QSENPGQNLEHH
random_5244,IKIPPMNSSSMV
random_5245,HGDYIDNDLHQP
random_5246,GEYEGDAHQWIQ
random_5247,CYLVHFDCSDIC
random_5248,CARGKFNNACAT
random_5249,MFRRITKIDMMA
random_5250,RIYVQAYSWWNH
random_5251,VWTRMWKRLFEG
random_5252,RVARMWYLQHFA
random_5253,HWSCDSYTHPCR
random_5254,EYGIGVT
random_5255,HRVINNHAVLPRQITADYIP
random_5256,QWEACCCQFQIKMAGDSIAQ
random_5257,KMRVAIKIYSDNSCSTDPFR
random_5258,HERMPMCFQASGYVWFTQNH
random_5259,HWMGLTVGYKQMWLLNSWKA
random_5260,WAYGRYLKDNQGKDSLWNSF
random_5261,PKAADLAHGNHQHFAYTDVQ
random_5262,QLPFPMVVKVRIQHPVTMHL
random_5263,QKARLNGWIHTKMDQISYNY
random_5264,GCCFDWNRGVKNLPPRKFIH
random_5265,MSNVVFFRSLGRVTFYEQHP
random_5266,YMSMQCEQGHMCYAAYLRRH
random_5267,TDLKSHSVHNFDDFIISTQD
random_5268,IEDAEGQCITTVPDCPWCSC
random_5269,CSHIHATWCQGQNMYYCYGNVPN
random_5270,TMPCVHPRDRFPVYLPTWVLLY
random_5271,ACHLVINDTWWKIWASQSNTYL
random_5272,NLSYEHNEDLVQQKNKNEYFSGLVANVHFR
random_5273,IGPSVAQQTMDAQGNMERYWGIVDGTMN
random_5274,RRDDFCPSTKCRHRGLICS
random_5275,ADYQENQTNIAWKQATTFRWRCWVTQWASL
random_5276,NIHMPIPTILTMMYMLRNKYQRELFLQHNV
random_5277,HNAGKELCYGETVVYYTNCFFFFG
random_5278,NACREVAFLTDMQQKFIGLDDWTC
random_5279,MMGQTHWVFWKPNFCNRGPHSQHG
random_5280,QIYYNR
random_5281,KMKGPFGEKRGMVIHSHASCPDF
random_5282,QIIMWIAVYCVDGSADRGHQ
random_5283,GNLFMEGMGCKGFC
random_5284,PSLETRPGAFCPRSQNESFKG
random_5285,GFNHMALKELGNWGWQWGW
random_5286,HLIMEVMHSTREIPFPQ
random_5287,ARVKTMVYVWESHCI
random_5288,QGKYENDSLHQRYFEHGDIFMGSHDS
random_5289,PQIGLQMPMRDFLNNQTRAESD
random_5290,PKDWCTGPS
random_5291,VKYTDGPGWNGPI
random_5292,DANCWIMGKECWW
random_5293,DDDCCDQDLQYLQREYFFS
random_5294,IVAWVRLQD
random_5295,SLFDYYKME
random_5296,FSQTTWKAS
random_5297,SAHHKKICC
random_5298,HKRDYARMC
random_5299,CSSGWRTYK
random_5300,PHKISTEPD
random_5301,CKQRPDYIV
random_5302,HMPQVGPRYKKSFVQHRI
random_5303,IIVCVVMAD
random_5304,LRQNDINDN
random_5305,IQCMWVLEN
random_5306,LHEGWQADYFCRTVVWYY
random_5307,CHYSMKQPERPITHRITP
random_5308,LEDCFRKCV
random_5309,PKMNDWPEEEDKYFIWEH
random_5310,SVVMIYWGA
random_5311,LPSPNNTEN
random_5312,FKKGGPTCG
random_5313,GCQGSTNFWYTH
random_5314,YGEKALWHN
random_5315,KFWSPREEV
random_5316,SSKYPVKLL
random_5317,NQVYMPGCR
random_5318,PKKIPSPIN
random_5319,RSARPRYMI
random_5320,QTMMPDGEI
random_5321,VCLWAIGCH
random_5322,WKGDYYMQQ
random_5323,EQCRFYRRE
random_5324,VGVVHKVKA
random_5325,YLCGIFWGA
random_5326,WTANESGFS
random_5327,YQRNYTAFL
random_5328,TVDGRMLLG
random_5329,VYAHGGRTEWAC
random_5330,WCFFSWLQHNIC
random_5331,EWWGEKKAT
random_5332,TWDHAMDGQ
random_5333,GNHEYTKCR
random_5334,DFNVFGTVD
random_5335,CRNAFDSSA
random_5336,QEHTSRCLL
random_5337,LMIRNNGQQPWATTMNLY
random_5338,TKMMREWMAFCGSSINNE
random_5339,WMYEWQMLN
random_5340,SSMCCHNMS
random_5341,MPEATKFDHHNQLITLMV
random_5342,NSVWWTWHCGESYWIRRW
random_5343,SKSFAYKLVADH
random_5344,YEGVIGGTTWYD
random_5345,TTHFTMCTFMLS
random_5346,IDTWGCSLGFKQ
random_5347,HYYDTLSPYKTEKCTKAVGHTI
random_5348,SCCHSCEEEYMSMNSVYANTQP
random_5349,YGAVRDWWAVQWLWASVWDDDQ
random_5350,SVENCDWKFQFM
random_5351,ISPKPIKQVGSR
random_5352,GDDREIRAELEC
random_5353,SNFCDHGVYE
random_5354,WAYRNCD
random_5355,FWKTLKHRDTCWM
random_5356,FTWSISIWQMHS
random_5357,PCECKTDMYWNH
random_5358,EKWCLSGWLEMF
random_5359,WPRWQTLRGWIV
random_5360,TRKKTGYMEADY
random_5361,AAFNLAAQWCDHDTF
random_5362,WKWWFQCFYLGFDHH
random_5363,RKVYYMLGEWSRVWK
random_5364,LQPHTAYSKYPDAWM
random_5365,MFEPYTDREYTDQVF
random_5366,YQHQKRFTLHLLNFS
random_5367,EVEGHYYRVRVGSIV
random_5368,YRHSIAMNFEWCIQKHDHAMYGNFHD
random_5369,NSFTSKETDSKEWCCWTQSGS
random_5370,NFWPWHHQNCKNNIHITGHTW
random_5371,KELNHMVRTICMSVYKEVKKH
random_5372,KKYMMNGTRRDKDANLDRLMP
random_5373,IQIVHGGQCWGPWSQAKNSQY
random_5374,SAHMPMFSAK
random_5375,KLGWIIKWLEVPTF
random_5376,VIEMTHISQEILKETD
random_5377,CIRLECTSAGYDIYKT
random_5378,NWLMGKAHCIEWCMNG
random_5379,RCNQLRKWLCMKWRRG
random_5380,KYEVGRWAQMKSLIAI
random_5381,PERGRCCDPNRYHWKFLDDSG
random_5382,NPNQSWPCHMQGDTCFYSTYN
random_5383,MSNGLYYMCDNCGPRNLGRSG
random_5384,YAWSEESLTLWLIMHKFVDHY
random_5385,RRICYRHTPIFEADCFGNDQ
random_5386,GQHEPYASEWQYG
random_5387,EGFARNNYQATKW
random_5388,FCTCECPVYSDGG
random_5389,WVFFACHKEWA
random_5390,PKLDIWGFHYHMLG
random_5391,EKSGTIYF
random_5392,CHIKCIMYYY
random_5393,HRNGQRMCIQVWNDSQVTRGQN
random_5394,VLAYSTQHMHYPMMWDFIKQID
random_5395,HARMSDNTKGLPWVMQSATRVM
random_5396,TTFCLPVHDFGNLGHMCYEADL
random_5397,TFLCMQKMPQIREQMAHF
random_5398,VTMCRANGFVCLTVEC
random_5399,ESACFTWWDMKCVSWALMA
random_5400,VYRVYRRDCPFQCIDMLIT
random_5401,YLSLCFDMFR
random_5402,WLVTMDFRAG
random_5403,FLFGQLCYWMDGGIYVFVELRI
random_5404,PYTDGDAYFNGCWRMICPLKGM
random_5405,IHFNAQEHWARVDMHDFKFLYY
random_5406,MGLDEDVTMNVQYHDKMLVCGD
random_5407,PIRQAYPEKNSACPMYYVMQPD
random_5408,FPYYYLWTEAVKFHDMETPICNAHTK
random_5409,IIIGIHITNAWIEYYQGQGYNPMDKG
random_5410,AGQNVTYLIVLVMTPAWVKEEPMMFK
random_5411,MWNRHPLYNYKVHCKKAMMKHVQA
random_5412,FHPVQWPVMYQADTPHREQKKF
random_5413,QACAIHSKWGQHNVDQIFCYAS
random_5414,NSFMQWTKWHFDYWLCCFIQTY
random_5415,TCRWVICNHQDDDEWDRQTIYN
random_5416,IHMCFIVSYYWSNC
random_5417,TYYSIANRYYKF
random_5418,PANDGEPPTEEWWRQANL
random_5419,IKTCFQDMWLHGWHFWGDDNMLTWLYPM
random_5420,AAFKDRAAEFGGDQTLDGTKAFEK
random_5421,KYCIHDDKWVTICHRVLPVRA
random_5422,SCCNCNWQVHTFG
random_5423,DFIPGKCRSDVA
random_5424,MDFCVFLKTFRIG
random_5425,FMTCYYKHYLFYM
random_5426,IFLEHQHVWDTVH
random_5427,QNFPHFCKHTTSAMRQCPLHHPRQF
random_5428,DVYSVYAPRWFSCEVFAYTEPLLDQ
random_5429,AGHSRSGEAVKCKHNAGMRAYNDQE
random_5430,KGRHDNLYYHTYNNIRGRCMCKEQH
random_5431,HVFLWAVHESHQCYKTIMMGSCAEV
random_5432,MVPQRLTAAHYTPHFIVSENNDAPT
random_5433,RRHNWPPTIPLRIYGKLRYTMVNQY
random_5434,HPPRAYKMCINPECDAGHGLISWGV
random_5435,GTGWPPHFWPCIVGSMIEFWCYWM
random_5436,ENMCRNNQMGEAITNMEKCKTLCCD
random_5437,TIHFEGRVAMLVKGIEFWPQQYKNA
random_5438,SEESNELNSYPGQNYEYFNEYVFHA
random_5439,AGCAFNLTTFASFTWTYWEYIYSQY
random_5440,KWFMHVPTEEWLAIYAKYTYMNEVT
random_5441,KRRQENRKHELSAHQWESDHKANAN
random_5442,DLCGCVETAVWFKQLCYYYCITRRF
random_5443,WERMCEDSMITHIAVFMDVLIFDAQ
random_5444,HYQMFQQCFGGTQWLSDLMQQCIWG
random_5445,GDQQCMLSYDMQQLIAMTKHCYNKC
random_5446,ALYGICMIGSGAHMSQEGDPEECST
random_5447,TYMSHCYNQMTEEATFKVTVRFILC
random_5448,NGSKMSHDTDKAAITNVYPKTFNRP
random_5449,VSVVTRGPHHDHPLPEVTNPNIGVW
random_5450,DTLNVVAIFNLDTRLDDWSAFTSGM
random_5451,VMRYDWTANDEFHNHPMSSCNPPWF
random_5452,QDCCWRTNFHMRT
random_5453,NSNSILDPQSCLRHS
random_5454,PIKCTGNFQ
random_5455,ILVWYYKAWAN
random_5456,CCYPHLEENA
random_5457,VVKRCGTQFKPWQWEW
random_5458,SPDRPDHMLGYQNM
random_5459,YYHGAMQNPNPGFHQYNCTE
random_5460,DYRYAKGLYWHKKRWRVT
random_5461,MWTCTVQVMGDYIQSENR
random_5462,VSIGTI
random_5463,VNQFYA
random_5464,FKNYYQ
random_5465,AWPLME
random_5466,SQQVRI
random_5467,CNNGLV
random_5468,RYDAYV
random_5469,GYKGVF
random_5470,EVILWL
random_5471,DYVHSV
random_5472,IKVIYI
random_5473,QHNVWPVPASRF
random_5474,APNRWWPMDIDPI
random_5475,GRWMMYQMYQEQFNNH
random_5476,LQWQL
random_5477,GYYYQW
random_5478,CGLWAH
random_5479,KYGLKV
random_5480,QFPWMD
random_5481,PLYGVN
random_5482,CYIHED
random_5483,WMTAHG
random_5484,NFSHMV
random_5485,INVWEP
random_5486,PPVSCLYDDC
random_5487,GPEQPCQYC
random_5488,MCIWDAQD
random_5489,ADCMKMF
random_5490,RQLKTKVFNNHHVAF
random_5491,TAVSQWKRRDP
random_5492,YPLSTRETN
random_5493,LYKQRPNKM
random_5494,KYSSFF
random_5495,IMQEMLLAH
random_5496,YYMVQV
random_5497,DVENWCWC
random_5498,TMAPT
random_5499,GCPDEMCESRWFIFIQGISWLQHHPSM
random_5500,PPYNDAKMAHVDGNDCQDYWL
random_5501,PYLFLHHWFMQLEPW
random_5502,MYEMFYMRQ
random_5503,FRGNKAWWWVSNWRAWINQEYPGCMQD
random_5504,INNLRYEGDENRMQGEMAPYSEYHAY
random_5505,LGSAGYCPPEHMDVTHYTSCDS
random_5506,FVCNVEKPSYHVPEMGMLRTH
random_5507,PSCWTDFFVDFNRDS
random_5508,FTSMSIMLE
random_5509,AFVEKARDR
random_5510,MNYEYRRLPWCNMSEDQNMTDWSK
random_5511,HTDWFRHKEKSHRFAENE
random_5512,CTGYPQGTAPWK
random_5513,GYDHSW
random_5514,VEWLRMEEYWHKQQNDRC
random_5515,YRGHFWTKVGCN
random_5516,GWTTLW
random_5517,VEFFIEQTTSMII
random_5518,YTSFKDKRCTPN
random_5519,QDGVPQNENKQWQTCF
random_5520,HMEFCTEAKPDSDQV
random_5521,GLIPFSKWNELTD
random_5522,NSFVVNPCFF
random_5523,WVEFRHVPPM
random_5524,FFNWAQHIPQ
random_5525,CWKLGQEGPP
random_5526,SEMDSLIRQF
random_5527,RNHVYEGGSKVT
random_5528,YGQHEPLARGQK
random_5529,RFVTRDMLKNVK
random_5530,DYFEPQCAGKER
random_5531,GRDYARVSEGRMFAEEREQELW
random_5532,YQNWYNWGKCHWWKVIYG
random_5533,SQAPKVAKVPLYNFW
random_5534,HKAGGFVNPGDAHFNYKRHGYIAH
random_5535,FAFKHLAGGTGVLLAHRCNA
random_5536,YIIEGELVMRSRWYKD
random_5537,EAALYQGYCWPVYVAHMQQD
random_5538,KIEYQEQHLFDWSFVEQDMS
random_5539,TGYNERRADRMVLYIWFEWP
random_5540,DTGVNECTTTITKKKMYWYG
random_5541,VKGEPTCSKLWSTHMTPFNA
random_5542,QKQLLAPMDIAYFDLRLYW
random_5543,WYSFTDCAFPLNPHAIFPHNY
random_5544,IIDIQLFLDGIGASPLFGHLA
random_5545,QHIESEHLHQLQVPFGYE
random_5546,VTQTPTDQEM
random_5547,WHHMEHSWDV
random_5548,EHQKVLDTA
random_5549,PNSNQNHG
random_5550,GDMRACT
random_5551,GLYKGRWQST
random_5552,IKCYLEFTDH
random_5553,VQHCQIRTVCNIGNSTQGFNSMRSH
random_5554,KCRPVKMHQYMIWTWHDWCI
random_5555,YMFIGQMMGHKGGRW
random_5556,YDYCMNDFKGGGLFH
random_5557,FQYDQMFYQPCRIDV
random_5558,MAPDFLAPCEIPRGG
random_5559,TIHPQFDSGQFDLCW
random_5560,DMDNEYWCDQKNCYV
random_5561,KRNKWEKQHPTDHCA
random_5562,CDYWVIHRHFWHCSL
random_5563,FPPLTYILMLCSLEE
random_5564,QKTHVQSSKIIYNEY
random_5565,IHWTPLWLDNGSAAT
random_5566,ESYYAHHIPYRCTVD
random_5567,YTFTFAWARKSNKGL
random_5568,HPTEYFACEACNVEW
random_5569,RVDLDFYLFVNWYGL
random_5570,WLIAAALWNNFMHCR
random_5571,SPKMRQARFYQKSLN
random_5572,QRSIYEHYYKGW
random_5573,DVQEYIPGYQ
random_5574,RMHHHSKIHYQFKFW
random_5575,PTTVAGFIREMCTKV
random_5576,CIRLAHSEIHKGHML
random_5577,IYESNYSDSEVLEHN
random_5578,PTKPQDRNHL
random_5579,AYNPFTKKNSSIMNR
random_5580,GPLMNNTTYVWPKRA
random_5581,YLYGRRQPANNFLCP
random_5582,EAWTKNLFHKYVFSE
random_5583,KPRYLLQLYEWLMCA
random_5584,IDHEDMRNCNLVLAASIDQ
random_5585,LDSQHTSLEGHTTLYVNSNIPI
random_5586,GNDGSVPLGQYDVSCHFDVDKS
random_5587,GMHMSFTKGCWQTKKYDHSWAH
random_5588,RDDPPTALYKIWMNNRQ
random_5589,KTWQTKWPLAVRACQWK
random_5590,AIKWCTGFKSPYTKIPH
random_5591,LSVDEFPAFNQKCMPSD
random_5592,MKTPTLAKGGCFCETVF
random_5593,EAICCPMRMPQD
random_5594,DDWFPDKERFIM
random_5595,LHAYHAMPICRF
random_5596,MPKEDNWFNPSY
random_5597,DLWIPTGHERFA
random_5598,IREDWQGHTF
random_5599,SILISLPHTI
random_5600,ICMSEKGARA
random_5601,PLTWESLPAC
random_5602,KHVLRDMYLG
random_5603,KREGEALSNF
random_5604,NAGMRTGGLPE
random_5605,NGLNLCKTLEK
random_5606,GKSCWYACKIC
random_5607,MPYNLWTTDYGAINRCV
random_5608,FCVWDPKIKKIKCAMLC
random_5609,QGPYHACVMDFIDNPSP
random_5610,QCPWKVWVPKYSHGTQPPN
random_5611,RVLHFPQNISRMVYQHLPMDSC
random_5612,LLYCDDDYNDEINTRCHSQW
random_5613,DINTQSHEMIHQWILCY
random_5614,CYNTQDQQWYTIQANSP
random_5615,MKHCEQVGHHTQWLQHTG
random_5616,MRTKVCFGPPMHEPPTIY
random_5617,MSWINPFMTPTLSVTRT
random_5618,MTPIDFGMSNKVRVSVHNL
random_5619,LAGFQYYQFP
random_5620,TMCQEHNNNMH
random_5621,WSCPGKEVYTMRVV
random_5622,DCSFNRNLKLMGHI
random_5623,RDWSCDKQAKREEM
random_5624,CYQHVEHGAYFIRD
random_5625,CEPWRIRISWPSLF
random_5626,KQLWITSTYFRMYD
random_5627,WDFRSNTANGIQWW
random_5628,DNWTKFISWVMWNY
random_5629,SWMFPMVQRTDQKE
random_5630,ASVAGIFWAPDKKN
random_5631,SVILDYSWSHTELF
random_5632,QRRAAPNCDMDFCP
random_5633,KYLCSFWKYISVNM
random_5634,NWKYNVKVSCHEYS
random_5635,GSQLWCEFLNHYKH
random_5636,TQYKRDSNDMHFRC
random_5637,KHIPRIHALKNSEG
random_5638,TECLVRDNDYWGP
random_5639,RKCNIKIFCDGIF
random_5640,WTTLMDACAWHPG
random_5641,SRACMPMNIKASWHLQI
random_5642,QFPITIYIWWMHFVMRP
random_5643,DPWVFMRQFSDYWSYNH
random_5644,LMDLPWLSTGP
random_5645,YAVRIWITRRPS
random_5646,MGNEWTDEEAPQ
random_5647,SDHRSVFASGHWRAPH
random_5648,PTDKGLKYQFSDCIAIIGAKPHLHHD
random_5649,RTSWVVCHEVEIHWNRLP
random_5650,CYFVFHWFTSWTLQLME
random_5651,FSCKFNKIGRAYRGT
random_5652,THIFHDSKWVKHIGHHN
random_5653,LAVCNRPGCVICNIYRQGDM
random_5654,SLEKITACDFRENDTEADYY
random_5655,PNYSSHFAIMPYIQCCCARD
random_5656,VHTELEDECESAEAHDYPVI
random_5657,LSLTQRDRVSACQWGKQQVA
random_5658,IGSMCAMMKEPGRWAHYV
random_5659,SGLRCPESVDYMQVTVYG
random_5660,CMEKNFVHLNCAFHFWQN
random_5661,METRYIMKKVMCIWHFPI
random_5662,DDACARDKVLTHPAKHMF
random_5663,NKYHPCRSLWFFSTSLYE
random_5664,NDHNRNAPGHRGWTSFKY
random_5665,WKAQFRKDWDRVSCHPWF
random_5666,HGPVDPEMYHWM
random_5667,ECEPYQHRSNRS
random_5668,PISNNTCQKQAY
random_5669,DRFSCVNGKFKL
random_5670,TTKVYRCQNITARTSRCQGNK
random_5671,KLMQKCWFPRLGIARHNNHV
random_5672,IQLHNVWMKDSYHLLDPRKHW
random_5673,RIMLNLPCGISR
random_5674,ACPRNMFPLQGM
random_5675,TIHELTFHAKRG
random_5676,EWSPRPHSNMHY
random_5677,SQIVHHGYTNVE
random_5678,WEPEPQNANFFL
random_5679,SHTNLLQRVFCS
random_5680,PTADCYFQYGHG
random_5681,EAVMIPTYMMMK
random_5682,GRPDCHLCTQET
random_5683,QWPPSFCCNLFETSSFKGFGMTFMTQPGDP
random_5684,SIINGAGYLKYRYWLKCKQS
random_5685,AMSRNFDCLQGARSDGTQYTSR
random_5686,APAGAKHRRFKWCKFLYSGQEV
random_5687,GARTHVDKKHPAQPYCAVSDFAMATM
random_5688,FAKNNFLRYRPPEPRMVIDLYFCTWGL
random_5689,CDGSPVEQFKVDAMTLMWQDMTRWLQ
random_5690,LAFMTNHLVPCDKHPQFVMMGHDGGATQ
random_5691,EIMYNSYDPENFRDEGYTYIWSDVMCCYAV
random_5692,MTMGGMWCHKRDCNLARCRGIFQNP
random_5693,WIPHTMQPFWGPYWAQSLGQTDEKNMM
random_5694,HVCVRRPCGQTKNKIW
random_5695,CFHYQEEWLGIQPNAADLQS
random_5696,QTLGTVMCHQYYVRNRYLQT
random_5697,KRLYGDQMYNKHMGKLSKACVAFMLVDM
random_5698,RVRDTTHKRDHPGYFYLGWAIVQAAHAL
random_5699,QPGLFHAIENGQKGGEVNANFFSEYMYNQ
random_5700,FRPPQYWTEDCVGRSWSYWYHWWLAWCK
random_5701,GWKWSIPMPTTGSQDTWVLACVGYSKILDE
random_5702,QYCIVLMYPQIQ
random_5703,YQDCPVIKCWRWTVNAHQESRESWQ
random_5704,WGKREGRSLAPHPSRTHIKHIPF
random_5705,TCQYHYNQWLPEIGNQYS
random_5706,PIGQRVGKFWTDHH
random_5707,CCPDKMTQKNCF
random_5708,MGKDIEGFARNK
random_5709,RASVHGEKAYFT
random_5710,GYHIVHRWARIQ
random_5711,HAFFYVYWFKAY
random_5712,FCHRYTEIQIRC
random_5713,LISSSYDRAGVT
random_5714,KFEPPIHPWQFL
random_5715,ITHDNNFRCTWR
random_5716,MEPVFHGEHGSR
random_5717,LHPEASEPMCYN
random_5718,YQCPYQSRE
random_5719,TVASLIGG
random_5720,KIFHF
random_5721,NKKMRMYQWHRYERLH
random_5722,CDKWKDRMNPAGLESM
random_5723,NSLSAVHHCWISCSGA
random_5724,TFVQFNNLHVTNCCRP
random_5725,WVKWFVTCLINCHMWC
random_5726,AFRWIVTCMP
random_5727,YDVWREQNW
random_5728,TASWTCALL
random_5729,NSNCLLADI
random_5730,YDLQEWLVS
random_5731,CGKHDFHNH
random_5732,KQMTATEHE
random_5733,HSEMFKAPR
random_5734,HRCNGIVY
random_5735,IHLCLVKHG
random_5736,IAQIMNIF
random_5737,FTNFWRPH
random_5738,FENLAPPIIK
random_5739,NVNVQPFHSY
random_5740,QNDKYVPR
random_5741,KFCQYQSM
random_5742,WCICHMCY
random_5743,HQHAPAPA
random_5744,EKHPLWYN
random_5745,IYFLSCWQ
random_5746,LPTDSGCC
random_5747,RNDMLYAW
random_5748,AARPKMGVT
random_5749,PWRRVPKA
random_5750,TKMLTKAI
random_5751,NMWHGDAGDPCWKTVN
random_5752,YLQQTQI
random_5753,HVLHHWHW
random_5754,AHTARMNRKPTAPCDF
random_5755,MTFFCKLIDWGNAITA
random_5756,WQYWQNPDYAMFSRKI
random_5757,IINHEIDWDTKCPPIC
random_5758,MQNMVRMLYPKIPARANRSML
random_5759,LKCQTAERIAGGATENVLYMN
random_5760,GSCPYAKSVAIKPYFIIATYW
random_5761,GIFTWEWVGWESHHRHAFTWN
random_5762,DGCEGHVMFKVQMYCWPFRVACY
random_5763,PSGQSSVWHKHAQIRDTMHIRDA
random_5764,VPMGKFCQPARLVEATQSLQE
random_5765,ASFIKRIKSQF
random_5766,FRWLNLKQTEKSSY
random_5767,GIAMLVQGEIPLFF
random_5768,MHMIGEKFGHPDLRFTATETDAF
random_5769,KIIQWNCSMTLQAPVPDGKPLKT
random_5770,QSLLPIFKRC
random_5771,CTMCKCPIIQMED
random_5772,WNKMANEECSQGLQWTWKVRK
random_5773,RCKLYAWSKNCKYTQFNIWHP
random_5774,SAQFWEHNAPKFTVTAISDFV
random_5775,FHCTSLYKPKGFGHEDYEYVD
random_5776,ERKWFCAWLRMPAFPWFNYWQ
random_5777,LDDRRHVMAPIWCKCRMNPRM
random_5778,MNVWLPEKWACGQVPCAREDF
random_5779,MLWYYRYETDSKFCMVEWVNS
random_5780,QSGCIAAMTRSQWACNYSGAC
random_5781,EERHKAHYTLFKTRSPIHFYS
random_5782,CVKPQQEISVYTKQHMPCDQC
random_5783,APEMVSHNWSCCLWRKEAYGY
random_5784,YHGSCHQYGKYHGGTKEKLPW
random_5785,CLKRKTTTGRVADTPKFMI
random_5786,LINEKMPLFPCNNWIGSNN
random_5787,SLKWGYSGSGNEIYMMLNVMY
random_5788,AVGPFLNWTAWECMPLHKC
random_5789,MACAHELVQRDMGHDVDFHSF
random_5790,QPCIGGLAWFMSAIEDVAHYE
random_5791,ESDMYVLNICPADHIAKDTSS
random_5792,FWKNIYAIVIQEFGQYLHTPC
random_5793,QAGPWGKQGYLSLADFVYVHE
random_5794,PGWVVGFMPAYCVVESTEGKP
random_5795,QYEAGCALDGANNHSWKNHPY
random_5796,QTQRRWWFILERFLDMGTH
random_5797,TVIGMTVNNEPQKCMRCTWCA
random_5798,PHGVAKEFGGMVKAPRQWGAN
random_5799,PCHHVTQKHIKVAPVEWQVCL
random_5800,ECDCSAKNKDPPRVVGDEHTN
random_5801,QEFTPAGQGQTYMNCTRGNRW
random_5802,SADNYWTGRYIDGPYHCGSHW
random_5803,ITSGVRIVHWHAYKG
random_5804,DEQVWGHLHGPVLKF
random_5805,LEDHSLYMTAPWGIDAMHEDPI
random_5806,FGYHVRGAVIQVRCVGCCCCGNNELQ
random_5807,CEQPYNFWAYNGNIQCVKNTVCLESFW
random_5808,FPRNTFITIHKEVGYTMWHHELFSSSP
random_5809,PGVKVRNIEGMGMFANTPLPLYIDITCWCS
random_5810,DSISMCGLLRTWKSLKECTIKLAVLS
random_5811,QAPRTYIRMGRKDDPIPRWCNWMMGCMFYQ
random_5812,TAINLMDTIMIMMRATDKCWHYYEPIRKPM
random_5813,VIPWIRINQGKNMILFCV
random_5814,NYNCFGLLLIGSRTDHMNHLGH
random_5815,LRKWDGSTYHHYDPFRFSCKK
random_5816,INHSIIQNKCWSEEIHSPSPEDYLV
random_5817,DKNYFTKPTGRPAKCWSCTLPYGTEW
random_5818,LKWCILSNCNMICYMFIFHPRAMMTW
random_5819,TDLNHMMFSTRASNWLFLICIKNKK
random_5820,LMHSVKARLCKHPHDRNAQIWYHTEAEWN
random_5821,YTVWLMGSMVFEQTMYLEYTACSFVNGF
random_5822,TYKVVEITLLQMATQIAY
random_5823,YEITGKNLHLPQYCGENMPQVY
random_5824,AYAVTRPSAAPTWIGYALLSITS
random_5825,TGHNSPNSYRANWETKPVLCGYS
random_5826,GQSWLRGMRTFHHLDMWAEDCH
random_5827,KMSRMDASRGYIPCDDKQVACTYEEP
random_5828,QVGCCWFHRKSTAYGACTPVT
random_5829,EFDCNEHFHNVSALMRPSPIRQYQI
random_5830,SGPIRHFWPYYEKKDYLGCHACHAWA
random_5831,IIQHYHFNVYLDPMAQYMNFCMGFGK
random_5832,YQIAWNLEAHEKTECMNTADGQHHT
random_5833,CPKQIIYDVFATMWKESYVKFSDLFFCMI
random_5834,KTNSEINCFYSTENDCLVRDVPCMQIMP
random_5835,EHEMRDWVVKSVHYGCVAAPAVNSRQMN
random_5836,GDIYESHDRSNPQIHTRYI
random_5837,RSWVMMRGSTQDKNPDASV
random_5838,ASTNVGSAQFEAEGYTCGA
random_5839,IFEKNTASIPQEWVNLCDY
random_5840,SSDFHKNRHQTHQPMWPQS
random_5841,YWGARAQRRIGLECEMPEM
random_5842,TWTLGTPFRRWN
random_5843,RRGEWIHIEFENIMSQFPDCIVAQ
random_5844,IMKPFYKWPYHT
random_5845,NKRLYNPYDIDS
random_5846,YCHSRGLENFTY
random_5847,CQPPAEQWEHRR
random_5848,YAKNMR
random_5849,WVSPTAQEKRACNNNMFQCCT
random_5850,PIVLFLYWRHSHIMFQMFEYA
random_5851,NYVWGLIAWWQYIWAEPVRKM
random_5852,RNNCFLDRLVAMGKILKQNT
random_5853,HWNSNKRMLLDMQA
random_5854,GDEYETEAWRNSPMLLCS
random_5855,DSDRASPWIDNQM
random_5856,CISERNIYSYMFEYD
random_5857,KPENFHEW
random_5858,FYIALYRRNTLRCQYRYRPCY
random_5859,HYYMMRTLHEDYRMQSTMVV
random_5860,FFHYVCCPKYQARQL
random_5861,DPQFCVDDH
random_5862,FDDWCGTEL
random_5863,TPMWFPILY
random_5864,YFWHMEPEH
random_5865,QMKLGIVAF
random_5866,ENPQLILFQG
random_5867,PDVLCYKRDNIDDH
random_5868,TDTMTPQEFS
random_5869,VEDSMQCTEWIYSP
random_5870,WRQIPMMHLE
random_5871,GPWNSDFSVETYNS
random_5872,QNFTANNFGQ
random_5873,TPHPVFEVPIEWVP
random_5874,QKICCKRM
random_5875,PRCCTQLQ
random_5876,NVWHLQLG
random_5877,APFPNKQR
random_5878,SFQDFANH
random_5879,ENRCNAEARGGQH
random_5880,KHRGNMEW
random_5881,IMWFTDAI
random_5882,RHFVMALC
random_5883,YWASAIVE
random_5884,VHLWNRPYFCEGL
random_5885,VRPFDHLY
random_5886,IWANYYWY
random_5887,LHHMHHNG
random_5888,GPCDVESQLMFPKENCNY
random_5889,NYTCSPVQTKWYACAPMRAM
random_5890,VAMKLTAI
random_5891,AYSFWATL
random_5892,VRCGKWA
random_5893,QMHHMK
random_5894,ERHIGHK
random_5895,VARWTISG
random_5896,RASCPFCK
random_5897,RTNIAACY
random_5898,TYLMGCLTDLNRYATVQGCSC
random_5899,EHIIPPRCCHIEG
random_5900,MKKHVPLQHKWVP
random_5901,VNWVML
random_5902,YSRYDS
random_5903,SGHQTC
random_5904,MSQYAM
random_5905,WQRIHITFQD
random_5906,EGCWLSISLA
random_5907,VAQTWAQCAHVT
random_5908,GFTNAERKEYYS
random_5909,DCERKTGRFKDW
random_5910,QNPFQAPHNCTV
random_5911,IMNDVLNWMEPR
random_5912,LDLYIACYICAG
random_5913,FKDMFAQSIKNH
random_5914,DDFVMHVNLEMC
random_5915,WCMACLSYVYVC
random_5916,ARSYQKWVHFQV
random_5917,QYHCRSSNDPFR
random_5918,WSAVNLQPSHFNKDPDWKW
random_5919,NHIDWGYHPAKWWESTYHP
random_5920,GMENCIEPYFSRLDRSIIMPNYNTAEATMP
random_5921,TSGPSPAIMHQNCFEIFTECFAQWFVMHFH
random_5922,MFCSYESVDGHDIVTGVLHHEQSMAFADEY
random_5923,EARWINHFWFWSQYKYDMIFTW
random_5924,ITNWGLNGADPLR
random_5925,REDHWRHSMDRKRLL
random_5926,MRFSRIYFLEQTD
random_5927,KVNIHDVLIHCFEVKTGLTANE
random_5928,WLSFREDKMRCENMFEHGMSYVEQ
random_5929,DQTWWASWVDIFG
random_5930,QYAHIETLYNFCTQWMEWDRMVSTFV
random_5931,QNRCEDTFVYLPDKRRRT
random_5932,TIQRNDRADKCISVT
random_5933,KYVRQAFVNMRPSKW
random_5934,WAANDSAAMRSDFKM
random_5935,IGNDKGLDHDCFCEN
random_5936,GKNLCWCQKHDMEPD
random_5937,PNELSHECCGSVAMD
random_5938,SRCPKINCQMMMTKQ
random_5939,KEGTEFQLFTKELFAQMQELTYNG
random_5940,TRQEVILFYANRDFEWFVFMNRRD
random_5941,QARLVHEAECWATYLNCIWWIQQY
random_5942,MVPFDKMHATEPATPEMARQPRYK
random_5943,HSFFSRHFKKTEYHIICWPISHEW
random_5944,GDKKDPITKKRDFVQRNLGCWMTW
random_5945,DNFFMDIDGFELRWQCAAEKEPWT
random_5946,NVTPMGKRWFHAMVDKW
random_5947,AQWWKPAWSCKVCWCYRCHYVTTFES
random_5948,FTNFYTWEQYQWGDLPRMKHKDYFYY
random_5949,PHFQWYWPWVDHETCFNMHTE
random_5950,SAIRTEAECYMFYELGWYSATMML
random_5951,DEMTSGEGKLHSWYMERTHDFIHK
random_5952,IFKKLRWCWRNYRSDINKFMGCSM
random_5953,SNGIIIAKDPYFWCMYTRCCPRLI
random_5954,WLTVMNPIWVYRTLIVWVTHLRYHFSTSG
random_5955,GKGYHNLTESCPFVRIKGDQG
random_5956,AFYVVWWNWGFCGKNHMFKAKVKCS
random_5957,HTHWINMAKTVMDTVLKAADQDNA
random_5958,NICCSGLHVKGQSNLHGGNRVNKA
random_5959,GFYEYWGSLHHADAENMCYCLYQCVF
random_5960,VWLKQSMDGAMQFQMVNE
random_5961,CSFIGHARATGMNQTFQS
random_5962,VLNAPMNYPEAPF
random_5963,FAQESKMYSNDQQS
random_5964,QWCEINQMNSGQCWWIYMEKLWPS
random_5965,KGLASCTNIQTFIVCGEFIHEM
random_5966,IRLAKAFRRIFFQCPSYFE
random_5967,YSYTHASMDWAMCILNCQIAMQYSM
random_5968,VTKKKCCLLHAFPYWKRYSHRDESD
random_5969,MIFTDGTKGFQVTRVIPCHRQMLLT
random_5970,FQINFSCYWCVSGQ
random_5971,IHQGQIKTWREMAG
random_5972,LAQSWMWEMMYE
random_5973,VNYFQMQGVLNVWYPKI
random_5974,IIPSFPSTPVNRIEHQGHY
random_5975,VWYPNE
random_5976,PSPAISFQMLMNL
random_5977,FAYLNNWQGPFHQCDGD
random_5978,ASQFVCETQIFTDWSFFYG
random_5979,TQCGRSMNGYSWEKG
random_5980,SPTLFIWQGNDVPTR
random_5981,FKRYKEMHMAYPNGAWHFQLSDTIF
random_5982,ETMVVHMT
random_5983,PCAVTQN
random_5984,KGGHKYAF
random_5985,ENFEISTHF
random_5986,SCGMFKHL
random_5987,DEWHTDAEA
random_5988,EHDCRCMSDC
random_5989,IGHHCIVGAL
random_5990,CKAFDFPY
random_5991,FAPFDNNVETAFHLHHVCYQCRC
random_5992,GINVHASVPWGQVMNPRDAEMRLV
random_5993,YMNTQTMENCQDWKEHYDTKSYVCWT
random_5994,IVTAGNGG
random_5995,KWHPDTYA
random_5996,DMHSDMEMSYPKRFHQKWAMCSMP
random_5997,TSCEFWCR
random_5998,HWAKRDVNRG
random_5999,VPPTVHFWDAYPCNVCKMICEL
random_6000,EHSHFHHDLEFFMPKPLGGFWRHGFK
random_6001,CDLMVPTQCPFKYW
random_6002,HVEWHAVIMWWEGMKTIPRRVEMAFR
random_6003,QWEWKAIYLNTMEMWFQMYPAWWDTH
random_6004,LQLCTQVSHGETDWVEGMEQAGPMKK
random_6005,SWDWQKCSHTVNTSGKCPKNIHNTTM
random_6006,RGFSFEDVFEVGCK
random_6007,YDWWEAMCDMNTCMVWNVYQTSK
random_6008,YAKNAQMARNALYARIAGDMIAI
random_6009,YDHCDWRLCELTHHMNPTREDHP
random_6010,EDCITLQNFNHLLNVWEPEITLV
random_6011,LINADWDCDMWKELRSNAPVTIY
random_6012,VAFHNRFYRRRLNCFVACFIKLY
random_6013,AKQTQSMSTAKIVPPIIQAIKSD
random_6014,KPGCAPTGQDVMWEYCDIRLKIE
random_6015,YSSLNQIFVCHFKQTLGYC
random_6016,FQTQGYMHNYFMHMTEGHH
random_6017,EECQPPWCRLDQKPAPVYR
random_6018,EPYWVHIHNMNTLALKPVDL
random_6019,TWGNGQILYFERV
random_6020,TSVNMDKMMMCED
random_6021,IHTKRWHYEAHVY
random_6022,YCEGSHPFLV
random_6023,RFRITAYDGQYNRVTKELSAVHNK
random_6024,TLVTIIPWDEKRTWYNV
random_6025,HPRTMSKKEKLLLHNAVAGECC
random_6026,WGRCHSTQQHKLDGIMHIHCVNMTFIH
random_6027,TGANHSIGV
random_6028,KVDYLFIQG
random_6029,CELSIC
random_6030,CYWVHAYEKCGQ
random_6031,EFKPRCRLQYKA
random_6032,STMEFEGFGYVS
random_6033,FEHHSLFCRSLV
random_6034,TQLPRHAEMGDD
random_6035,NTKMKKQVDGVC
random_6036,IFCKNIRCKPQG
random_6037,WRHMVAHCPPGA
random_6038,DANPPKWTPSSA
random_6039,MQMECLYDRASD
random_6040,CQSKFKIPNFQL
random_6041,EIDAPIRLKVNY
random_6042,QPDFATEDAQAKC
random_6043,YVDAFPHKMQFLF
random_6044,SWAIGMFVELSMA
random_6045,RWTKACYLITGGIFHGVCM
random_6046,KMDWWFMDSAGQFQAHC
random_6047,EGWPRQEVIFAFAHMG
random_6048,DVPEVFVYSRDDAR
random_6049,IRELPDQK
random_6050,DATIMFPDI
random_6051,VRVEYEDYAKDMLYLEFYWKM
random_6052,SMKMTCFADKFIHGPQDEFTMHN
random_6053,GAIQMQRPCVERLMNIFEKACSA
random_6054,IRLQHILDPKYFWPKF
random_6055,CGHIHLSVPGSPNW
random_6056,PEHIHEWPCHVAETNAT
random_6057,CMYADHTYIQYRDSKDC
random_6058,HCCQLEDAGPCG
random_6059,YPPHLKGVCSCIVTVG
random_6060,RFNMLSHNCLYFNWWW
random_6061,RTGSVPEHRGTHTCRR
random_6062,FKASNWSSISQSTIELD
random_6063,GKPMSTYNDC
random_6064,HDYGKFLLHS
random_6065,GMIGCFVMYI
random_6066,GAVRAAPKYNVYVALPGTEWPPHD
random_6067,MAWDIHWKARDEWHNKMA
random_6068,KHVYTWWYAE
random_6069,EKQQICIKND
random_6070,GSDDYHHRVH
random_6071,FIDWYSNTAH
random_6072,SRAHDLQIEY
random_6073,VIMVDGNQKL
random_6074,LDNVQNIVDENIQ
random_6075,WGHDNFKPY
random_6076,TEWGKNQW
random_6077,KPYASWYNYFARGRCNIF
random_6078,QLIWKIPSPA
random_6079,YIYYGEWE
random_6080,MYNIEKIWFM
random_6081,IYQMFNTT
random_6082,DCQWQRNGAWHVYR
random_6083,FHHWRWMTYIKVYA
random_6084,DYEWQENPKLKDRPCVCF
random_6085,YTNCEGCRYTIWFHP
random_6086,FYKDKFLTMQWEAN
random_6087,RNETIWDCMDM
random_6088,WQECHFIHND
random_6089,IHSGMDSHAAE
random_6090,IPTDGDFELAMR
random_6091,VPTKCCDL
random_6092,KEWHFGGCG
random_6093,AAACYACVM
random_6094,MNLTQDNIDEIQ
random_6095,LGQSPDHWRKAADL
random_6096,HMEYNNYACIYWNV
random_6097,ETRKLIIVMMPPFH
random_6098,RKKRVQYIQCAPAPD
random_6099,PDGILKHASQIPAVT
random_6100,TRTPTNIENAYFRDY
random_6101,VGNWPIVAMSHYQGV
random_6102,VRSPNCAIEIVFLMHN
random_6103,APYEFYQCLAISWCDNW
random_6104,PKPFCHMGPLARVEYCRMPML
random_6105,CAVGMPSRHEGYFRIHWGKR
random_6106,IHHMNGCYRWLQAVECCFPQ
random_6107,AKSEYYWMTSEHRVHCDSYG
random_6108,NKVVVEVIPIWDMILKNMQP
random_6109,RNQNRCMACAQCYIDSQLRDITVCCP
random_6110,KCDQNQYYGDYMLVKPMHCIKG
random_6111,IEWNQWPKMFSPKLWNAAGYATICWYW
random_6112,HIRDDIWLWHGCNGNPR
random_6113,CFTTAFMGYYPSWEV
random_6114,CNDLTELSKIPQH
random_6115,ILWWWPLWCNTPD
random_6116,SPWRFGERVQRTSHHMTHSKWDIIDQ
random_6117,NDFHYDAQDGETDNTK
random_6118,MLEPRGLRQPESICHM
random_6119,WTKFNQFFPQQHEIYF
random_6120,QNPVPCWWCWVDD
random_6121,MPKQSDVQDAGCV
random_6122,NKKKRAVYMKQAS
random_6123,ENWQFKEQKM
random_6124,FCPKAFMAKNHEGNIA
random_6125,DPDLWLSCQSGADSFD
random_6126,SYSWWDTWWTARCMIE
random_6127,PPGWCGKSDYDPLILI
random_6128,KCFKYTSMWNDSDSWH
random_6129,DCDDAKQKMPIAGYIW
random_6130,EFDISRQSNCRFDPPG
random_6131,VDKYRTHAS
random_6132,NRYGFQYICLHIQ
random_6133,VKWVQFERTYNFWASMCKAMWCVI
random_6134,IWKGLCFHMAMVNHL
random_6135,VQEIGYGGGCKAMYK
random_6136,LPWVCILQIEKWPHS
random_6137,HWDSDPE
random_6138,WQFCNECLWTTENL
random_6139,VPYSVVEENILDGFPPRWQNG
random_6140,HQSNFLRHFMRADDCFKAFTYFEAKKGY
random_6141,RCVTLFIVCDHPDMNFPCQRF
random_6142,CDQNAEKDMVWRMWMPIPSWQ
random_6143,WVGPFCQ
random_6144,KNCKMFFFVQWQSA
random_6145,HMVQTTQNDMRCDPWGPYKMR
random_6146,RRTHPIDLHLVHDLHQNKDLL
random_6147,ANKGFVNCSKDQYNWLCWGQFTSQNPNP
random_6148,HQITIGIPWRSPH
random_6149,TPTIEMHMNPIAS
random_6150,MIVMTRCNPCQGI
random_6151,KHYPIEALWYMTH
random_6152,LVSYILMMGKFQW
random_6153,PLAGQMNYEAQEMVH
random_6154,VCGYIMFDWPTC
random_6155,CTIWVQHCVRCLRDP
random_6156,VWYVPYWHQKHNS
random_6157,FFCQKHVLTTPYSGC
random_6158,HSLVIKHYQMNPQNG
random_6159,WHKDCLTCRFTAM
random_6160,PTAYMHFSWKNLF
random_6161,PRDFPVTTPISEA
random_6162,NQCRNQWSCTAAI
random_6163,GEDTYIFPL
random_6164,PDQRIWTRV
random_6165,KGDSQQQLV
random_6166,TCNGFGHWRSDEAPHLVS
random_6167,CYAGSGQMAFMECRVEHS
random_6168,LQQMYSVGRLCKGN
random_6169,MKFGFIEEETYHLE
random_6170,SWHDCNIPDICGPE
random_6171,ASTDFLIGCPCEAE
random_6172,NWWLIKINTEAVKE
random_6173,ARWMKMPTLFCCTSQMGPYITNYVAS
random_6174,HWQFSECCEIQMSETWWHITNSVMCS
random_6175,RTWPWEEPRGMIS
random_6176,LGNSKMYHRR
random_6177,KSTNHNSGFIF
random_6178,EHMRHWPQTMPA
random_6179,WSNEYRAPNVYR
random_6180,CEFHHFPDRKCP
random_6181,TWNEVCCINVPNMIKCEAVKAL
random_6182,LPKWKYLTHKKWYLGA
random_6183,AYVCQFCWIITHVDIM
random_6184,YWYWMDGSLHSMTLGE
random_6185,NREVSAGQYLDMKQGI
random_6186,VGISVHMPARSMLFYG
random_6187,GHEHHTAYGCWYMGYG
random_6188,SESQQGAETAYRFESY
random_6189,AEDGQFGCICPTHSKC
random_6190,KWIIFKGYSQWLYYGT
random_6191,DAVWLNVWFWHIPQSR
random_6192,NAFTCKRQAKGNRCFN
random_6193,SAIEEYATCNHTDVLQ
random_6194,LNYHQSWCDHVFTQCM
random_6195,MVCPGDVQIMLTHMKV
random_6196,AQSIIHKGDTCAKNFQ
random_6197,WCRACCRDCSFHDEEA
random_6198,ASPSMMQLWNMDTIIV
random_6199,EMENPIHNWHQVHIMY
random_6200,LQNYMLHSAINSYHKN
random_6201,DNNGFTFMLTNPMYQF
random_6202,IRDFNFFKQLEHEAHT
random_6203,IQAWTLYQNTEMWAML
random_6204,MWYMSKYYQAEREDYNTRKF
random_6205,RGCETEMRNDPAHEKKEW
random_6206,GGWKIWKEPPSHLTSSA
random_6207,DMSMMYCDITETTV
random_6208,FEECSNFYMTYQRRANDEHFV
random_6209,DKSRSTGTKSEFQY
random_6210,EFAAFWITCHNPHP
random_6211,CTQQQRQLQLQK
random_6212,EGSCDMGSKYT
random_6213,KGPLRDWVHTS
random_6214,RVAMDNMWYNI
random_6215,PTSFCEYPTMA
random_6216,LFIWCNMSYYS
random_6217,VKNTWAWTWDM
random_6218,MAEFQQPR
random_6219,QGEMSLLWNCAV
random_6220,CWPAEFYNDHWPTKAN
random_6221,GWDFAKRHLNWWNKMWAWIV
random_6222,DFWTCMEHGLHCSSSDGPRYSHFY
random_6223,PFKDYTLCFMPYHREVT
random_6224,LWHPDVKFAHQCYLSQIS
random_6225,KDSFRNKHQQREPILFWW
random_6226,NESYTFPSLAHYVLTIMI
random_6227,TDVVPKFEEFQCCECCDR
random_6228,QPNWKEQAQYL
random_6229,LQFFKNTEYY
random_6230,PICTPPTWVTL
random_6231,FEDSENQMRDF
random_6232,PNVENWEQDFMTAMEKGP
random_6233,GIPYIHEPMYGD
random_6234,IRMTQMWQRMKNYSQCIHRLHQGLC
random_6235,DDKQVPLNAYNINLCCMIQQCESA
random_6236,DGNDWWIVLPFLWGAYWSLHGNQ
random_6237,KLGPIKDNAENPNGGEGCNIHH
random_6238,QHALRCGYLKTSNKKFIDVDF
random_6239,RMLHTKRGPDPWIMEALYER
random_6240,MDITIGYMEWKLIPQEDKG
random_6241,YSKIQNQCINQRANKHLP
random_6242,DRFAVDPNLVSWHLRIK
random_6243,RCWIAKALQVRRRVQC
random_6244,WSYPPRSNVYASK
random_6245,FYGMMAWEPGHP
random_6246,KFQQGRTIEH
random_6247,WITFWFEKM
random_6248,CNIRPHTD
random_6249,LITTFGR
random_6250,VHMNPQ
random_6251,TFRHM
random_6252,MRSPIIHEHRFLDCD
random_6253,NIKCMLRSHGIFQQ
random_6254,NYHSIKIQVYKEY
random_6255,DYETWVALYKRE
random_6256,VTCDNAHKNHS
random_6257,GKLALHKQNEDLQQWTLNWKNPVDE
random_6258,FLYMFIWQAYHSQCNETIAFMYLK
random_6259,HPCQMMRWIGKRNNRIDVKRCMR
random_6260,AMRCCQERICWKKIWCERPNMG
random_6261,LWWEKGIHDDNHQRIRDFVTK
random_6262,KQSRQKNFAVWGFMHPYRQG
random_6263,AMQITNCKNPEDQNGPCIG
random_6264,HTERGMMNGCLVRGPQFA
random_6265,DCDVLGLVLHDAYRQHY
random_6266,QIPDHCHHQGACKMAE
random_6267,IPRTEECVMQNAVGT
random_6268,IAAAEHHSWDKSGI
random_6269,LFSGCNSIALKIP
random_6270,TQCFIGFIWCFK
random_6271,PNLMHIWSPSMIYWS
random_6272,SELQDLHYGCDVMER
random_6273,KDIGFWFGEVQGYVK
random_6274,CNGVDQPHRSAHLPY
random_6275,GCEPIVFQQRSCHFWPLRQLRRVFVF
random_6276,TGGVSNINKEYAPLTRLVRWNRVFSRLCTK
random_6277,WYHIQQHGEPMRAPQIGQPEPW
random_6278,DIQQQWYWLGVPHYGWFKAHFW
random_6279,TQRFNPHGNIDDLEYKGCFEEM
random_6280,DMFTTWLQSSCQYWKLLLRAFP
random_6281,YFPRNSLFERWMHNVHIFPYRA
random_6282,HQNCMQMEWLRVGYQGDCWRKY
random_6283,VIQWLYEFKYTAWVFKGWPECP
random_6284,ENFYWPWEKQGRERQQDNFVNF
random_6285,AEQVVVVHWDILCTDWHAQDVEEKKEPT
random_6286,ANHMENKVG
random_6287,IWEKAQSLT
random_6288,PLTESCFRQ
random_6289,TWHGTHISGKEPHPWDA
random_6290,KHNGKMDNKFDMAEVQVLVN
random_6291,RDMPKSYMHHNR
random_6292,DCNLRYSTCLAS
random_6293,VKWHSRMNSRPG
random_6294,DPRNKRVCWPYT
random_6295,QYFTQELWWFNNRGG
random_6296,VYYLVMYCCAAE
random_6297,IDLIHDYHSDPI
random_6298,WYNAYFCGTCES
random_6299,DCFRVTQNRMKV
random_6300,TYSSVEKRTPEC
random_6301,AWVTNYTPSDCS
random_6302,IMAVSSNGIFAN
random_6303,IWRYNHSAYQLV
random_6304,MAWCLPQKAIVK
random_6305,FRWGAKWRTKILKKMITQP
random_6306,HMHLMVYDEGHTG
random_6307,VLCYQVLMAREM
random_6308,ARIIFELNPNNQ
random_6309,RGQAYHWNPEMKWNDDT
random_6310,PMTQCTCAVYDFWVPKYN
random_6311,YIGICIPWQTDSMVTL
random_6312,HLFTFLNQHPIPMHHY
random_6313,RWYDRQWINDDHGQCCG
random_6314,RMVCEQRQVPLANDLYE
random_6315,MFCCLYNASPQ
random_6316,PGVAYRGVRDF
random_6317,GVKCLCGHNCDRATQIDVPMQGCLQNMAWE
random_6318,GFELNTDVDRTVDVQKEGEANASNMMYS
random_6319,SQINKTWTQQEIEETSYM
random_6320,ERTLHPLERRM
random_6321,KHALFHYVQMAFA
random_6322,HFLMCTWHQRYMI
random_6323,PIERGGIHWCTIG
random_6324,IKDWNEYMNNVGM
random_6325,AETQQGQSPLPTH
random_6326,LNIEFICSCAYLV
random_6327,IQAHKVMPHCISQ
random_6328,LGWIMDATGVWE
random_6329,KFVIVMDANL
random_6330,NPQYPLWTE
random_6331,NATNITAC
random_6332,QTTNVTH
random_6333,YTASIN
random_6334,CAYGY
random_6335,GPCNLTAHFAICQQG
random_6336,HHDQFWQFAHCKEEQ
random_6337,WCNLKPEGGRRLPIHMQ
random_6338,KSINQKIHDLAAQ
random_6339,AHYDKNMVCG
random_6340,EPDAHMCCT
random_6341,ENEWDCLL
random_6342,HIDHEGI
random_6343,LFVKFQ
random_6344,HIEFDQW
random_6345,TCSEYQFRD
random_6346,MVQPVQQKRKS
random_6347,WCTNQYWFRR
random_6348,LKTRQNHQK
random_6349,HTYFFQTWVC
random_6350,YMCDTGNCS
random_6351,AFVTQWAS
random_6352,FINLDFY
random_6353,AYPMYE
random_6354,KNFITEQK
random_6355,HINCT
random_6356,KYQWEYCFL
random_6357,WITMYAAEI
random_6358,DFDDFDFILLL
random_6359,GCSENHGWQMT
random_6360,SFHYQHKWNSYERGCVNLYVLCCC
random_6361,FMRETHHARQRRILWKQDNCSYQC
random_6362,WCMGAWMWKKVGIP
random_6363,RWFTTHHCVTSMVR
random_6364,MGHRAWFGELDFMI
random_6365,PMAGWKHEERGQRC
random_6366,AGSPMQSQGGCHDS
random_6367,SPEHYHPERVA
random_6368,FAAIMSEKANW
random_6369,RYRQCKVASYP
random_6370,MECEHFVFVYA
random_6371,RYKMEWPNTMY
random_6372,IDIRNSIFLNS
random_6373,GNPEYWQKWCD
random_6374,GRWGMMWPRTE
random_6375,LMTTPYLMYCCE
random_6376,EGHDLR
random_6377,TSNFEIE
random_6378,EMMFARNHYE
random_6379,SDCSSDPLTAGCKTM
random_6380,DQVYQADCKERRCWWMEMEHHVVPGA
random_6381,ESSDSMDTFMSPHGWSFQVMCLEGTKK
random_6382,IHEDHGFVITCRMRWEWDAIE
random_6383,NQMCFVFGN
random_6384,FNRMCWVMWI
random_6385,PCKLTLAQW
random_6386,VWRIQIWPELTLREFYIK
random_6387,SHPWQYSLTCNTCTQ
random_6388,EIDFHLTYEVDEHMCL
random_6389,FWLLSVIIT
random_6390,NAAKGNIIRC
random_6391,KYATC
random_6392,PMVSVE
random_6393,YCDEMAR
random_6394,TDKEKDAHI
random_6395,GYQPCL
random_6396,YCVMWF
random_6397,EWCYNLGDSLTKDKNITVNMHLWIWPL
random_6398,AWYGFHHPKVIWSNYEVYRPHE
random_6399,YRITYIPPSA
random_6400,MFMGTTTTLTGVVEDTNMNQFGIETS
random_6401,RYGNHSPESY
random_6402,AAVKYNGAYY
random_6403,DSSMKDMVFA
random_6404,FRRINDEKLN
random_6405,LATNDFRKMD
random_6406,PKMKLHYNLKAVW
random_6407,EYNTCEHVDSKWLM
random_6408,PIDKEITYKCSFIE
random_6409,LVMHKEQYGW
random_6410,PQQVRSSDME
random_6411,MEEVPL
random_6412,EVEGFEEVDINHV
random_6413,NFPFCHQNGLLVFH
random_6414,IYWPCTLYFIWITH
random_6415,QHENCMAMEY
random_6416,GETFLFYAWWV
random_6417,WGWACAEQHAFGQ
random_6418,NVWGQSIRRK
random_6419,SIDKVILNPLWID
random_6420,HPHTITEQIPQVGS
random_6421,DYKWCVIGHWHMVFN
random_6422,PQKCIGCDCCCTY
random_6423,WLDHVPEGQDTHGE
random_6424,KWGNKPEDFWRSCSF
random_6425,CAMVQRNPLGRP
random_6426,YLKEWEVGCPGRIC
random_6427,IYKGHPRHPYHT
random_6428,KCAGEAVDVHKRL
random_6429,ADVGEAILSIYLGGNLMETIYYTPPMLEH
random_6430,HQPVYIQNMSKLMQTRLRVHG
random_6431,TQSLGTNMIGNVM
random_6432,QYYAKGPNRALTHGLEAMSEQYPM
random_6433,VRPAVIPNDIHTIWKWYHVP
random_6434,FFDRWYDWRKPSM
random_6435,RWSHNDFDADPWELMTNRMKFQT
random_6436,WWVWSIGMYPYSLPQRWKLCF
random_6437,TWHFYQFQHHDSGLGANAS
random_6438,PMSYSQKPNCQVKS
random_6439,PNGVYEMMYGAVKYNCH
random_6440,PWEVLFMLGNHGVAVAY
random_6441,FHIAHDEGAW
random_6442,NNRWPPNYMFPDHIVQ
random_6443,GTLHHWKHYIHEMDPQ
random_6444,ASHPFGFLSDADVLVR
random_6445,GTEIFVCGYTLWNFIY
random_6446,LGLIGGCVMAKPDYYTWQAPDGRWSE
random_6447,GFSFNEVFQILKQSQADIVSVILLPCVIQR
random_6448,VPTCPVESDDVTTFHWPFCHC
random_6449,HHMGNSPWFTQTHS
random_6450,GYCDHGK
random_6451,YYPGVYYPDWL
random_6452,QCFEYQPVRAN
random_6453,RCANHSERPDLKSMPDYL
random_6454,LRWFELVTDMALKNMGHHC
random_6455,RHHIDPSKNSDYKPCRFCMVRNSMHETFEP
random_6456,CKWIVMGFYCYDIEANFFWSWRKHLFIGFC
random_6457,QRHSDYPQSFCSPDPNKSDMTYKQAVLTER
random_6458,SPVQDPVCAEAHGTDWMMWNWWVQILS
random_6459,VYHLHDIVHRMLWGQWWFTHRVGSHAHAW
random_6460,HPVPFMYRSPGNWFLIRIYIYIRDFMTIFE
random_6461,YDHGGCKYTPNPAVRDTIIIMLNMIE
random_6462,NVPPMGDSQENYAHNAIRDCGNHFQCSPCG
random_6463,MHTLEEHRNDPFVGGIGKIEKVCVGEDTHS
random_6464,QYKMTDANGKSAWDCTMNWAYCVKPISSTM
random_6465,TIEIDPNIC
random_6466,KLYMFTISR
random_6467,FLSFSGFRF
random_6468,IYNCDIMSG
random_6469,PMRGHFPVY
random_6470,QCWHISSGP
random_6471,KIVDREHV
random_6472,THGAWSVQKSPVK
random_6473,VKWCDARI
random_6474,EIHDPM
random_6475,VLVSEIY
random_6476,RKWWSPPDGQEIRFYVPMD
random_6477,DAFDCIPLFPMAELWEQSV
random_6478,MVLTDDIYNRGTMLKYSCR
random_6479,SQTLPKMFIE
random_6480,VSKTQLLRLF
random_6481,PSANIQKDCI
random_6482,AIKKVFGQCD
random_6483,FQSTWSIRGV
random_6484,FNKMSCDSQHEATHAHRMDTVPRV
random_6485,HEQKYHVR
random_6486,VESVHYWK
random_6487,HAHMDCRP
random_6488,QLTVWRAWWCSVKF
random_6489,LHGPGS
random_6490,PCDHHLRVPHWQ
random_6491,GAHTRHHVPASFAWHLL
random_6492,TGGKAHFMGPTPSSYIAGYKWA
random_6493,EFQTICYSWPFIK
random_6494,FTGYRATIMQRYL
random_6495,IQSMHCGITAPMA
random_6496,LPYVGMCCDKNNE
random_6497,LEVPFCTDFWLRRF
random_6498,KKPSQLAQKHYHKNCGYC
random_6499,DTRHQLIRYEKQDKNRDR
random_6500,SCCQCTQWWRFPYGPNS
random_6501,RPCWLPGSRWVSIMVSHRV
random_6502,KGIRRTENKPDCCSDAMVL
random_6503,EHIHLYVGLICHPKSFFFSL
random_6504,AYSPKCDSTQHWRD
random_6505,DPWPKEMYKKMSDA
random_6506,LGHQHSDAHLWLEM
random_6507,DFYKEYSNDLWFVS
random_6508,FKRKANFDSRFDLN
random_6509,NYGLHGCKLNSQER
random_6510,EHCKLYRIDEDDR
random_6511,EDKAHHIMVPIGR
random_6512,STSFGQGGTCMGR
random_6513,TMRSFPGDMCRA
random_6514,PYDELEYSDQK
random_6515,LVPPMLIPDY
random_6516,AGESQTRFKGPII
random_6517,GRHRSDIFSQEKNKM
random_6518,ESVSMHTKPLLYVR
random_6519,YMCTHKNDTHWCM
random_6520,PSAWMVQHNAFVHV
random_6521,FNTLYQRK
random_6522,KKRFSYGF
random_6523,HAKPMDEY
random_6524,KMHMQTID
random_6525,QMKHMTMFY
random_6526,LKCGEECRI
random_6527,RKYFDQVRLNGYV
random_6528,AWVENKYRVGQGSICEGQWYFFNMAV
random_6529,HTGSGTPKVWRGMHKPART
random_6530,ELPWNSIA
random_6531,FCRQGKAIA
random_6532,QNQHIVRGH
random_6533,YASHREPF
random_6534,STSRMGGH
random_6535,NTAAENST
random_6536,FGSYDGNF
random_6537,MAKDDMHAEQAE
random_6538,CKAYQLWEARRV
random_6539,AKAYMFT
random_6540,EMYALVK
random_6541,RAKMVAR
random_6542,STANTKWP
random_6543,YMPDANRW
random_6544,LWSYKPFIHR
random_6545,RFWWAFQAYF
random_6546,HGHPQQMMQKKFCP
random_6547,KKGMVFIPFWYKDW
random_6548,SCVMVQHNMQPNGVSY
random_6549,NEYQKMCNMPSNQELC
random_6550,ANWKFREEPRFFHNNYEP
random_6551,VAPLQGPSGVRLAMQQQR
random_6552,LESKIDEVAAKC
random_6553,GNICCAMQTCTGVKCEICYENFRKWMDPAP
random_6554,TVKPVRWML
random_6555,RHMGIGMDN
random_6556,MQEHNFWQP
random_6557,CPQWYMIPF
random_6558,FRRQGTGQWARFWQVMGRCFTIM
random_6559,STVEKHATWEQALEIRNHDIQDPSWL
random_6560,CRNNTPKYKFVNHVVIHPVHM
random_6561,PVNWRFGKQVMILFNANWSRPT
random_6562,VLMLYAMQHIWEW
random_6563,VSFYEGCHAFHPH
random_6564,RREGYTEFASMLR
random_6565,ALGLVKPSRCWL
random_6566,NGKCHAGMSEEG
random_6567,PKDWWARNHATY
random_6568,EEFCNVGLQNVA
random_6569,KDHPQIRKFMHKYM
random_6570,RHLEQWVLPEKGQ
random_6571,ENSFHQWQKGTD
random_6572,VDDRVQHRIDTL
random_6573,DSGEHEESYLRSYYATLCENSCV
random_6574,QSPFHLIVQKVW
random_6575,RVYNFNMGDDWF
random_6576,RTENRWHIYQVVCTTQMTRNNF
random_6577,KGIPKKQMWGALHGGVPIMNTT
random_6578,EFSNEDADYIGTVVY
random_6579,NTFAVIQFNYE
random_6580,QYFVQAFPHRE
random_6581,GLDMQWPKYILQAHDIAQYEDLQWVKYKM
random_6582,SPIPDTANSRFNRTTGAYTRFMAVQDL
random_6583,WAKIKNLEKHCYRHHIRREY
random_6584,SYLGHLNCQDSYMCVTSTSY
random_6585,RYLVCEGCFTGGGFLQFRNDTSMQ
random_6586,TEVECIPCAMTCSAHWIRQEDQIYRQN
random_6587,RCSLPCDGPYVQEKIVQIDYQ
random_6588,RSIATGGMH
random_6589,GQEEATHEG
random_6590,PIFSDKFHG
random_6591,WQSAGHWDI
random_6592,AVITKSKKM
random_6593,CSGCCDTCH
random_6594,GPKHPKWPP
random_6595,PTWDLTARI
random_6596,WRTGQERHY
random_6597,DIIKRTYYV
random_6598,VFKDTKGS
random_6599,GTHERCVYSR
random_6600,SILKIRET
random_6601,WSWSI
random_6602,WEVHGKPDACESLYPVHIIAEPDKYEWWLM
random_6603,QFMKMKWMVKMYKQIDAIG
random_6604,MIARGAEPVDTWRERRQDK
random_6605,MYHLFEHDPQDPE
random_6606,ASVEFCVGNGKSQ
random_6607,GIFYWHHEFPLMW
random_6608,KNVQDHVGICSMD
random_6609,VPDHELVQLEFTN
random_6610,WEPFWWCTNINWI
random_6611,AQVMFHIVIQERN
random_6612,MVFKFNFI
random_6613,DMIEWVRW
random_6614,ARSLDLSD
random_6615,PDPPIRLW
random_6616,TDLPAGTFSWKYTEIAAEKKVPMLMP
random_6617,AMRYNIECFVSFPTQCKY
random_6618,EVGTRTNEVATDKREIAW
random_6619,GYCNSTRSIMQLGYDNNS
random_6620,VSLEHNNALRIRLDMKWR
random_6621,IAWVFLWTNWTYRGSSSV
random_6622,FSTWCMDFNFQYAECWSC
random_6623,IMQCDHFKSWNFHLYEMF
random_6624,ISCIYFFTMNPGKKRRLT
random_6625,HNDGEATPYRHEHP
random_6626,DFQGYVHSIKQQWYFG
random_6627,PWSKEQFNEGMRNHRYCF
random_6628,LWNSQNWVGYYNKCKM
random_6629,ESLFHACLIQVYGERN
random_6630,CEQWSFHTRYDCTILSRSIGIWGIQ
random_6631,FVGPVL
random_6632,QIVVAHNPID
random_6633,YCFQFAMGQSGDNV
random_6634,IAKIFCKQHANQYRYKCV
random_6635,SMPHENRLHRNWMTNMPACAEN
random_6636,MDESRQYRRDIEFKFPD
random_6637,VRQAMVIVVMPIVKWEH
random_6638,GYQMPL
random_6639,PVLAPHRNSRCQ
random_6640,RSQLKFGHLAAIEVSSME
random_6641,DHDCMNGCFWRVYGDNKPICETCS
random_6642,LMYNDMCRATDA
random_6643,NFQVWSDSTDIEQWKKKF
random_6644,HMWFMLVCDWT
random_6645,CRLTIRQQKPNYT
random_6646,ATMGKFCSAEYIMEM
random_6647,RLIHRTCLNAPVFSQSC
random_6648,AEPLAVEKAESRLFCRHRE
random_6649,SWELHNCGNNFAKASHCFLRY
random_6650,WAPNCGWTIQYWMIEGSPGQHLQ
random_6651,AWGEIYVPGLGFLAVCHGRDMHGRF
random_6652,MPGEFQELFECGRDTWSVGYMELWRAK
random_6653,KQDRQRERKQHMN
random_6654,SKKDDHMWADGLG
random_6655,QFDHVYFHQGNYY
random_6656,DNKNQNCDPAGCR
random_6657,TFHISTHKHWGIDC
random_6658,NDMAAHCFSQYITR
random_6659,AQSSEVSNEKNRFDMID
random_6660,HQSSVHLDNTRLPIKCFWQPRY
random_6661,NHHDMVH
random_6662,ALECCFWRILIIT
random_6663,CRKTQDGD
random_6664,VHQHRCRMYIRWSKGGISWH
random_6665,HWWKLIRVFLCKVCKMQQMP
random_6666,EPRCCRSRWMFIISI
random_6667,CGMAQVTIPWDVYEGFMEAVEE
random_6668,CLHLRGDWQFLRAHYFCVDYIHILRK
random_6669,KLQDYKRQNDPHLQMNPMTDNGYVAGVI
random_6670,FYEVQGTQLHHKHFGAKAEEF
random_6671,VIAIHIYY
random_6672,DQYNEGKWASTNTQCHNVLHSH
random_6673,PWIFGTQNAEYEHAMQQCNSFI
random_6674,GYAYNPAQTADGNGWVDN
random_6675,IETAANLTLYWELVV
random_6676,KCWKESNADYHWIEKQIF
random_6677,KFCSSVSPYHSQRAREPGTNCQKV
random_6678,NQKRSKHNK
random_6679,VEQMHRQP
random_6680,PAQEPK
random_6681,CRTIYC
random_6682,MADACF
random_6683,PMDNSL
random_6684,VKDALCRH
random_6685,YCDERHSTGP
random_6686,RMCATFDRQTDKLTKPIRHSKIQ
random_6687,IAPRDDTMLP
random_6688,TIWDTQFLIF
random_6689,CLEFDMDCR
random_6690,TLWSYFQLDSHEMMLHSGVLWKSI
random_6691,CGYHADSIMFYDGQAMTVQV
random_6692,SNVKEYTLMLYVRVTGDMF
random_6693,LNSRYMQDRFGFWLANLGVLEECK
random_6694,ALSVCADNWESCGVWSGGMIPAA
random_6695,AWHIGTHMDGPYVEW
random_6696,ASSSWWLTHCACGTPVEKDNGLT
random_6697,PMEKQYKKHTIQWRK
random_6698,ETNRNRCPFMQDAQGC
random_6699,MNAMSQR
random_6700,DPDLAKPWEDEIL
random_6701,HTASGFVCHSCAQ
random_6702,PSENDSYEGWWTC
random_6703,ICAKFWIPRHLCN
random_6704,WQTQRRANWFDSA
random_6705,TPFMCYAARGGQWCG
random_6706,DNFISFPDLNAHQSLPPVTQI
random_6707,THWNHIIYRIKSENRHLYEL
random_6708,GNDNIWCRMVCLVHDNLSAP
random_6709,LVHWPQMMIAIKGELSYSQN
random_6710,PHPEHHYEMRDGPRAAYGRK
random_6711,SRSMCLDCGWAKYPCDRPLR
random_6712,DSPWHCDYQ
random_6713,EKEFCDTWPH
random_6714,ADAVQEAEITKFRQ
random_6715,SNDETYADNKWAA
random_6716,CTLEPSNELIWTQP
random_6717,LMSMTLCMHPQTPHADIRCWKTLGFRCYS
random_6718,SMTGIKHYIDYTETVFQRMIQEDLCRFEF
random_6719,QQSLMNMPRWKVFLTDFEY
random_6720,SVTGYRNHKLKECEL
random_6721,HSGNQFPNLTICKW
random_6722,YDNDYSAQKHPLN
random_6723,EPVTWENCTDAH
random_6724,VTKQFTIFNEKDHLA
random_6725,WRNRGHHSKRYAHEW
random_6726,HFLHQCHQN
random_6727,FRDNPTEWFAPYCDD
random_6728,YHCIPQHSKFCQDGW
random_6729,YFCKLEAYNFVTMWQD
random_6730,EMKGFTLSNC
random_6731,LAATSLDVIVKEAG
random_6732,LKGWWGGTSVIIVHW
random_6733,CQTYKDGRDSLYDHNMR
random_6734,ELQPQPHCFDWKVIACRCDFPN
random_6735,WWCMDSECACVHNTLDMKDCWVSR
random_6736,GCEQYEMIRTCQYPMMEDFEGYQSGY
random_6737,TNTMGRDKTFLFTMTKHHVKTDRDDAGF
random_6738,GPKGMPTCKDICWE
random_6739,YTASVLWWQGTQREG
random_6740,KYRCSCRKTFYSEECNC
random_6741,SECETNTWWPRQALPFIYWCGF
random_6742,AFAKWLPQVEQDHLAPTLIIIGEI
random_6743,ATFMVGDSNASGIVHEILCTTTGENY
random_6744,FLFCFLEIHQGRQWFHPGGHAWINYDVT
random_6745,ALCWGFKYMNQPSD
random_6746,WYDTMNIETTDMVHR
random_6747,VSEISPSFGLYWYVGDA
random_6748,EPKAPAGLCAMSDHWLKPN
random_6749,FASFLGKHTPHDIHIVNFFSVK
random_6750,DLPYLYVRPDAMVWTKLVFRKMIL
random_6751,FHQPWKMKEMLYTINGQRNDGVFDKR
random_6752,IRMHPIHKRYLGCLTSKRAPSRQCVHCD
random_6753,YCKSFFVLTSITKEWTLPDMN
random_6754,AFHMCNLKCHKTFTFWKVGWVV
random_6755,RGICSPMRGQMCILGSL
random_6756,AIRAAVTEVKYMRSVQD
random_6757,EMLSWKQMETRCDFDMR
random_6758,STDSYPSDQHQSIHSVH
random_6759,KYHAQE
random_6760,HQTRDIIDATINEEDQF
random_6761,LMRKKQDECSM
random_6762,HSSLTIVVTTWYP
random_6763,EKKLRWNHP
random_6764,GMLDKEAIF
random_6765,TNGRPFINN
random_6766,IIIFTYCFI
random_6767,AIKCHWYHF
random_6768,YNCCHVLKL
random_6769,NYKSSWFRG
random_6770,SYLIEIKAK
random_6771,LMSYTFVLMNEITVRED
random_6772,TMDCYLHVAVECSGPEI
random_6773,KWAFARERDNDRFWSYG
random_6774,EMLDGLVQVYIVNDFQH
random_6775,LLYHDPCVDKLERCEWC
random_6776,AHYNHVWAHPTFIFEVF
random_6777,MLWHMGPGWSNCL
random_6778,GSHMYRLIRKNHN
random_6779,LKDMVVAGSIMIDHFNTVCWAVEKTFIWH
random_6780,QTKEVPYNDPVHF
random_6781,LHINQMKDAFIKW
random_6782,TPSGYYTTCPHCQTGIEFHNKL
random_6783,FLASKGDDRPCMA
random_6784,QAVSPRNCTTSHTDESISP
random_6785,NCKMHWQGKDYQC
random_6786,PDSADGLVCVCAQRTEY
random_6787,TGCNPMEDEDMESDDIM
random_6788,HEHFIKSNYIKYTWYQRPM
random_6789,NWAFQICHWALSDGGW
random_6790,FGDSNSPFRFKYSDMNMFGQ
random_6791,QYGHEEETWPAPK
random_6792,AIGYFYR
random_6793,SAAADKTM
random_6794,GKITIVWDELSCLERVFWNA
random_6795,ISTMCQQIKL
random_6796,CGMHNPHTIGC
random_6797,TWLIRYVKLSLM
random_6798,GQWALDTEWMYMW
random_6799,GMIGSECHDQFLHR
random_6800,WLEVRPAEGERDFMMTPKDKIPIA
random_6801,YTQFNFAIICPEVVWFTCQDRMME
random_6802,CEFGHYYAQGGMV
random_6803,PTSRMPHPTPWRWMISRR
random_6804,WYCTYIEGRGITCQNLVP
random_6805,ARQRCEYWQLC
random_6806,MGFNGER
random_6807,RFFFSKND
random_6808,CDIKKSILQPL
random_6809,SMDVAHCLPECF
random_6810,GVAPQVWLTNMAI
random_6811,KDTENPGYARKAQV
random_6812,YRGCVGR
random_6813,HPNMDKSS
random_6814,VKYLDVQNP
random_6815,MYFHMISFTV
random_6816,AAAIIAEKSTS
random_6817,YRSYCRSKFYMG
random_6818,LHYYNNCDRPQQY
random_6819,TTYVFWCNWAIHNF
random_6820,KESQKIQMSTHP
random_6821,CRVTQFWGVGW
random_6822,RAVHPHPVDQP
random_6823,MFQEFYSCWVM
random_6824,GYVLIGAIFNG
random_6825,CCGWKWVMKFL
random_6826,APEPNTFHFKH
random_6827,IHWIMYKFDQD
random_6828,SISLPVRQWHNVIRF
random_6829,LGVLNISGKMSCYNS
random_6830,ALVMQDNNFGLMMRG
random_6831,KTRKTTPCRKHQVWP
random_6832,NMTNGCHFYFGGPAG
random_6833,PGKYPRYEKIAGNKN
random_6834,LQQSNSEPSSPIQYLQGD
random_6835,CIHTWWYMCNVCAQCCAP
random_6836,KYTHIKQACCSGCWLCLEEGGYGF
random_6837,SHHSLPGLVIDSFAWWPTFTIEVF
random_6838,CAAWHADVSTLTRYIHSNHKWCCR
random_6839,HKPHHAKNETPTNYDDYIQGAVHM
random_6840,WWFDGIMAKQEFIEKQHEVKQNKL
random_6841,SSSFVGEKTYYT
random_6842,DMLMIHSYDPET
random_6843,KNSQHGLRFSG
random_6844,AILYDMFVAHI
random_6845,MTEFQNIAIMQ
random_6846,VHAKHVQFEQA
random_6847,WWTASMFELET
random_6848,MCHIIATWHFA
random_6849,FYRWPFMRQFC
random_6850,ECNDFPLFMWQ
random_6851,NHERRFDCSAQ
random_6852,SQDIWRLEWFL
random_6853,RLCYYEDPS
random_6854,KFERDITDP
random_6855,WMPSYVTRY
random_6856,GVDCKAFIN
random_6857,TWTSAVDGYAI
random_6858,FTIPY
random_6859,FGAQKIMNNWANGQIT
random_6860,RTHNMETWMLHWMMD
random_6861,GSAKETFYRKRHVRG
random_6862,WMTFGSKRETDDGITCILKNGRKE
random_6863,TLKYAMQYRPNTGCDSRCDVGSMA
random_6864,WPPYSCYWMPQTHLG
random_6865,HYAGQLRLCSHFYYSNK
random_6866,WPQGWILAETRCMPGKDCTAIKD
random_6867,YATAMEQPDLEAVG
random_6868,KMIFTMVQLKH
random_6869,GSFLKMNIDRTSEVCHKCCD
random_6870,KIGWPFMC
random_6871,PFWMVFNHVDFHTYFQ
random_6872,CHDKNFKLFHECH
random_6873,RCAKSYPYQICEA
random_6874,TNHQNFQRVHAMEQYIGDSGRIKMT
random_6875,AKMSLCTMY
random_6876,HIPLQRRDHTMDRIERP
random_6877,TDDVWLYIVRYMPFNFQ
random_6878,RVCKDFEAQSSGYKMTC
random_6879,SDPRCPCGNHMQSSFEY
random_6880,RAAHESLGAVENHRVTE
random_6881,ACNCKDIQNQCDACLEK
random_6882,HPRWCLNYPSPEKDTWCLRA
random_6883,EGMTDYPCFSVIHGDEARYA
random_6884,MLFMIRKKDDSIGVQPHRPT
random_6885,LSNRMHEIHHWHASECKVYP
random_6886,LHNRDTLSPQIYDDVWMATK
random_6887,YTIDGQIIPYLVCWYFCGWW
random_6888,LSKPLWEQALTRCP
random_6889,ADHQSM
random_6890,QGKKE
random_6891,NWTRLRHKIAAN
random_6892,NCMREDAEWAWVACDFQHM
random_6893,AEVTYCQQTSVREFPEPGQ
random_6894,TWKMHTEAELWHGHCPPH
random_6895,PHCYMA
random_6896,YKGTPSVRDKCTNNKWRNSGKILLWE
random_6897,FWIHIQMAANKNPQGWPNKENCVYDV
random_6898,NTCNYNDEEMSIDGDHPICTIGRWKC
random_6899,WQLRQYVWGNPRWSEVKRLTQVEAVW
random_6900,PVATQNFLWCQTWRITFRKWVVGGSA
random_6901,VANKDRQMGGKVVRCNGIHNVCWSAP
random_6902,ACLHEQMECARRVFWIR
random_6903,DRIMTFGTNHCKHRWVSMET
random_6904,RWGTKEKPQFADCQLWEEEF
random_6905,HDAQENPQVKAVCTQVCMDR
random_6906,VTYGWMGAHATMYYG
random_6907,QYEHSNKDYCMCINH
random_6908,KFIINRGWIYGFDEK
random_6909,NHRANLLNICQCAA
random_6910,HAAYYVCLW
random_6911,VFSPKYPAAACWNDMKTGRW
random_6912,DWWICFYMRANKCGCRMIQA
random_6913,SGVDCMDHNQVYPFHGLGKA
random_6914,MMIMLHYMHDVYRIINEKGE
random_6915,MNGKKRYGCNATEVIECDCF
random_6916,PCTENINCFWMFV
random_6917,NRDNAFPLIRQLM
random_6918,QYISKESWQAAAN
random_6919,RGESLSPGTWSHP
random_6920,EFPSPFADCKWEI
random_6921,LHWARRDWCHLQM
random_6922,SGYVMILYVVPSVDAFEEGP
random_6923,DPHQPLDMNRDNPMWMCMGL
random_6924,SGFKDCMAMGGEVGFCLQKT
random_6925,WVAQTESLRLDAGVMWVECM
random_6926,GMVHENSAFVRVDTNQCFVL
random_6927,HWWISDANQFFLSMDTYYGC
random_6928,IEYTWPQRMVVASDHSRFCE
random_6929,IVNPPLSWLDPDHTRCMVDM
random_6930,VRDIGGHNDQLAFVQTFIGH
random_6931,VYADHFSTCYGIRTYWSSNV
random_6932,DMNCTNCVFIWAFFFYEADF
random_6933,TWMPIKDCMHNVLMWFNVNA
random_6934,PISIRIIMRWWALVEQHNHR
random_6935,VLHFVNSWGSNDVLMFNSGSDVI
random_6936,DWTRSTKKRMVAQAHASHLHAVL
random_6937,KWGTPNYPCINMVRFCNFCPNAN
random_6938,AIFHVNPFAHWPYVYPGGHHAESLW
random_6939,LGTNPFICGVCFYHFSCSIWFVMSL
random_6940,EATAQMKNYQRPLFSNVHARSLMRK
random_6941,MPSPMWWEQCKGCYPSYASRKGERH
random_6942,LILHNNPRCPEAVHTMYG
random_6943,YSANVECVKRRSEHACVI
random_6944,GRANNS
random_6945,RAQNEWWTDFHAYDSNPPDHMLYGLQ
random_6946,GVCDIDHTKASVRREKRMTELRTCQP
random_6947,CALHYEHKRPNPGLCHHRRLWVKHLR
random_6948,YTNSNSCCAAFTHWTRAYSKNEKCFE
random_6949,FFMNPHEYKADAIMAWIQSVVNDEGD
random_6950,CVGGHKDIVRWEIRFLWSMDPRFPPV
random_6951,HMSDGPAGHDKKYMSTQKMCHMKKKI
random_6952,LSNCDVTVKTIGYRNPTATRCYVDSY
random_6953,MIVAHYDTHWHQNHRRGCHLCD
random_6954,WTGEYPDCWFHRAKKKVSQHTGGMVNA
random_6955,MYSNYVEDWERTKGCGIGW
random_6956,FCCMSMRWC
random_6957,RDKQSPSKHRPDEYKLT
random_6958,TWPDVLMNDWMPMTDSN
random_6959,EGFSRAYTTRTIADFLHQAMRGIDVMAND
random_6960,IAHQKVPGPFEGMKPSPKLGKHVIWWWKV
random_6961,KRTMSYKDYYRANGDPNFPTWIQWYHGHRY
random_6962,DCLYMGSRQFRKKYQEPMATVKVVAALAM
random_6963,GCHPTMKLVQQELRILPKNAPEMHNWPCK
random_6964,HPESQAYSHGNQCGTADRRTWHDQDKGVP
random_6965,KKFMMTCWAPAQYWKGFNAFSLGWLPESY
random_6966,TIHSVCKWNWFGMKRRGITQDMTLVVCYW
random_6967,VYYHSNRWSIWSMRKRYQEPTEDGVACGT
random_6968,TRRTIRKQGEYWRTPPYHVEWFKFDFCFV
random_6969,IQPDCQLCDSVA
random_6970,SPLQGSEGVL
random_6971,CPPQDCGCGE
random_6972,ALCAGPVKGW
random_6973,TDPRLHIFKLKDA
random_6974,MGSTFSAKPCDHY
random_6975,ECPYLLFDYR
random_6976,VWHFLMHQAE
random_6977,MQLEMYHWCH
random_6978,RIMDWWEYMN
random_6979,PQNHSVHSPW
random_6980,HPTIKMTINY
random_6981,TTTQKMRKNI
random_6982,SHIKFATALL
random_6983,VIIYIQKPKS
random_6984,EMRPGKKAPF
random_6985,FSHKFSGQLL
random_6986,IIYWFYWNKL
random_6987,HFTQNMPECS
random_6988,SWQNLWRCAY
random_6989,QRVRCQQIMF
random_6990,EINIHMTQLG
random_6991,QKIKCTHGCS
random_6992,KHAPDGCVRNTTDLTN
random_6993,WDALANLHAKLWSTSVKGSWRLMAMIKL
random_6994,QCSKNYNIHTYHIRAFHNMWIYLT
random_6995,MGTAMICEK
random_6996,YLDHDCRCD
random_6997,EEFYSGVWISAFQWPECD
random_6998,PPWDECMNQHCCFECMCS
random_6999,EQGELCEEGLNACKQSRL
random_7000,AERYTILYWFHCWGFDGD
random_7001,LYRWEHGWTRMMRTVCYT
random_7002,CRFMYATHMKNHAFCPLK
random_7003,PNHVRSCYEKWWFSIQIY
random_7004,CIWPFLAKWANWDLGASH
random_7005,KKIYRDNYNCSQVEWKYVMH
random_7006,MTWRHTCTCNMYQGPNYH
random_7007,WDEYLAHSSLVDM
random_7008,LRMNTLTFGKFCA
random_7009,LAIIFCPTENGA
random_7010,WHRKLCQENTISEN
random_7011,FLQPNSPRAFLLLQ
random_7012,CHVQWWML
random_7013,WYLYSWNA
random_7014,NNNDLFNC
random_7015,NQTFYCEW
random_7016,NPEATTPS
random_7017,DYHKHAFH
random_7018,YGTVDQVYVCCIACIFLVCNT
random_7019,VERITNFNSYFVNNINYK
random_7020,SIVSGGTKNHHVLFV
random_7021,KVLALWCQISKV
random_7022,ILDYTKQAVFRFMIVEKFFYPMYE
random_7023,KDCIKMQTYAYD
random_7024,ALTEWEIFLALL
random_7025,HLQIWIDYFKSRTMQNYPDDYCSD
random_7026,PSFPCTQSGFTDYRCHHVRCDWCG
random_7027,QVYHNYGISLIYWHIYTENFSPFM
random_7028,KTKNRDINYCMLFCVHKNGHKSMS
random_7029,MYWMWFHMLAWYLIWYGCHDGMLF
random_7030,MDYGHSHKWIQNY
random_7031,VSACASWIVYQFGCP
random_7032,PMMCDRGRMHWL
random_7033,GIEGMICWKANGWGQDIQCTRN
random_7034,GWNYYSFDWKHSY
random_7035,IRVCLMDSLE
random_7036,ICQEYAYMK
random_7037,WGWVGIAYQL
random_7038,RVVEGNCGEC
random_7039,SADVVYWAKI
random_7040,LKRTRVDDEI
random_7041,KFLCPMKCGA
random_7042,FESTVDDIVP
random_7043,RYPTQMIAQF
random_7044,LNMKLKVMKGQW
random_7045,TFGSPFYNEN
random_7046,YHITCLTFSC
random_7047,VGMAKRNFLN
random_7048,GVYAHQKGEW
random_7049,ICNSVHLTQM
random_7050,EPNRPHTVHK
random_7051,GVQKYGECFP
random_7052,MTCSY
random_7053,ALYSTL
random_7054,KVDGGE
random_7055,NLFCEM
random_7056,CNTPCMICMSK
random_7057,CIYFKYACQTP
random_7058,EHRDKRMAEHGRT
random_7059,QPDTAPMPNTMCV
random_7060,HGCSVLWDTDMCI
random_7061,EWFSYDYICMNCE
random_7062,WGQEGSPPGTWLECFGVCSG
random_7063,QMMCYPFDDRSP
random_7064,SFWAFFNCMQGE
random_7065,YPWRNSKQFGKW
random_7066,WIWVGYHSAKFTGQDEYEIA
random_7067,GQATFDGQPRPWINPIQLVM
random_7068,PCVEWFNTKEMNSSFGVEKL
random_7069,KVQRSYASIVLRQMNDC
random_7070,RWVSTSTLYLESNWKP
random_7071,CVMQPARGLTEYANY
random_7072,ENSTYGDESSQQHY
random_7073,WIRLPINDRSSNK
random_7074,YYYMCYNWQKEGCDAVTWWRRQALL
random_7075,QSHHGWFDYWGGFV
random_7076,SENWTFITVQLLRK
random_7077,VWFFFVRTIIYRLM
random_7078,CEMLERQTYRKWIT
random_7079,KRMVYKHHNFYGPKTHIQFCNQNYCIPRP
random_7080,IIAKFSRREYRCSSKSWYSWNEDGHKCPS
random_7081,IWEARMVRIFTSQQGVDTRNCYTNLICIGD
random_7082,WCYTYVTRWQDYCKTWVK
random_7083,TYWMQRRKCSMPQ
random_7084,FMIVCRFTELAVIMCL
random_7085,YEYIIQIRVWCGLDHQYIRDT
random_7086,LYQMTESPIRESLEH
random_7087,EQRDYVPVHDIQAWKPPKSL
random_7088,FPCAQWNASNICLCDI
random_7089,GKTFWCDHCNIYQTLQ
random_7090,KPMVTQPLSYKDW
random_7091,KWDHEWLNPD
random_7092,HNFREKFHHVDKQSQCRIAPFAEK
random_7093,VTQNGHQQPYSNELHNYYNNPPWFRIYRC
random_7094,KALETEFRHANPNQWTKYMTEFEAPCSIFI
random_7095,DASPCVHECGWM
random_7096,KRAYRFIDAILL
random_7097,PYKTWNWSQGLWK
random_7098,FKLTHPNCGSVFCQSR
random_7099,RLKWWDKDGLVQNFFE
random_7100,EIKRRHCRTKETHAH
random_7101,KCHNIIPRYYTY
random_7102,FASFTWEHQVSKFLKYGQPGYCTLGS
random_7103,NTVQYNTYGTLHRSSEEMMQRYLCL
random_7104,LMSAWNPYALLVSTYKN
random_7105,IGPMGNNVKRDALGVD
random_7106,LNVIGCTMPPHDWDDMCL
random_7107,SKQFAVMHWTQHLECVCQ
random_7108,LLSALPHLYNFDESLQLDHQHRKSLRRH
random_7109,QKICIFDPEMAQR
random_7110,WQPEVAEQFQSASANGLFKNAAS
random_7111,NLYGWPYKANCMPLG
random_7112,ELVGCIQEDRIFFLNPQTFTW
random_7113,KGLHGNKGNPYSPEWDPNY
random_7114,IFDSKFPAMHLDPFFFLCT
random_7115,VYEVSDVA
random_7116,CMQLWDEKVK
random_7117,QLDLLIKK
random_7118,ECWEWAKTKE
random_7119,IQRWWMYFWWTE
random_7120,NDSVESFS
random_7121,RTSVTRQSGN
random_7122,RFGAPEYEPYFH
random_7123,DEVGACDGKEGAFCWVFFYRWSS
random_7124,YMHKILWAVNHSS
random_7125,GHFQRE
random_7126,NANYFWK
random_7127,VELIPYYAGWLRPSPFP
random_7128,HTTVWVRQHGVYNAVSA
random_7129,DPMTYELKSDPIDTALEQ
random_7130,ILQVWHGTQYRKRQHQRG
random_7131,YANFQYGINGIPQMFFG
random_7132,PWSPMRFKHSFEDCAKL
random_7133,KIHKCAHRDKGNH
random_7134,LVNPWSWTWYTACM
random_7135,MKQILLTAEDTRDWK
random_7136,NYMTGGQVNSKVDQPLTAD
random_7137,NYVVHSMIMVHSHHQRE
random_7138,DADKTQFLNSGVSIISMF
random_7139,DWTDLEAYFRQEDWAEEWDP
random_7140,QHNRCVPTCMGPFHSWWEES
random_7141,SACTVSPVDVAGYNQFKDPL
random_7142,HNEQECLVGWEMAEYRWQTK
random_7143,PPFPRMHKYDRRAPTKLYDLGAP
random_7144,AAWANHWWRTWRWHNYEEPSSRK
random_7145,AMWAQNLETRIRHRELQD
random_7146,PETEFNPKDQKCK
random_7147,DRNTLHLLGHRWSQFRCFIIWMI
random_7148,YAPRQEVECIEHPIIKRDALPR
random_7149,WTTNMCYANLDQSCVKSTKA
random_7150,MQDTPAKTWDNCKIKGVQFDQ
random_7151,QDSAASENMHHVDNMFFIAF
random_7152,EDLGVAHWKTVDMEGEYAWQMHCVNS
random_7153,QIWQPWSNKEGLQWLFAQRFRHTQVQ
random_7154,IGKLSNFMDNTNFDTAETPHMPCHWP
random_7155,FSSYYRIEQFFRKMDYSYYTFGVLIW
random_7156,TLDAIPTIRTQANDMD
random_7157,SQAHKEICDATPDCMM
random_7158,FYVNLDYGLFNYFEPRTA
random_7159,PRTGHDEHYCDWDHHGCTK
random_7160,WWFCKWQDACLNYHVGRGI
random_7161,QCVAWFFFMWKATACYGMH
random_7162,WPQALHEFHLGKMHMDTRP
random_7163,PMRAPYIRGLKGLEPRHLT
random_7164,LDFFGLTIAQFALEIIPPMG
random_7165,RMYQWNAAGTGSPNWEMCPE
random_7166,SQIMMMVSFSREKIWQCCCE
random_7167,QVYPCEPLKYWSHPHCEYVY
random_7168,HEVTCYSEPSPAKSMNCGAK
random_7169,FTILPDIFTRVGQSMMLSIN
random_7170,SVMMPCIHAGHFTINVNKGQS
random_7171,KMVKHVAWNSVIHWEDKFHS
random_7172,TMRGASQENEAHVFAHAYYF
random_7173,SEAYGCFLIWMCPSKDIA
random_7174,TKLALHITCHFPYSRRHNHM
random_7175,CHQTYIKPFSWYINEKVITW
random_7176,VCPSQMQDADRPKPTWFCVE
random_7177,MSLLQYNDDRWTWIVLWTDP
random_7178,KDPNHGMTTHMSIIHWTGAM
random_7179,FQCAKKWYQMAFAMDQHVTF
random_7180,AKVASYNQTEMRLNEG
random_7181,CNWKTDHSAIFNAELSMEYC
random_7182,LVGIWQMDLWMIWVDMETYT
random_7183,SARLYHVHKFYG
random_7184,EGDLEAQTISEMTIPCFLCAGEC
random_7185,NKRECYSNQQMEDKGGDTPTHIV
random_7186,NNENVIRTYMREIARTCPGHDDE
random_7187,MFVRWGCSLPHFMAQLYMAEDDY
random_7188,SQVHQSNLRICWIAHTGNEIIRI
random_7189,HSTYPSRSNYDARPNYRPLILEF
random_7190,AATQYDHCPWWALTEGPTYGYLQ
random_7191,NGMHAHFMHVPRNNLTDITCFKR
random_7192,TRHDWKHCAFVASMFDSTCHLPN
random_7193,DTMDTHKHTW
random_7194,QSWPNTEINT
random_7195,NKVAFQDCDH
random_7196,KPLGKFFRYAS
random_7197,EQQMEKSCFCQ
random_7198,YAVEYKPDIKDYQKWSLN
random_7199,CFTGNDWIFVYLHNA
random_7200,TAFGCVCNMHRCWLWPPD
random_7201,GYSVFEVNKCHANDIANC
random_7202,DWQKTYQIIVHSQDLYNR
random_7203,FLDIYDLTQNASRDLVVDIS
random_7204,FDQMCGAKMYKVVQFVSATC
random_7205,TRCHYMGDPGIEKLVTKAGP
random_7206,VFYRIYKLHRPFIVWVRHFM
random_7207,WNKGVGWQRARVNLCHMRMK
random_7208,HSDCPTLEMWCTNCI
random_7209,NVKYIVELTQIPLFK
random_7210,YWQNRWLFTKTWEHM
random_7211,SDFYYHGEREWKDCH
random_7212,TTMWTLYCGY
random_7213,KIAKTPYGNR
random_7214,MTMAPHECTDI
random_7215,QMVCDPLEFN
random_7216,KKQTFLEGTL
random_7217,LASKEETNNM
random_7218,TNCWNGQLIFGMRS
random_7219,LYIPIFKNSACWMP
random_7220,RIKSSGHKHPHPKY
random_7221,VSVYADFKQRVSRI
random_7222,WKNRLENVCDLRDL
random_7223,PIHFHNCDEPWPIS
random_7224,MYTKSDSSDDPPRH
random_7225,EPKKWPPAKQVRSD
random_7226,NCRVQELEPSRLMT
random_7227,NCPDLICDNQRHCV
random_7228,WWHYVKASRAKDEIHYHVKHMDDVISSFPS
random_7229,EVSCKRPASTNFFPSLNSCCDNNCLFMNCA
random_7230,SMYGVHSAYGNAACANCLES
random_7231,CMYNQGIEWPCYQLFFPGHS
random_7232,RTPATFMYWHTICFKFYYWW
random_7233,KQKRGCVIDMLRCAHNAFNLKLPFKCQPLK
random_7234,RKDLMDNFYEWAGGFLWQPT
random_7235,FERPQGQPYQVLKWGNASES
random_7236,FNYPYRSQQNRQKGPPEPVQ
random_7237,IPPCCMFKYRFA
random_7238,MINTHIYLNLSQ
random_7239,FDENAKRYLAYW
random_7240,QEMRMGFSWVMA
random_7241,YWVDHGQYCLCM
random_7242,HWTIAHGYLVNV
random_7243,YVRYRMT
random_7244,MACFRPS
random_7245,QEHTKVQ
random_7246,FRSVECF
random_7247,VDDRLYT
random_7248,SQNDNWHPQWWGDEAHQIVTREMRL
random_7249,NMKCTYWEGEPMAYKCPRHWQPNDV
random_7250,DVILWMLAHSNHHYLNMIEFGTWRE
random_7251,RKDFNCMMQKDQWDHANGPAVVQFE
random_7252,LSHDLRMECKLETNATYASCDPLII
random_7253,ESTAPMMEVCINENEVKHHTDLDNK
random_7254,ESQNVAQRTCSFDFWLIPLNHPHPP
random_7255,RLNREWWADAKFEAVGFCYYKEYQH
random_7256,EYVTVNWMQAACKTPVKSEGNVRKY
random_7257,RHHENI
random_7258,LSCHDL
random_7259,YTLGED
random_7260,LTAFTA
random_7261,CEDQGLKIMSEKISCVQ
random_7262,LGVFQLLNHTFSFYAIT
random_7263,GAEGQWGKWVPQVCYPW
random_7264,WKDIESCMRAVHPCWC
random_7265,RPEGYSWTFFPWVEQSE
random_7266,RWLEFCLHLLCKTIQHE
random_7267,LNCIDRQTH
random_7268,KAQRHETWC
random_7269,MVTGALNCD
random_7270,RWIGNASRY
random_7271,AHLCWVHAN
random_7272,AYSIKWDTV
random_7273,MDVFKYR
random_7274,TDYITRN
random_7275,VTEPQTFAYWRWPAIELL
random_7276,NNKQTKNFSYESMWSAPF
random_7277,DSSMWEERQYQVYFAASGHSDR
random_7278,FYVRHWQCGDKITTQSFGTKGWDE
random_7279,KFGIGCFCTPEIFAQTLIWYSCST
random_7280,WNSQDWHEVSTARPVVGPIDYS
random_7281,QDPGEHCCSWTRRNTEPYHTGV
random_7282,RRWDIGCETTLASKINHLYVM
random_7283,SLDYFRMLDMHPQ
random_7284,YYSPCTCFQLTEAMGLCWPI
random_7285,QMITKTNNKRTFRPSMGNQP
random_7286,EWIHRKHEKLHYPVWRLHVL
random_7287,YPSHVHIGQGKPMRRESDCV
random_7288,FTMNMAFYPEQPTNLEMKMH
random_7289,NLSRGLITALAYRPKSCQ
random_7290,RQLDIWGWIFPGMRHQAIQ
random_7291,YMHSKNEEGLMLMVCHLWP
random_7292,TTALTCNWLNSAIWHTRKE
random_7293,LSLLMYDTYSLTFPINER
random_7294,QAPDCQWTHPHNMPIVPF
random_7295,YSSDFIQ
random_7296,LVDLR
random_7297,GFFTWVD
random_7298,SGREYMFTWQMEYAASVIAQ
random_7299,PEPIQHWGMDIDAMDKLVTFL
random_7300,RQQGNNEQWNTKAAIRMLQD
random_7301,RMNYALWNFDCRVCTVNTW
random_7302,IEVNWPSNWKSQTSKQDGNART
random_7303,EFRAGCHHLRCWMEIKMDS
random_7304,CILMGNNSCEDTMMYYDLT
random_7305,YWTMLYKNKSVHWVFL
random_7306,WYTYTANVGQPPRIRWWI
random_7307,FDWCFVCAEDDTSTFYVFFR
random_7308,CHEHDEMFHRSIWYYYWHQ
random_7309,VCSVQLWRWTSHRAPCSED
random_7310,CFDTIHKEMEQELYPTVK
random_7311,MTVETHATDTCHKVYTHA
random_7312,FFAERTIECAPNVPAV
random_7313,HVRRQLHVVDTSGWNREQE
random_7314,CDWHRPIARYIKILTI
random_7315,NAHTEQQFTHLDPVPINRMGCI
random_7316,TYGRHTLIYYIMAMWDAKAP
random_7317,LPTDRDLFKCVCIMRHPLAT
random_7318,ICPYGQAPLLWCQMSGA
random_7319,CGCLGCCSVGHYHIVAP
random_7320,ACKGDKSAHRQMEPPAL
random_7321,VKWQAPLFWDQNEPADSCSMAHA
random_7322,NGIMNPWVAAVVFPVESCLPKVMRH
random_7323,WVFNLRHVGMVEKLPMSSMQFMNAR
random_7324,GFDHATENVCVKVHPSRTCNTDMSG
random_7325,YESVTDFPHAVNNCRLQMCDHPRQN
random_7326,VLEKQFTPWWYKSIQFSKAYINNGV
random_7327,DECGMTRRRYMGFWRAFCRMWTERT
random_7328,FTMVCIRLWGWTPAFMRTWDYKDLT
random_7329,VCCEDAHFPKLVSQHEPNKRWRNHG
random_7330,LTRGLVSLEAQPHTDIFSAPNVWFY
random_7331,MNMHQSLMHWNFGYYMCQYDASPFR
random_7332,HGPTVKLNIETIPIALTPTMWEVGM
random_7333,GSMPVIHYRFPMALRRGGMNQPMHHR
random_7334,EMNAYFVGHILNNWKGPSAK
random_7335,FYTNSYYHCMRISDRLGRTM
random_7336,DSNAAERKYKGGFGRAFT
random_7337,WTQPRNIRYCFNKPV
random_7338,IQPRSPRISHFLG
random_7339,AETVGHNMHRYYL
random_7340,NTNLFSFDYYFEA
random_7341,WLYARYYRFQAAI
random_7342,VYMTEHVFIDEDYNIYGPATNDLVLNNLC
random_7343,HTLTPQTIQIE
random_7344,PCLFIKQRY
random_7345,GENNHCQKLHCLP
random_7346,NAGTGYFHGFHTWN
random_7347,QWTNTTDWAPNLGSCVNLY
random_7348,DDECWDEAPSGPFPYYSTSTYD
random_7349,MFARHTSPVRVTPQFRFCRG
random_7350,TYNKMVTHPCFGVCPTTQLGTFSN
random_7351,VHIADCRSCNYPCNPRRDNPHNFQH
random_7352,GIVNDILA
random_7353,PWKAMVQIH
random_7354,SYVWNCGHSV
random_7355,RKVSMQGIHR
random_7356,IWMSMNFLMT
random_7357,GCTWFPESTM
random_7358,MNFMNCSAIGEFVYDKKVDNVHCV
random_7359,SPELYTKTSVKT
random_7360,PCKRAGHPQPGGWGWQP
random_7361,RYENGHEKNR
random_7362,IQTCNNVQLKYICFQTN
random_7363,WPKGLIWSLRTGVNLLIG
random_7364,HAKLHWGVLGLS
random_7365,LQWRKFKYTAIIIIASNNAFLWE
random_7366,IHKQVH
random_7367,DMGCKD
random_7368,ITVIDRCGYQHAHRKKL
random_7369,QKYAEGYIGICMDHYDI
random_7370,NNLMAVFDRFYRTQRNY
random_7371,SPRCRNYAVIGWWYTDDVVHAHS
random_7372,PYYRLIDAILLKMIHQHRV
random_7373,GCVCPDSWDREQICSIYRCFDWE
random_7374,RSLDFRGPCDSINFQWNVCACIF
random_7375,KECEHDCIIITLISSSHSAFPEH
random_7376,NGPMLPEGLHNQYSHLRHVIEAL
random_7377,APLMTVSDHRMQESPYCECRRHG
random_7378,DFGMDSHIEAVHLWIGMGVKKQY
random_7379,HCRVISMLQWGFTDSIIHALSHS
random_7380,DIDFVDTPNMMHEPENMLPFPPS
random_7381,AWPLNPIPVLYPPGMIYDHYVEW
random_7382,QAWSRNMIAHGLWPVSPWIFCMT
random_7383,PPQDAVVSQIR
random_7384,QNVGQTRQKE
random_7385,QMCYSMRVY
random_7386,SDWKWDTTYYM
random_7387,PTQREESKEMT
random_7388,MIGCNGLNC
random_7389,DPHPVKV
random_7390,SWKSFYVN
random_7391,SFYTYFVQIGCAWEHLFSMD
random_7392,MACKGIMDPLILRIWRAIM
random_7393,DAMEELVCIPCFWVLNVIYYPD
random_7394,ARSWVFAGTRKVVRECEL
random_7395,GKSRKYGGEEACRPKKVD
random_7396,VLMLYRIIYCE
random_7397,RVCAVGIRQTC
random_7398,IQCEYPFRFSS
random_7399,INKMEDCGCKA
random_7400,FGYVEWEWRIG
random_7401,IPMLHMIWFNP
random_7402,GLGKPERWMCM
random_7403,GALCMGFKRCQ
random_7404,LKFFDQPPESAM
random_7405,KHPIIAFMSVQF
random_7406,WMSMWICFCHKV
random_7407,ERIGSVQVYRIN
random_7408,RLRDVDIFVQAP
random_7409,YIFGLSRWHNWF
random_7410,VWWKDEHEAGYC
random_7411,DTHSYPACEPQDVGDYHLASGEPN
random_7412,FRFSKMWSTVNTAQHAWWHRDHQA
random_7413,QTYSTGNDFIMMSKNKYVHMLSS
random_7414,VMLYIHRRTWLEVVFWRIHRPLHY
random_7415,SCFTGARHFASCLANSFANHIGQY
random_7416,PEHGMMAIMTHCCNSCHTYYWHCF
random_7417,FEQYTHMLSLCTVNYIVNMSEEEF
random_7418,QQAQDIYQEMEAGRKNCGMLLMWC
random_7419,SWGVNVEPVFKMDVMWPTVIAILC
random_7420,LVCRSTYFVCTLWWWYWAGRNTTY
random_7421,CPQAWMDKRINFHSNLGWMDHESH
random_7422,VCWYRVGNACEGLLWWRFFPHFMN
random_7423,QVCSCPNDDDVHQNGIEDFAEDNE
random_7424,RIKWGLYVYVRQYAVNVDTCYYWM
random_7425,RPCDWPRPPHECNRPKYVYRKEVL
random_7426,TFEFEHEAFCYHRSFATYVAGWEP
random_7427,RCWFVSLGITAQWLYRYPGTHHTR
random_7428,QWGSMIMMSIDKSKQLREDKVLGW
random_7429,YLLAEFGNWVCNMQMYNHFYDIDA
random_7430,WAHVVGAMHLFPWGIMIITAHKIC
random_7431,STEHLNEMDPHPRKRQPAEYEPGA
random_7432,EFQERADCKHMHATQLRGRGPPIS
random_7433,RKTTLFKYIPDWLMVQEQFYRSTG
random_7434,HRKIRPQGDKFTEYRKTDSFPSET
random_7435,WCATSFDWMNFSMDNWAIWVVYPG
random_7436,KWACNEWVARFEW
random_7437,TTFYMFMCHDNEI
random_7438,VHYLRHYWPYIVV
random_7439,SMCKIPHQNERQE
random_7440,YVRVWRIETNNEE
random_7441,CASETVFDNEQRP
random_7442,TVKMCQLNTCMGT
random_7443,YGTAPILKPTHNP
random_7444,PMNIYPYTPGRTR
random_7445,DPEKVFWMCRPWK
random_7446,AQGGHGASRFGIW
random_7447,KEQWQNRALHQMK
random_7448,YEYLNQMRMVGSI
random_7449,YKCQLSMKPSTWP
random_7450,GEILLTGIGCFVN
random_7451,FEICIAPGYMNRH
random_7452,WAKCVRTWNFVQC
random_7453,QFHLCMDSCSSAM
random_7454,SEPWEMSYAFRMM
random_7455,STDNKIFNRRSVY
random_7456,VLKFQVPLMQRNC
random_7457,VVSMCYENQYHKM
random_7458,PAHVFWMRLCKMD
random_7459,MAAKRKPSGIKNI
random_7460,TGDGYTQRQGWWKVRL
random_7461,REVETHCFEHPPIYWDCFWDWMK
random_7462,EFGMAPIRTWKAV
random_7463,DEALTYPLDGFNN
random_7464,CWLHVDVLGTQQA
random_7465,WMKDYRDRTGLEI
random_7466,PFNRFKKLDEDIM
random_7467,NADTNVTTSYGYC
random_7468,QGMICSTCFGLWT
random_7469,CRVCIEMSDMTMY
random_7470,WPHFAMMRMFRGR
random_7471,FSTLYSREGHYWD
random_7472,RNYNHFRMYPGIQ
random_7473,PKLHCKCCVLRFC
random_7474,SMPSLCVDRCIMM
random_7475,SGNRCWLFFLSFQ
random_7476,LKIMPHKIPIWTS
random_7477,FKCPRDPVQWHRS
random_7478,ITDQHKNQVFYKV
random_7479,QNNCCLFDNIDFG
random_7480,EEGGSCFDLWLNS
random_7481,AIGWYPFPCSGDQ
random_7482,WECIITKFSERHVWM
random_7483,VCMFCHDELVGTTGL
random_7484,ELGAGLLKARNRGPH
random_7485,QEILGIWQLGTNNPV
random_7486,NLKHMCTDHQRQNMA
random_7487,AHGSYTASKHQVQVL
random_7488,NANRLRCEQSCPDGW
random_7489,FRYSDYYQGWKKIMCRYDYTQLSNR
random_7490,HPWAFMTFFCRWMNDPHQLLYG
random_7491,LALYRSPHHGIKMKKEN
random_7492,WCGHSHV
random_7493,DTAKACD
random_7494,PFNKGCCTAVRL
random_7495,KLSTAICWGFIAHWHIHINA
random_7496,YCMGNMTHRDFWDVSDWWQSDLPTW
random_7497,IGENFKYIRTSDGKMLGRA
random_7498,CKCDTLRSQVFWNPRIENR
random_7499,PHWDHMSFVWLWTTYTWIT
random_7500,ECWDLVMMEKMFIPKFFQR
random_7501,RARHTVWLGCSLRPKTDAL
random_7502,RCREIFQYLII
random_7503,FVNHIKTPPKRKFDCPCMEDNMHQGAALML
random_7504,GSVQAHMCGERHRTTCGYIHDGKDQ
random_7505,TREMRDN
random_7506,DCRTVID
random_7507,DKRTTSC
random_7508,VYHWGNP
random_7509,ANDMGVV
random_7510,AVGAEPL
random_7511,YKWYLVAHIQV
random_7512,SRHAMPWAPRP
random_7513,LVGDLTDTFCH
random_7514,EFNCFNKLWI
random_7515,KQEWVFWARHS
random_7516,LGKFCDAETFCGNTCKLSAHNQIKTQEDF
random_7517,HYAWADVNIENVALHDTVSAREP
random_7518,WFHSYFPNNTLDKPNQYSIGNMM
random_7519,LECCFLHMEQEPSSS
random_7520,CVEKEGLLNDP
random_7521,YRPKTMPKFNT
random_7522,GDHERGCQAKDAFE
random_7523,WWHGVHKKTTHT
random_7524,LMVWELPQIFNHTIPDAVMGMCC
random_7525,IYMQHRIHKSGVDKCESGAYRTW
random_7526,YVVTG
random_7527,FDTQLCM
random_7528,DNWSWMARC
random_7529,QYYIFFFG
random_7530,TLLAWEA
random_7531,WHVNCK
random_7532,QFFPA
random_7533,QCKSGALS
random_7534,MWWMKAC
random_7535,KFAAII
random_7536,KNRVS
random_7537,LMAFQRANR
random_7538,PQMCHSILP
random_7539,YDHVEMQLR
random_7540,VWVQKEKFD
random_7541,YQACGQASI
random_7542,KESMKRKSL
random_7543,PGWDVIMLH
random_7544,ATHCQIECS
random_7545,NGNYAKASP
random_7546,QIHDEIPLD
random_7547,DMISHQHRV
random_7548,KSIDYMMVF
random_7549,HPGGGHVWT
random_7550,HNRWQWNVG
random_7551,MQMWYHFEC
random_7552,FELPIVAWN
random_7553,WMRNFFPHH
random_7554,CLSCASTAA
random_7555,LIELCDEGG
random_7556,CYRIRLVIR
random_7557,DKEHDKILM
random_7558,RPLRQVTVL
random_7559,NRFQRKCYI
random_7560,NDMHKVINY
random_7561,QSSLLGMNG
random_7562,PDNQQTTCS
random_7563,RVWRNPQKI
random_7564,KDPEHFEPT
random_7565,RNGILRCSW
random_7566,IETIWHENF
random_7567,VQPFEVSWC
random_7568,PNYAEVMCT
random_7569,IFCWRWDI
random_7570,IRCPSVC
random_7571,YYCCTQIN
random_7572,FFHYHET
random_7573,DVYGQP
random_7574,IRTYIYDEIQRHEHNLTLSEVEWCFG
random_7575,LWHEMDTHLMNGYLWEF
random_7576,CRVNPWPTLYRKHEKSR
random_7577,WSVGRIVSCLCWCVKRW
random_7578,RLIGYAIHIWFHKFMQV
random_7579,DSVSKHCMELIFTWFGRFFAAGGC
random_7580,KYKNGPEWAAIFYRQDNAKPDE
random_7581,RLKNFAEMRGKIYQDYA
random_7582,KQQWVHELKCHCRCNME
random_7583,MWTISCNNTTKAGWPFQ
random_7584,VPLIFTGTSLAVDAEEW
random_7585,FWSCMYQFVQSSTDQKK
random_7586,PPFVNIEWIEQNFGMMK
random_7587,NTSGQSVTLQPCGGCYK
random_7588,GLSDCYRDCIFTKYLKE
random_7589,EQNSRALLIECMCVPHV
random_7590,VMMHQNVEWLILEAMDC
random_7591,KVTNGDNWKDYNWQMPN
random_7592,HRIWMCPMEFWIWNCYS
random_7593,WVCSVLEQPMSTNIKIV
random_7594,YAFMAQAAWYHMSHRRD
random_7595,RMTKPMMLACQLGVEQA
random_7596,AMTTYGPTRGSYCIETP
random_7597,DGEWRRTGPDVSPSNHK
random_7598,SQKCFIHFADMMFAHMW
random_7599,MTVACYTGWPIHGTHSE
random_7600,GCEPGAVPNCTKDSGAV
random_7601,NQYCPLPKLDYFDAWWA
random_7602,DCMLWMKFMIYTNINWE
random_7603,LFLKTWWIDDYTDFTKC
random_7604,CWMARIYTGMQRLLWA
random_7605,FMQCLRLQQLKMQEWAQ
random_7606,YDLCVRKDGQEEHAKQN
random_7607,VHVRNMFAMFERIYTTN
random_7608,PNYDGMDRSFNDCEEGS
random_7609,EIGECMGTTIRIYLPITDAS
random_7610,NDDWNGAVKFEQSWVMETTC
random_7611,WQIFVNVKFQVIVQDHAHMG
random_7612,GCVPWPQMGVVAERQKMGCI
random_7613,WTDTAMQIEGVHNRIIGTDP
random_7614,ICDDTRWSVAVVVQAEPQSM
random_7615,ALHVLKTLVLMMHLNYRSCC
random_7616,ENWIECTLMMQKYEYHPNTGDEQC
random_7617,FKGHIYVVLYFRYIEYPA
random_7618,ALGVDFITQKDRA
random_7619,ITWQSHEREHNQEVGAA
random_7620,VIYQSNSVDAKMR
random_7621,KQHLNENCMFLATYAIAVLDRIKH
random_7622,WFGSCDHHGH
random_7623,NPVHTKTQFAN
random_7624,VRWSMMRNW
random_7625,SFMIYPRCD
random_7626,STGVCNRDD
random_7627,YKSSFDMEY
random_7628,YINQPEYRV
random_7629,SWLCNCVPG
random_7630,LYQHKNYLY
random_7631,QPQIYWSMN
random_7632,TMWHSPPIW
random_7633,CTNVFVDYMAWSLQKGA
random_7634,NYGGMNNPGDVKGFYFV
random_7635,IYWYTNHLKWQIAQTKV
random_7636,KGRGTPRYTILECIEQL
random_7637,KAHTQYHRPNFFNMMSQ
random_7638,MFRIVREICGFEWVSEC
random_7639,FEQWMTTCNYACI
random_7640,FSFKWAYHEMLCRTQNGG
random_7641,TNCSGQMARNFAIKIWYH
random_7642,FYTAWKRFSMTIKFVGE
random_7643,WSNMHHSQDRQQGRGYP
random_7644,CHGLDNAHRDVFYNVVGCKPMDTIQT
random_7645,FSWWLAIMSSTHYAQDTRTDK
random_7646,WHRGPVDKTQCYFADHMGYGF
random_7647,DWEHVACNHNACMSMSKLISD
random_7648,AMNHEKNQMMDIHMYFFEWLP
random_7649,GMWVADTAVFVNCMWVCVCNM
random_7650,ASHWRYIMRFRDEPTFTSVVY
random_7651,EERFILYDTIIGDNHSGGFHCS
random_7652,ACMMRCSRMWKVVADHTYYYRYEY
random_7653,FMLGIWLSRNMEKFAWG
random_7654,RNAEKFTFR
random_7655,TDSLSVWMRNSPEPTYN
random_7656,AFTSDAFDSHNRGNGVACSTFAEG
random_7657,PSHFQQTKPNHMKGDEDYFYFADV
random_7658,NISVNKFGNAAHDKFKDELLTTIA
random_7659,CCLVDSVYCIYKHSIQSYTVFKCK
random_7660,LMFFPHVIPYMDIYITLCYMKMLH
random_7661,LICVQRENCATDGLQSSARYCKMN
random_7662,YNGQNDTRFCWCTGHELDGHFLHF
random_7663,GQNWRIWHKPRCFGVKLYMMVITD
random_7664,KEHDWGHNGAWPFHGLWNPAPIYA
random_7665,LPMCMRTHVFGEGAFTIHDESMFI
random_7666,CMVERAMTKMIGMNQCGH
random_7667,YEIIGAYSGLQHNADINA
random_7668,RDHGWGENAETEDFRTGE
random_7669,WRSAPVMATQCAKTSYCD
random_7670,MIQEKAMQC
random_7671,AVPYVRNWE
random_7672,YVYHAW
random_7673,ACMNICC
random_7674,KVSECVSG
random_7675,AFSLWNEKH
random_7676,LPVQWACKHK
random_7677,YIVKDRLKQQM
random_7678,CCPDHLYPWVGE
random_7679,PPYWWKYRLDP
random_7680,KPHVKSHNMML
random_7681,VSFCECDSWNC
random_7682,QAPLHVADPVS
random_7683,KINYQSMIDFE
random_7684,KYGIAWWSWHMN
random_7685,LKWWKFQHTQC
random_7686,EDRIVCNCKKY
random_7687,MNPRRVTILKP
random_7688,KKHVLWVFCLGQS
random_7689,HNPRRKDWSCSSICFDLEKVPGDIEF
random_7690,RVEAGAMHPHMGPSVIPN
random_7691,DQGIKYVEES
random_7692,KKPLRCDFCTW
random_7693,NVQMVPES
random_7694,WGSSMKMTIHMSDS
random_7695,KGEHIDMLE
random_7696,ETSSMFDKKRK
random_7697,WCEHWWNNVCD
random_7698,QWMRWVMSMLM
random_7699,NYHSTCMLTAG
random_7700,FPNNVRPLHCMY
random_7701,AKKRIAIQHSR
random_7702,SWWHPPNTHQG
random_7703,MPKEETCW
random_7704,DFVKFAAE
random_7705,ITYNKYGH
random_7706,TLHALVST
random_7707,PPVATKIQAVCFRTGFLNTQK
random_7708,HRKSDYKG
random_7709,RDCHPEVENARK
random_7710,EVPFPEFTCAIHA
random_7711,FPNSRTH
random_7712,EVENFCDSLW
random_7713,KYCENGVGGND
random_7714,NESNNAVDG
random_7715,QDDGCATQNPYI
random_7716,KGDEKPFMCMPKR
random_7717,RCTIMFTHRFGNQ
random_7718,MEHSAAFALRMQDV
random_7719,KNQDLHRKMPYPCR
random_7720,FTWMISYVQKVDMKK
random_7721,KDKLKIPWSILKYQS
random_7722,PRWRYGENTRLSYWI
random_7723,THMIRFNYWWSQSVL
random_7724,GCMWKGQQNTHAKLTY
random_7725,WFWATNRGWKAFVYSN
random_7726,QNMLCFFRHCWYDADF
random_7727,QKYVPILFAVGFTKGT
random_7728,YPTTMQHRNWKRCCNS
random_7729,PMVNVMAWHDSGLREI
random_7730,HDQNTQNTTPIANCKT
random_7731,VNTSLEWMNCRFFLNPV
random_7732,QGMQEVWEYLWMLMGDG
random_7733,QVANCWCVCGECPWHTW
random_7734,MRQMTKMMQDWPLHAAW
random_7735,MLIDQDPSVIRASSHIF
random_7736,KKIMNTLDQNSE
random_7737,CKMYGTSGPINI
random_7738,VIPRQYYFFMQDGDDVSFDFDRGF
random_7739,SKFPPWQYCPYCQRLR
random_7740,QRKFDLHQVCFEIYISI
random_7741,NFNYHAVSKYPRTEKRG
random_7742,NKRHETVHHHEILGCEFR
random_7743,KKLDIVTDNNCEGCRQVT
random_7744,RRLLAVPMFLLIIWWFPP
random_7745,ADHLNCMQEGEAGDFFRG
random_7746,CNFVCHCVECHNYIGLYV
random_7747,CCFIVWIGRLHRVSWNRG
random_7748,IATGCFRQSDDDTAEGLV
random_7749,TAHSIRYIKKLHWSYQKGGPIFRHPSL
random_7750,HNLPHCSPKDPQQMNQIHASMRWP
random_7751,CGYKCCECSYQTQCNNCSAFVCDCGL
random_7752,KLETCWYRRNLMW
random_7753,FPGIRRSTYQMMTILN
random_7754,GFTNVNNFWHGHECMA
random_7755,HSPNFYLTDQAERLKQ
random_7756,PHYDRPEDIVFMEITG
random_7757,LCNLEYFESWWLLKGD
random_7758,NTAIFRAQLSRTLWKHT
random_7759,TGWMTCTLCIWCFTHPE
random_7760,DHMIRIHFSIWLYWKV
random_7761,ENVWFEYYYIEVLKVNT
random_7762,MGQPSDEESYIQKYHR
random_7763,IGSEDTTVTQYMEVQY
random_7764,YIICMSKDVMKTYNDP
random_7765,PNYHIYTQMERCSEVA
random_7766,VLDWCYVMHVKGTWFF
random_7767,SLLAPKSARCNCGERSW
random_7768,CDVKFSCHMERCDSRE
random_7769,WIFKDAMDVRPLAKD
random_7770,ANTLAFNFGHFPKGFY
random_7771,TTNESYVRPLPYPRII
random_7772,RVNCQYILMDN
random_7773,TPDEFAKLF
random_7774,VNSCNTMMF
random_7775,TALGETNKC
random_7776,CIFHQMVQK
random_7777,MQTKNHHTS
random_7778,HVVIALPRKRTTGPFHPWTDDETGTCKNAI
random_7779,VPNRVSAFPKMVLRG
random_7780,FHHPAHMIVDDPFCQW
random_7781,YHFGQMDNGGWSPPNVAKK
random_7782,TFAMGAMEMPKHFSIRGS
random_7783,NETWQMEPMNVPWW
random_7784,FPWWNHDHENDYKS
random_7785,NGCCNWSFARAV
random_7786,RQLRCWCICEDV
random_7787,VIWVDSQMDKFGK
random_7788,DWQNNTLHNVLKWCYYLCTDLIYMW
random_7789,FWFHGCEERCYVQ
random_7790,LPIMMPCICNVIA
random_7791,QMNDSFHYASVGV
random_7792,ILTENVNDVNRWS
random_7793,QIICIMRFIGGNCTSTL
random_7794,CMEYCYMYRLACP
random_7795,KNTQVDFVNAHSG
random_7796,TQKNTCQGDGCEL
random_7797,LNRQRYELGIDEY
random_7798,KIWCSRLCGMWCV
random_7799,QVNCSFTKLFYKA
random_7800,SWHDKQVRWCKMD
random_7801,EEEMPQ
random_7802,WPTIVM
random_7803,VGTAHLEYDKQWDISGT
random_7804,VLWVCVWPPCCRYDFQS
random_7805,IPYWMACKELVTDKNFA
random_7806,RHKCLFGAENSNKYIHS
random_7807,APKVKERIKKRENVTFQFTFHWYLQWYHA
random_7808,TMCGVLIHGKERPWTFAM
random_7809,RRGLAQ
random_7810,ASEMNCNQI
random_7811,PQLCTPLQIHCF
random_7812,GMDHWEICHSAKINAQMM
random_7813,FPNINCGGMRFEWSDTLNTHKVHE
random_7814,RNQEFYTWYFGDIS
random_7815,CVMMCYHMKTNPQS
random_7816,HVIFIISVEWMFHDQGDSRRAYGRDWQN
random_7817,MQNYCTFAQGMWLHVHIYSSGY
random_7818,WPYKTPRYDDEHIPF
random_7819,EGSQYDANETVPVDCGPLFQ
random_7820,SAWTMHLKYMQYRCYAMFAQIIIDI
random_7821,MWQKQIQAFIWYFDGWDRNGWNIQMNHNVG
random_7822,IQIWFVRQYMLVWCVVKQCPCKE
random_7823,QEELEKHVLGMLYDRLRENTQEQMDCWFH
random_7824,VRCYGYLKVTWQQWMNDFIEIAYCVQAMY
random_7825,IWIANPLNLYHTNFFERGSIRID
random_7826,LHWMIWTGFNVGEPWARRKH
random_7827,QCSTHYSDKDHGLISIS
random_7828,KMLTERFQFVLYCGFCTRTQMHRRPWFKD
random_7829,QIYWTSGWAKVMKF
random_7830,RWVVHHLWQCQL
random_7831,DQHYNLDVEGQGCLYHNEQEVAYHYNLYA
random_7832,GICTKRDGICLMVWWQSK
random_7833,PIQWFTENEIQHFDECVHGTENVDSGCTA
random_7834,LGAHCIVGFRKVAWTENEIKCLLRMVYYRQ
random_7835,SDDHTYKS
random_7836,CDGIMGWMC
random_7837,LGMSPH
random_7838,DAKGCTRMGTASYKLYRT
random_7839,VTDFWEHHHAPCVVIT
random_7840,ANWDHHRDEPCDC
random_7841,NMPARLIEDCTAEE
random_7842,NRWGCRLLPVTNW
random_7843,GEEIQRQNGKFTEM
random_7844,CVATDSRQITSLQFLPETSRNEHPAV
random_7845,KEAQDQMGILWLDRFNHR
random_7846,SFRLNGMFMCFRWKMKF
random_7847,IFYNFCWPPAQVVDHT
random_7848,ILWIAEHVCVKSFDFVPGT
random_7849,CPANRGDSEPWLAYSI
random_7850,RIELYHGMLCMKAIAD
random_7851,GKSSGLRRCYNDHMTF
random_7852,YVHTQARCKETIE
random_7853,ALNSNSYHIDGNGIFATCPATL
random_7854,FVDTTD
random_7855,CIMWVRKNVRNTV
random_7856,ELYRMWIMCSFHSQYYQVGQ
random_7857,KHPLAVDFGVEQRPFFSNC
random_7858,EWVCMTEQLDPYITGIEH
random_7859,GRIWTMDSMLFEYTEEC
random_7860,VHRWALIRGLLSWNHL
random_7861,NCHHNFGIRTTILVDNDVVKPD
random_7862,VKSYREHLQKARIHCAYKDRRM
random_7863,VDEQCCQNAFQPIHIMRPKVFL
random_7864,GIFMTWAYRENKQFFGEAENMP
random_7865,ICRHCGWFCFKHISREDDFYKR
random_7866,FRHRIDYGDFRSARYGVHSWGW
random_7867,IGCGYNSVIHSTPIASWRKTIC
random_7868,FSWVVMCWSNMPYRDAFMGYQE
random_7869,EWDNNMPSSLSYIGTAAAHLNK
random_7870,EGISPYPHKASCYNKVLCYYAV
random_7871,PDMKPPKWSEKDSCDNCVAVCE
random_7872,MKCKAKTYQHSLRTERMDFYYY
random_7873,YLFVTPQHGKIHFFSGHMLKSP
random_7874,PWYVALEGIDKYQNGQMRYWPS
random_7875,CDVGTLQNDKGMEGTCTSRGWF
random_7876,IIREWPSFCFAIGVTEGMEVDQ
random_7877,TTATVYAAAYCQQLGSRMPHTR
random_7878,QWVTRIWNFNVSKVPRLDFWTC
random_7879,ACFHQRYQNKGTLWHYQWWEPH
random_7880,ACLMVRGRLRTPRYCWNSWSID
random_7881,FTLYNNVFLDREPMHLCCTTRF
random_7882,CWLHSCIKNFHGESMCEWKWRY
random_7883,MHVHKRAADCAHEYRAQTGPTP
random_7884,GTQESNWICFCGMIFWQRFVYV
random_7885,HWRIVLKGGNQCMCAYWKVNSP
random_7886,RRFQENLVFWPGVGDSPVHTRN
random_7887,RTMNTHEAWWMHRAINFMFLDF
random_7888,SRQRHCNEYGVMCEDSHGYAMD
random_7889,WCTRIVVMLNIHSLLSHDYLVPATPAE
random_7890,FAMMKWQGARSVDIRYVELHSR
random_7891,CVRGKVGWKDCLDSFA
random_7892,AFEVAESVIWEWVNMYNCNW
random_7893,CQCNGFHDRHSEIMACKGTLRFWQVNR
random_7894,NSMSSEDKCYYMPVFSLEVS
random_7895,KMDCFSVSCHEWFGAFSQV
random_7896,NTCISQEVNVWYNYVTNV
random_7897,KCYVQHTIMSIMQYK
random_7898,EDEKCGFGPQAFPPMF
random_7899,CHTKRMKVAFCHHMGGWSTYDTEKKTQ
random_7900,EFCCPLETVHVPRAHQMVVQRPKFLGQ
random_7901,FSLRNHHPFRHLRPRIDFVAFIWDDIS
random_7902,REPWKGTFPHSECVQNWDEPESLQYMQ
random_7903,HDEKVGPKVDEWFVMKIACYMEIHFCD
random_7904,RTPACNWQADGA
random_7905,SNWLWHKA
random_7906,NHEHSKIPKSQA
random_7907,HTAKAMSVGMFFYRIC
random_7908,CSPCSFALWVN
random_7909,RREWFMCTMWTMLCSILSWPWE
random_7910,HSVKMQTLSDAWVYVIFEYSIS
random_7911,FRNDQFWIVCMKTTQRFDKMQF
random_7912,VPSTNKINCANYINMLNPENNN
random_7913,KINVIIEFKHCNEKF
random_7914,TYPNLMKHVFYTGEK
random_7915,PPHTQTVFWSYLPDS
random_7916,EGEIYRESYNAMKNL
random_7917,HILPMWIHHFINAHE
random_7918,SRLCVKIHWSMADWH
random_7919,SYIDTDRFINFMVIKGGRIQQHCTINEH
random_7920,KYIYIITSQNLCITEYKITFWK
random_7921,YDFIFNCTGRPVNKVGLTSKKQSG
random_7922,EIAFPKTWSNPEPDFRRQ
random_7923,EKDHMIKSFHGIARNFDA
random_7924,ARKECINSRMHVAQNPPK
random_7925,WATVTDYMDHCTTQ
random_7926,SCWCHSMSAQCHVIQHAR
random_7927,MLAANYDLIDSYGRRSHGY
random_7928,PDMHNCRYQPLYSMYQIG
random_7929,EDYGWDKFFLGWPETMM
random_7930,IQDVCFICKNPCLALK
random_7931,VWCHNVFHNQKCRIW
random_7932,NGIIEWQSSAVTITY
random_7933,FGIFKQWSE
random_7934,FNASRMMVP
random_7935,KDTKGREMMRVDFRKEKWY
random_7936,DYDRGMARMANENNTTFYE
random_7937,GGGWLYDDIYGTERMRE
random_7938,MPAKCQPYEDWNQDHFCNSKG
random_7939,CCFQRMRWQMATKRQRPG
random_7940,MIVLGTEHHYSKQAVWFKY
random_7941,YRIEKSVWIDRTNWAPERVFI
random_7942,TWPTSEYNAVRPQFYAK
random_7943,EIARCTGVHAQHWYKAT
random_7944,DGTKTVGDLDHPRDYYLA
random_7945,AWFVCFHHTPEMHGTCWK
random_7946,SNFEKRACDLSSWKPPTDYH
random_7947,HGFAPGKYSAPEIPAVQVTQAW
random_7948,TNKDGYYRTLLLRQNNRCINCQ
random_7949,MWYIRTGHFMHD
random_7950,MQPLMIMVTTSM
random_7951,SFVFHGCQDKAKGYGQYSRFAA
random_7952,RHFKYAVHWDNST
random_7953,MGHMITLVGTSC
random_7954,MKYATF
random_7955,YWGMYV
random_7956,WITPC
random_7957,KENSN
random_7958,GGAWQECNVSGRFS
random_7959,DQCHYSTFLAVKCY
random_7960,FMATEFKWFHMVTV
random_7961,YAFLCIQNAVNFRH
random_7962,GHNFRPFCWFVLIM
random_7963,ARVKSAISDVRFHC
random_7964,GITNKIVKWMVVIV
random_7965,EYSGKSVSYTDAAW
random_7966,PERIKYRYWTYVSW
random_7967,LRYKFVCGRTDMIE
random_7968,DHSYKWKMYWAMIW
random_7969,RFWKGKVGERVASGYHMTLC
random_7970,NTVSRMFPMHIHHADTNLQH
random_7971,WGHHSAWVQILCEFMVNSVH
random_7972,DKTPQGLKCIPCFNNKQVFW
random_7973,QCRWTAYHKYPMEHSYEKKT
random_7974,INGPAFKVWWLTTHIRTIAP
random_7975,RWCMNAVWDFWAQYISAPIY
random_7976,VTHGSALVCQFYVCDELFKQ
random_7977,KVYQSSLPKERYMWEEFKKS
random_7978,WHRFFCQNCCFLFEDQLQMD
random_7979,NFWDLSTQQKLMDVVCRSAM
random_7980,EGKRTNMICVIA
random_7981,VYSTMT
random_7982,GMGYSHGMFFLGFQR
random_7983,QNIMLASSLPWTIGHP
random_7984,SRWSL
random_7985,IPDMWEDQRDMEIWMN
random_7986,AMIFRRWSLGNCSANF
random_7987,WYCLTPRLMQMINIGIEELLY
random_7988,ISNHFRVSNEWAHVKTRVQFPNN
random_7989,RYIEEVQNEMPTFGVEG
random_7990,YVIAVPGGESGNNQVDKTAHWKCPF
random_7991,GHGYPWDLTLDIR
random_7992,TDSLVFLWHLDRMDKTTSILCMKFYAIHVV
random_7993,YVHPVKCVKVESQSDWCDVENYYWHLEGKC
random_7994,LIKQDVECFQPNQNVRARQCIEIE
random_7995,QRMNVDVITEYGYNNIIHAITPFGIVN
random_7996,NFRAWTKMHMHAVYSFPGYKIRYSCCNY
random_7997,TKAPRNHMRHFFRVYKGQMQEHLKEIGE
random_7998,FKKSQWTSNTVMKGTTAKHC
random_7999,QSVISDAGEGIAMHKEWQVAS
random_8000,YYIRGSCPDGYVGE
random_8001,DNVKWQYCRWNM
random_8002,CKCYD
random_8003,KQLDTFKDR
random_8004,DWRHMLL
random_8005,FKTRRAV
random_8006,YKKFCYK
random_8007,IKQTFIF
random_8008,NYDHIGH
random_8009,NADFMSL
random_8010,KNWPPQR
random_8011,IGTSHKLKVRHV
random_8012,WEKKSYQWMQEV
random_8013,DEQTPYAHKIGF
random_8014,MHCHDPWSYCTP
random_8015,SSLWQKTDPANF
random_8016,KAYDDLAKKPDP
random_8017,CHGRPRPLLYGE
random_8018,AMVCTKSGCAMTQCTYFL
random_8019,QGSNAPTYSEQHRSAEGWMVVVV
random_8020,MVHVHHNIRKTQIMDLMMGCL
random_8021,QVHPWDRHKCHWAKNVKWL
random_8022,KMHLSIEASSLCTEQQW
random_8023,FNFLTLENWERPFVK
random_8024,PHFQLHITFMRLLMQNQDRWMLL
random_8025,NFVKAKEKETFPCDNLCWPNS
random_8026,KWCVMIFVGK
random_8027,NAWPVDCNMISRGYSYTKPKLLAR
random_8028,HFKEQWCWC
random_8029,HDFECDFIW
random_8030,VVQEQHCPD
random_8031,FYPKQWYFA
random_8032,GVMTCMMPP
random_8033,YSYCCFKHI
random_8034,VRNGWTSDE
random_8035,YISLQDMHC
random_8036,TVVCGQKFHYQ
random_8037,TANNKSNDPRI
random_8038,CISVNQPEIVS
random_8039,NWCFYSKNALM
random_8040,GSEYCQIMGGR
random_8041,YMSMTATDEQQ
random_8042,SMMRIPDKEFH
random_8043,YRRRGTLYMEP
random_8044,HHRGICCFGFTVE
random_8045,AHYWFLSVTIKMI
random_8046,GWCVWPTHPSDNT
random_8047,RVQERLKFFK
random_8048,TALYERDEVMPV
random_8049,DQKGGVIEYPYWGKLRGTQ
random_8050,CMQLWHQLIADQ
random_8051,GPCQLKWSFVQECRM
random_8052,IGYQGVMGQKNANYI
random_8053,MDSTNYRRHPVIQSQPNYF
random_8054,APSSNYKNSHWMTFADYDA
random_8055,KLHTKHHRNYLWSQNHITA
random_8056,WVKRRIVHDLYRCKKHRNF
random_8057,RVKREPARYYLGTAYTAQM
random_8058,PVVYRNGPDRPHSSLWDHI
random_8059,QWIGREKNSGMI
random_8060,NIAKYPDAPDTQAKHITDPMYP
random_8061,HAEQVEDNHDWIMNDK
random_8062,INGIENRQTGQMAVTWF
random_8063,SSCMAGCNWIQGFVIWWDQ
random_8064,RHHAEHPTCENDLISRQLK
random_8065,DPSNHMVKDSWPRKEARVWF
random_8066,RHLDCYSQIPFDQCECHSCS
random_8067,FVYIFIGANSEVYSVNGPWQ
random_8068,NMRHTASPMKHVPMMVWSGSI
random_8069,FDEWIKMYKTALAEFTPKIW
random_8070,NRICDHGSIYFFHIADALD
random_8071,CQVVFW
random_8072,RCFFDQ
random_8073,HFSAFQCFPDFVFTYMNEW
random_8074,FAEHTEAFGFGPVKWYDP
random_8075,NIDCVFIRYRWEYCEAHN
random_8076,YMEWEFQFMSYNNWGDVTRIGDETFLEYE
random_8077,QCCVDMQSLWRTTCLHPPSKDNPPKECH
random_8078,AHWYQCEPQNFLRTNSHVIFGSNCMSER
random_8079,FDMGFGACEQTKL
random_8080,GTKMGQLFGFNYDGGRFFHWQPF
random_8081,GQERNCKVYDKYFNEVLVVVMQYD
random_8082,DPPGVINIYDPHALCHCVVSVEN
random_8083,FNYVTHQKCDLG
random_8084,GNSGEDMWKSG
random_8085,TCEHTNSWTDYG
random_8086,ICAMWGAYMSH
random_8087,NRDRCVCTKLDCQAEYLNY
random_8088,MLFARPPGVLTQPYPH
random_8089,QKPEYAPKCSWIRWMTNNEG
random_8090,HMYDRESQQIKNVAHGTHRMTHHR
random_8091,GTPWSYPFSLPMQCSTWWNGEQCIVQHD
random_8092,FNPDRWPTLAIKLASA
random_8093,MEVYSYCDFKEACCEHKVLK
random_8094,PKFTSPIQHEHWPTDNFPFCNQDV
random_8095,YFFGTLEAYMFANVVSWLQDYVDASMIN
random_8096,EWAWFPSWQNNIRHWLIPGNGWLM
random_8097,VLANTAQNLPDWTTYHLRRTLNSMDTYD
random_8098,DYDGFFMYMKHEMGET
random_8099,PPDTVHTRGIKIWRWGEFGP
random_8100,DGGHEKSNQLCVGDRPTMNCHEHV
random_8101,VMEIHRQAFEKSMWSWIWDIKGPRIKKN
random_8102,KECPQDMPTHCPHKST
random_8103,DGHFKERAKNMRMYTEGWHI
random_8104,FANHTSTHCSWWNNIPKERTQYMS
random_8105,VHMHVCKMMIEKISNLFSAHPRGGKKKR
random_8106,FTYEDNVMWYFVWAAQVVKPSWWM
random_8107,RKILNQWRITRKEDEQWKELSSAQSEIN
random_8108,QMTMPSYDYEGRWYVLS
random_8109,ESEQYPFEADRS
random_8110,THFHHRAWPKGTDAN
random_8111,SYIHWQNMKMTCSI
random_8112,PTWYVIGRKSRQTD
random_8113,SSEYMLQIPVQNMQEITIM
random_8114,LFYSSGSPKNYCWVPTMAD
random_8115,GHEMRKGYGRPRYQVVWPT
random_8116,PFNFALWVNYKRVSHYDNHS
random_8117,WPGNKMFEAGREAFYEFDT
random_8118,NYWHCLAQWLDIDRKTVHMFNA
random_8119,HDEGVKWSSWFALTIYPNWM
random_8120,NISVMRYYYPANDKNFDVQ
random_8121,TAWQTGQQYPIM
random_8122,GQWEPTATHFHV
random_8123,CPYQHTAHRGMP
random_8124,QGRLGEQDMART
random_8125,ELLQEEDYSNHK
random_8126,QASTTHPSLKMI
random_8127,GPKDRYAFQQSGKCEKDG
random_8128,CQPLQVGSEPWNHAQQQI
random_8129,QMLGRVTMYTKGERLMYP
random_8130,LPWEHQNNANFCVIVNWD
random_8131,MPDTHCMSTGFNSYNGHTGTAPTQTP
random_8132,QIEKKKKSWGMQCADWQEESIQIERD
random_8133,KCSETKKDWVKRGEFNVTQPAAGGHL
random_8134,SKQPNKMPNKEDQG
random_8135,PAITDWLMGEIFVW
random_8136,GFYPFPVHHPVQWS
random_8137,WFACVNTERVSGHSMLDWENKL
random_8138,MKFGDHSLVVCNLM
random_8139,RPIDWMQKEFIMFGSQKG
random_8140,KAYMNDMTKWPGRYQLAD
random_8141,AYNTMTPQWSMPECLCDT
random_8142,SCHFWMTCWWGFFYERPN
random_8143,NFCQAVPPGKKHGRVDTT
random_8144,KKACMIYANKSNHCWFYS
random_8145,TAWDNWSWFWQELAIHFLTVA
random_8146,KKMRTGSFEVPIAVMWYKKLS
random_8147,ECFKKCDVPQERQKLPERMACE
random_8148,ARIQACDMANWDKRCIF
random_8149,NHTMNKDKGSAWVVECVDFGF
random_8150,IIMFYLFWMIGNNLAVQEHLT
random_8151,NYCSFHWVYHNYYLRGL
random_8152,IYTPQYYIWEYMNHIYIS
random_8153,VDWRPLTWWNRKHMGKWP
random_8154,QQVFNNTCKWIVDEGTFM
random_8155,LGQMQWLKGRAVAYYEWG
random_8156,MWGQLSIG
random_8157,RLMTCRNR
random_8158,AQNTHGTDIEKESPPYRDAMNEPFL
random_8159,MHMFKDCHPSIYVSTQL
random_8160,PGIFVCWIAKQFHCPVMQPD
random_8161,LYEGDGPYYPY
random_8162,RAWMECQTMGIKTYW
random_8163,HVHPATG
random_8164,NSFQQTQVPKIYFA
random_8165,YYMMLRPEQYNKAV
random_8166,SGLWHVYDKHSMLS
random_8167,AWAKNPHGHDSKEP
random_8168,PCLFMNPDMNQTLY
random_8169,MYNEHIDFGDTGMP
random_8170,HLDWMPMFVLKYDL
random_8171,CHHKTEEDVWKAVI
random_8172,GNAVGCTIGPNRRI
random_8173,QSSRAKRPHQTTIR
random_8174,ICHIIQVRMEHRNWKDFSP
random_8175,IAGEVQL
random_8176,PSVLGPDDVAVDIRK
random_8177,ETITGSHINAFTLMC
random_8178,HKCFRTLPHLHRKRV
random_8179,IMYVTGGQHHHEIMF
random_8180,FFVLFNFSCYMGDHHNKA
random_8181,KGMRYPHKWLQKMFADSIY
random_8182,KHQFILMTPDELHVFTDCV
random_8183,AHHSEIFCAWPTNMTEES
random_8184,CPIEFFCGHWNTFVALCAM
random_8185,FSAEASMQDQCLFNATKPM
random_8186,KDLHSEFLKESTTKNRMI
random_8187,WRNMHIEGQQEAYFDWEMW
random_8188,PKKVNPCFETYEANVRADK
random_8189,CAMWYMVIHVTHLPYWGL
random_8190,KWCYYTVHNMAGGPQYPWA
random_8191,ERCSCTPRPVVFLCHIQIY
random_8192,EQHFKLFATLDQKAAEFA
random_8193,CVKPKICTNSFLFWQIDLD
random_8194,DMVVITHPCAIHWRPWCCV
random_8195,WYIIQPKGWDDMKALWHP
random_8196,AALDNAWNYWDCNPLKRME
random_8197,HSFWMVTPHSTKMNNCTCDCSESC
random_8198,DDWFWMSFSSHNFVGGY
random_8199,WAIFHAKDPLTHPGHYF
random_8200,FTSVYHWFQRIASY
random_8201,SWNWVLYETECYMEHIVSAITS
random_8202,IGGNNHLFGISSMFCRKF
random_8203,YKHARDIDDGGLMSATR
random_8204,GKCNGLEFKMYAGET
random_8205,QYIWKDYFMQYMTVNAIVDYESY
random_8206,HFADYCFTVQGSDSTDSSNPYVF
random_8207,LSIVFANHWPGIDWLHL
random_8208,TFHFMPQFTFIA
random_8209,ILNHPGH
random_8210,FNCAHWGYMFARSTQ
random_8211,HDWCTFRAFMLAGHE
random_8212,ECWIRVSEWTCGARP
random_8213,HRATWCENIYWFPTN
random_8214,WLFMHVYDCEYPQTC
random_8215,WAIVAQEWYVMGLCC
random_8216,SLWDMAPGHADDTYT
random_8217,VDFMCWMTKDCCNMG
random_8218,GMENKNHSTRPHLDL
random_8219,WNGYFEEIMWQHNYH
random_8220,EQTNGCDRNTHSNSG
random_8221,WFKVRYWVQSLLIRD
random_8222,IHFPIVTVVWFWKVL
random_8223,WATPECVPFMGHHHW
random_8224,PSFVTESNGPECGIK
random_8225,NIDDWNMTPQAAGRK
random_8226,PCKQCQDWSMDAFRP
random_8227,AWFWNAGRHDWWSRN
random_8228,NENYTQLGLSNYAVRNRL
random_8229,DVQNWSGIACGCPRTMTP
random_8230,QHAKWLGGMDMCW
random_8231,IRTALVNVYCPEV
random_8232,PQNGLCFRPQWAG
random_8233,WSHLSTMEWHNMW
random_8234,QWYQVWTAKRTFRY
random_8235,QLLETETWHTCMKR
random_8236,SNAEESGNAGFDLVWTI
random_8237,GEIATWDDYDMEYKAFP
random_8238,REFIGKEAISVEKFYVFS
random_8239,RSYQKWGCTFLVCDHLIGN
random_8240,YIFASPYERGSHECHLRAGS
random_8241,GSPFSTESNCKLYEVTKKGY
random_8242,SAVERQGTQEYWALQNLKVF
random_8243,TQNHRIWNEDMEAGTFQVHMK
random_8244,TFNNWMPLILKPTVYGLFMYIT
random_8245,EDANWIGPYVAELGVLFIVHATV
random_8246,FPTWPKHCGHSCVFCSMHYKHLRHDKVMMF
random_8247,YIDDVMIMRPHQYTPSASG
random_8248,QKNFTNMSHDHAD
random_8249,FERYCIYNANIYC
random_8250,CSYSDWSVCIYET
random_8251,EEQKEDIGFTDWM
random_8252,WGPDKRMHSDCWNWRMEKDFWR
random_8253,SYISCLNALLTTGFHNWCRLAW
random_8254,VSMQMWIPCSAYVGNAQCKSFTM
random_8255,WWVEEWIVREIAMLNMREACTG
random_8256,LMPRHSGDIINVQYWKEFDGIL
random_8257,DHWVLQRMIGLKCITQMELLPA
random_8258,PQMQCQCAWTGPQSWGTV
random_8259,THFLLDHNMRVERKPTE
random_8260,WAQDGDWGDTHPGCPEC
random_8261,RCKDCYVKELNN
random_8262,HIRQFKDLPTFEDE
random_8263,VICCIISMVVSAPL
random_8264,QNFPYNDHYGSCSL
random_8265,YMHWSVCS
random_8266,TTVFGTVDEFKMY
random_8267,QCRYERELDYS
random_8268,YCARAQRLL
random_8269,VVEETEQMRRG
random_8270,AMNHALSQPCG
random_8271,AIVTDYQWGIS
random_8272,TKRMANPLWMK
random_8273,IEEVWQYTLWW
random_8274,VKNKYDTPTVI
random_8275,SDMWQNKRCAY
random_8276,EKQDETCAGWG
random_8277,YTYEDESYGGK
random_8278,AVCFWTRRIAGRFMTNYQLPIH
random_8279,WQWAGRWWELWKQHMNFCMNQM
random_8280,NYCEKKGFIYCEEMSMFGSTRL
random_8281,WWPQCQFHITIILQHLHNSETA
random_8282,DCFAETPMQRMRCLHHLRHIAV
random_8283,ERQHANDQTEWIWHTEKWGHER
random_8284,RKCVKDALLFLSFTVSGHVYIE
random_8285,MARITMISETNHWKTMILAMVR
random_8286,VFILDHILIAIYGMEKMFTPHC
random_8287,HDTADPKFHRH
random_8288,WSDICTQKHDN
random_8289,CGNVIMQTRYS
random_8290,CQTPIVAMAWM
random_8291,AHHDQSNKNEI
random_8292,AAMCNHARSGGR
random_8293,YIIFTNGNTQVICPERYK
random_8294,WERTFVKCWPSASFCMKV
random_8295,RTQKEDHKQDCNYRNAVNPGCEQE
random_8296,WQRHGMTGTDQR
random_8297,PKWDMMTNWIFD
random_8298,SRWNCCLPMEPA
random_8299,CYIVNTPEPQQ
random_8300,VCKYNCILCLH
random_8301,SNFWDQDTGQV
random_8302,QYVPALYICAR
random_8303,KYRISDPLCWT
random_8304,SCPNWCVLCPD
random_8305,MKWYWIDRLTH
random_8306,RHPTHVMWPDL
random_8307,INHLWCHDGAL
random_8308,AIYQWSSFFKQQPYWCYPNRL
random_8309,KIMEEPQMNFMPTCY
random_8310,PQVDHWKHSKTNHEDTWNHHIFSE
random_8311,ANMPIAAVLRRWPRWFVDPIWVLANAFM
random_8312,SECFNYFKRDPNYIF
random_8313,YWKILTQCYFDQ
random_8314,LWDDPIFWCCM
random_8315,YYCHAQSLWTIAQCLPGKRCHMRWHI
random_8316,ASDHRCCISNYYNSKSYFCSYI
random_8317,DKNFWVTKKCESFSAMP
random_8318,IFPKNMFFVY
random_8319,PETMVGVEN
random_8320,AYPDWLSISS
random_8321,SLNYVYLNV
random_8322,RQMCYTVWD
random_8323,KIMKPSDLR
random_8324,CTKSQWVPW
random_8325,WWDQNDTQKCAYT
random_8326,FDIKKQFHDKG
random_8327,QGKDIYGRRTSMLW
random_8328,IWMWPQFMVSGEA
random_8329,VSFCMLECRKNRI
random_8330,PAKPRNFHRCPDNR
random_8331,AAFACCQRCNEK
random_8332,SMHYEWDWGTEN
random_8333,YKKMNIFANSHADPPGK
random_8334,MNCDIGI
random_8335,PMCGLNTVANRW
random_8336,PHEKQTWGFAPD
random_8337,RIDSQTYLLQIR
random_8338,NDYTITWFHRC
random_8339,RRGFIINETCTGIASYTFYGTYNLTFVH
random_8340,KAWLFQMHGDSCQYNRCWDDGPP
random_8341,APVLFMDCKINPKIRDHQE
random_8342,QMFDHYDKTCSISEWAEY
random_8343,CWNNEHG
random_8344,ITVSKGRDYYLRWMIMMKEWFCEIM
random_8345,GVEFAQNRLAPIWYGMTYNPDRDLQ
random_8346,QYDVKPYHTAQYAWD
random_8347,DPETKKQWAKENLIFALDQEFPWF
random_8348,WFQEVAAHFDYQISFMRPWNPLFE
random_8349,IMNMPPGVNPDPAKLMAANFKWSW
random_8350,YPTYKCETFPKMWLEM
random_8351,IKLVNTFPRQEMRSCIIPYFAECYY
random_8352,KTAHIISIAGKVYFEWC
random_8353,PGYSQRRPKAESGGMYS
random_8354,GSRKSHFGHSVVFPYSSPII
random_8355,AHDPNDGQNFPWA
random_8356,GTYVRTKELEWCRRWNCY
random_8357,KDSRCRDQGQMSWF
random_8358,PFPTGDYQENELFATVYEE
random_8359,EQKHSCANHSIDRGIPNMM
random_8360,ADASPCIHWFKDMHQIFVE
random_8361,PHQICKEYHSQGLPMWWEE
random_8362,NVPFLYPEAQIFYCCTRFR
random_8363,NLMRNPHVHSTHYKFRGYS
random_8364,HWRPHADVKNMHSDKSQIG
random_8365,ASHWIYKFPSPHDQWSIYT
random_8366,LDRDPFMVTSAIWE
random_8367,FFWPTRWPCDEIPYFSAKW
random_8368,HGLMWTHNWLESPCPFDWA
random_8369,FGFNKPSLNEYCENDIDLT
random_8370,YFDRNKCSSPESHPKMINL
random_8371,RCLKQWMYMWWTDDEVADP
random_8372,VYNRAQNSVYMLHNNIISL
random_8373,SKVCTLCCIDLVQMSLTAH
random_8374,KDWAFKNQDGKKARWKV
random_8375,KECLRCPRNWRMLVMWELW
random_8376,SGPGPAFHGNACPTWDKQL
random_8377,EELEIAAIRYKMTHFNHWA
random_8378,WDMYKQWPNVCFLYTFSAN
random_8379,TAWAIQHRRYETLQWNYWA
random_8380,KVAKGSPRVQHTMDTYQTF
random_8381,REFVQGQQGNNPKHAMGAI
random_8382,TLEPPADRQMDRMYLCCHA
random_8383,QHHAAQMMIRHSPKPVNMH
random_8384,PPVNSIGLPYRCDGRGFVA
random_8385,GQWYHLDSWKHFAFGRMWI
random_8386,TDVSETGDWSQGWAETRDD
random_8387,TPPQNTECDQSAICMYPCR
random_8388,ANSYLWWDATKEPVHTNMG
random_8389,MIRTYSVKNVYEHAYPHRI
random_8390,PETQERIYHPWYNALPTEN
random_8391,TYVIVAQVGMPGGDECHHM
random_8392,RNGLKEPHLQKMMNLHLDH
random_8393,KLTFTFKIRVYMDPYAFQY
random_8394,LYGHPGQCISYNYHTQEVH
random_8395,DMCWCMPYGNRRFCYLFGV
random_8396,PWMQGMSPCTQIVRDEDVQ
random_8397,KTIKNSRPIGNMNACGCYK
random_8398,VALPVRRISWEVYTPQHFI
random_8399,HIAQYTGIMAECMEQTSTA
random_8400,WAEMEVCQRHIDAEPRYGG
random_8401,AFLQWLHNFTTQVSARNII
random_8402,WMVQLFLPEHDLHEICKVL
random_8403,KRITVKNANCPCLIGTTLC
random_8404,QAQWVHAHYLPNFCWLKKY
random_8405,IVTWLKTCTPDVAKGDRMM
random_8406,MQRRAKLIWPYGLCPPG
random_8407,DTDSYDGVDATYTDW
random_8408,IFIIKGFWLWHDS
random_8409,LMGSSSTCDVLLSNNNYKQ
random_8410,AHCCCYMREGFIYYC
random_8411,PNPWLWQQLIKQKDD
random_8412,GIIEQKSALLQRCPV
random_8413,LLKPKDRHVSNQCPKT
random_8414,YYTTYKFDHHMILIKK
random_8415,EGQGSFKMPYIKPKCRQNR
random_8416,EEDNESWLLQVNWDYFHRL
random_8417,PAKDYWRPKAEWANTHSDI
random_8418,GYGPRYPKFDIIHEAGHWT
random_8419,GDTDERMAMVKSSKIPLVI
random_8420,RMYTVYMTADPRKRIGVHW
random_8421,HSNCYQMNHWRWPTFFFFP
random_8422,MWACAGQRCRPPCFFHVTV
random_8423,AYMVIYFQAWWQTCRKHIK
random_8424,ILSFKYDTPIEKFEHAVCQ
random_8425,WMLGMKHGGKCNSVIWTDV
random_8426,KCGGRHMLVLHRVIMPLDN
random_8427,LWWCCGKMGYRETDRHSYN
random_8428,LPQYLANHQSWRIYICRVR
random_8429,PYGLPDPVAMARFSWGRNW
random_8430,CTDCNDRRKLKNVSIHFER
random_8431,CMSWLWENCCNARNKVHKR
random_8432,REMMRENDEFWTSEAKRQP
random_8433,LNWFEHCSINHHDFKASSI
random_8434,DWNDMCCNWRILYGVFNVT
random_8435,RLRQSRRYNICRSAEYFYG
random_8436,LYSAVICSKEWQVYKMQDI
random_8437,HFIWWMSYDMKSEITTFSP
random_8438,FMQIKPCAHPSRSADAASL
random_8439,ICEMRLFCWMGYVCKVRMI
random_8440,KHWCRLMFAVFFQCESKIE
random_8441,YHRACGQVYIQSPYRQQAK
random_8442,HYPRTYPDVLDYRPLACRL
random_8443,FPCLQVIWYPYATCVSHGC
random_8444,RYHYGFQYDWKHDSKEAKP
random_8445,CGFGHINYAEEYNLYAGED
random_8446,RREFAWENAEHGKCDVDFI
random_8447,ANTQGKGAICRNRVTMCFT
random_8448,RVPTRAICAWKVAVNPTNE
random_8449,NLGEVMAESMGVAGPFYPK
random_8450,CFVWCYSRQVTENKWLLHR
random_8451,HFQKNRANVQNRCAPIFHW
random_8452,RKGTLRCDPWLCVRCGTKW
random_8453,YCHDNVNHGMSTYPTNNEN
random_8454,VDNTDDCGLFDQRTTVIKL
random_8455,LFLKGALSFLHLAIFPFHD
random_8456,SYQFMDTKASWRRQDPAAD
random_8457,MCMLGSMVEWPDSWTFLTR
random_8458,LKAGMNMHFTQANHVMMIG
random_8459,LNGDAYIRQRPIWNELHPF
random_8460,QPFYGQYVSIYGPTQQAYL
random_8461,SRSYNIV
random_8462,KCHADAI
random_8463,VMSKQYR
random_8464,GGHFNMP
random_8465,ECLQLWA
random_8466,SQDTHYK
random_8467,RMHMPRP
random_8468,LSNQVMI
random_8469,PKTLYDF
random_8470,ELSQEVF
random_8471,RNRAIAPHPDPPCLGWEWYPTRM
random_8472,CYHCSMQPWALIWPNAK
random_8473,ESSMQGQKTDMSAEGPRWNGHLRNRFR
random_8474,QGVLRRSEFEMFAGRPYHRAGVAGG
random_8475,EHYNTALAIPEVPNTLHKGMIYKCDP
random_8476,RKWSAMTNCVEAQCYTRDWILDSPWDV
random_8477,DPDNECWEAIGKRYWNDDALYNR
random_8478,RFLCDHLDKDDHWQKGGVDNSDCTHDTM
random_8479,YIVCKDHHCEKWQESDWSDDVLMVLAF
random_8480,HKCGAPMMNTSPDQSLEKHCVDG
random_8481,HRLNWPYCIDAAISEIMYIAC
random_8482,NDTEGSWHSKFRHSMSTKDFD
random_8483,RKRSRTRNPSVSSHAAKELNVCE
random_8484,NLAYQTQF
random_8485,CPTECNYLKYRV
random_8486,RMNQYMRWVRCDGYDR
random_8487,IASFGDNELGYHPLNFDDTT
random_8488,EITWPFLATMQANNVNLHNQGQFF
random_8489,YNNEQRAEACTPRVLIFATVVGSWFETP
random_8490,DSDRTGAGQWWKLEDTWFNDHDKL
random_8491,CPIMPTYQDDVIYLTLARELWIYGKTVA
random_8492,NWLAWWMWFSYQKYTYDKNLLVHM
random_8493,TDGERNKSILGHYHGDPEVHYERS
random_8494,KLKMEAWVSFPVHYGLSWAMKTWE
random_8495,VARVGHGRYYKYVQRIIYWM
random_8496,PTVKWLVDINKETSIYQLICQNKQ
random_8497,KFHLYQMEMVQQQLIWNCADWGLAEIYI
random_8498,QYMFNHRSDMLCIEKQQAARDHRPYHDL
random_8499,NTVMSDMEYLNMMRDVKWEMCFCIMEAQ
random_8500,YVCCHVRWQKKRDCPQHERSWYTDYSYP
random_8501,KEIHHDVYIWQAVSMMWEWYVIRCDWFG
random_8502,STSRTLDDYTYITMLNGI
random_8503,RSSCTCMHNKRCWKKSSLLTR
random_8504,WYWPRFCCVCSFIFKALAPAHTPV
random_8505,KHPECNNTWKYNENISALCYTPFDVRH
random_8506,FRYQGHANAVCTFFSENCLCVSRWHFNLVG
random_8507,RHCWCN
random_8508,HCYFVWPSRHTG
random_8509,TYPYLCHVFEPWEVEAKT
random_8510,PEFMGQDFCICCYLNIFQWYC
random_8511,SMICHITEPAWRHSQPAIQTPCII
random_8512,AEGMKVGEEMAHPFTYMRTRVGGNILQ
random_8513,QPPQNYVLPFYEAWGRQCEMHNKDQRQDHI
random_8514,FVRIMNAFYP
random_8515,DLMSFAQHQGGKQD
random_8516,MEPMPTPCNCAVAYYL
random_8517,ELMEDQGDCFIDTTSREK
random_8518,WSIYHMVTSFTWMMDSPNSH
random_8519,SWIDDTPDSHKDRQSMERIGFN
random_8520,RHYRFGHYRWKFDHHAFGKMKKLT
random_8521,PMQSCDNAPVITMQ
random_8522,WPCMRGFGTEPRMNESSG
random_8523,TRPWWLDMMPAPFCNCKRCTVS
random_8524,SMNFKENFK
random_8525,EDDNLIEWCALE
random_8526,CMYDCHILAKWIQPFLLADIL
random_8527,RSALVSYWHGANRYHPSCYQT
random_8528,RQRINVCYEGCLHFWE
random_8529,KCHYSGGSFNNRSDGC
random_8530,FVFDQQREKCRIHKPV
random_8531,NKLTLETFPTCIEHIDQA
random_8532,SEGAGFWCPRDRSCRGSK
random_8533,LWPIQIESHYDEMAEQLL
random_8534,QTINWHEPHFILCFMAVR
random_8535,GLTLVCDNKISQSQWPVE
random_8536,VWWWRELIVKGYCKETPG
random_8537,DKQMNM
random_8538,DLELEFISKCKGT
random_8539,SKRYAIPSWVNDV
random_8540,KPFMNEHKHKDFP
random_8541,CDNIPNRLLTSQY
random_8542,NFAWMNPSKHEFR
random_8543,YMQAVEAKQYYWM
random_8544,SYHRPTRQDMVIP
random_8545,SSWEIGVPCNYFY
random_8546,WFTHCGAIPYSGL
random_8547,EKMGVHEILQTSW
random_8548,REFFWRWLFDFGT
random_8549,GPHPSDKWCDKLL
random_8550,PHKANITNHGIFV
random_8551,QFVICYFHKRPTC
random_8552,GKPPSCQIEPYS
random_8553,RSDWYMLVLMIP
random_8554,YPVGHFDCLAK
random_8555,IAAYETYDTIHIF
random_8556,YDVMIWICQEPKWWTTVCHSH
random_8557,IKCNVRWGDKQYGYNDGHATA
random_8558,ERTQKTPHNWYHEKIMWT
random_8559,VKDQVVAHNCHMQDVKSY
random_8560,QHGDMRNGKPWYPSFEQELTETVLEWH
random_8561,YWTEADQQWCEMEVLDRVERMKG
random_8562,IPNWHKVWAR
random_8563,GMEWISPDWF
random_8564,DVHVGVTSHK
random_8565,MQLNTRTEST
random_8566,FSHAGQSLMA
random_8567,GTCGQYSWDT
random_8568,RQNFRKACNH
random_8569,RSWLLWKGCA
random_8570,TLFAHIGGKK
random_8571,WKETRVEYPP
random_8572,EFIQPVNKLPHDDFN
random_8573,KGCWYTPFDP
random_8574,MEIGNTYQFVEVME
random_8575,RTDQDAWETCHCIGRCFKHLR
random_8576,YGIVFWFYIKPMTSWVYRFEHC
random_8577,IDHSLTASFPERDNHPKHMD
random_8578,HLHMAWGDQK
random_8579,ALCHKKKRA
random_8580,KRFVQSQRLIMVAHAIRSEPVFCFI
random_8581,FVHWQAGNWYIAYYCFMDGFD
random_8582,RGWMQYTDYTQCEMLVGMKGISKLVDP
random_8583,WIWIVYIYSLPESCHAWDEALEWGVDR
random_8584,NRKAYNIMAKPH
random_8585,NIRTTWTDWFFN
random_8586,HSQAMYVVRDLI
random_8587,SHRDHCWKCIDF
random_8588,SKPPEYSIQPVT
random_8589,KMNQDMMSGDDN
random_8590,CFGNQPFPAIKT
random_8591,EKTDDTPHQTSP
random_8592,WLTIHPFFKYQG
random_8593,EFNIWARGTNCIFTLTYY
random_8594,LDTWCTWWTDCQ
random_8595,LWWKYKPDYSDKAPHKND
random_8596,ADLYQDWYEIRTWIVKRD
random_8597,MSNFMPEGVGYYMKIHVK
random_8598,IKWSDTVKMQYN
random_8599,TAHYTTAMCWHMGGHMPI
random_8600,SPWDMNCPEQDGLIGQID
random_8601,NVFHNLCSISVQSVQLVD
random_8602,PTSQEGPTLWTHHYLCRIFM
random_8603,NDDAFIAEWAVFFIPLSGLM
random_8604,QSPYTDNIWNDVDYGS
random_8605,YETMQWLTYIPRYIEK
random_8606,EASQNKVRMAIKAENV
random_8607,EKETECHQQMWPDFQA
random_8608,IDVHQPWFKTKDHSGAFL
random_8609,DFGLFECYEPKWPELSEC
random_8610,QVVFHVHNVKKPGFPYVM
random_8611,FKHFEVTAKQCGNRPGDI
random_8612,ALLRPTRICFKIDKARLQPK
random_8613,RMEMYAFRSEISGIDPVKSM
random_8614,NVSACAKKCERNMEDTSLAY
random_8615,YNLMWEDKQHFYMNDE
random_8616,IYYKTIIRTCVQIQSH
random_8617,YMCYRDSHTKEYYDIS
random_8618,CNIWNCIWIYCKIMIM
random_8619,VQMPKMHYWHEPKFYC
random_8620,MMPCMKWQRTHNVLGC
random_8621,AHTAPNKCRTDAAVKM
random_8622,YQFMVVTNRMDQVFHN
random_8623,QMRGYAQHHWAHMHTK
random_8624,KHHTRHCVYGTGQEFTKRI
random_8625,TLRNHSDMQKIRWPKVEEW
random_8626,AFNLCIYYYLLTGLPEWMC
random_8627,SAIHGHPATRHFQNIYRTV
random_8628,GLTGQVMQNRYSGSNMSVP
random_8629,MCPRVVDVWWNENPRQDAM
random_8630,WATQMKGSWMNMTGCSDKG
random_8631,PEGRSFKCDSPLKKWMVLE
random_8632,RTRWMPLIHMNKSYGCTLA
random_8633,TNMDLKLPNKLVHRRVHMT
random_8634,NVATKQGNEVGYNAFTCTK
random_8635,GAIHHQCIQPTEPTHYTLG
random_8636,LYPSKEHGPKYALTEHEAP
random_8637,VIDWEDAFFSIINYPRSNM
random_8638,NCGIHFGLAPHPMKDDNRT
random_8639,FLPCRHRKLHQWVICIFLS
random_8640,YVDVS
random_8641,KLYDDI
random_8642,RIQCCN
random_8643,LAHTWNLENGGHPVTFEMIA
random_8644,DDPYCHREGKSSMFVGVIDD
random_8645,QMGYESVMWRDFECVLPWPR
random_8646,FSPQKLQSQDYPLKPHYHPK
random_8647,LDLPHWHARPKMWIVAYYIS
random_8648,FLCNETPLCHRGITALSWYT
random_8649,RPDGDSRYPLKARCCIVDFK
random_8650,TILEGLSCADATKKCRKHIN
random_8651,TFPHPTFPKMRGVHFEMDSK
random_8652,EKHLKHWSNATWEFTGGGWD
random_8653,VWFMICMRVCALYQVWRGAD
random_8654,TVGQNFKKKHLLMKMRQDYQ
random_8655,YTRCNEPDEAMFVPFTLDQQ
random_8656,SSAKLQEDCPNMTLMQSSHQ
random_8657,MFFQQATGCWMASWKCANPV
random_8658,MNCMGKSYGRAIWRDWQVVA
random_8659,FPLRYKIHHQIYWKEHTRNY
random_8660,SFNLKTVQPNIIECGVGELE
random_8661,TCGCPQDTFLNFTRLKPSQY
random_8662,HIEGEKVMLQGMRQQWASDE
random_8663,VDVHNKMCWELSQPSPLEHA
random_8664,GMREAADFIDFWSQINCVKQ
random_8665,GQTGCPYWQMLYCFCWMLFS
random_8666,FPLHAYKVVIHFNQYPRNHK
random_8667,FYLAYKQVSLCVVCSI
random_8668,NDMMLEAFGTIMIVNCR
random_8669,KWTPFLP
random_8670,RRHYNAPH
random_8671,YVEMKKWENNENLCFSI
random_8672,TAMDSLTDPQYQ
random_8673,PPSCYGSGTHVQMEGM
random_8674,RNFIPCPW
random_8675,FESAKTNLYNKI
random_8676,NMPLATCAWSGH
random_8677,VCQGAKVYDAQP
random_8678,TCAGRPDEIHLQSTQTEG
random_8679,GHLQDCWHCP
random_8680,SHACITWRYAVVIWVRP
random_8681,ILWSLVCCPIRTLYQHER
random_8682,ITTMRPRVYGEWHDTQ
random_8683,FYMVNWIFHPNPFWD
random_8684,EWDYPCYHYTIDEYN
random_8685,VHCSHQWVIIYFVNE
random_8686,GMGMPMKIECYGCAPYLV
random_8687,HLTSMPFPPLFL
random_8688,SYTQNHGNANGWFDILFT
random_8689,TAADPGVWLAYYTTYHEK
random_8690,WHDQKGYMWYQCPFACYP
random_8691,VKKYKKQCEMHNPMADRI
random_8692,CGCWFHTGCRCWKHHFLPFQ
random_8693,ISDMGNMESHECFLSKGQH
random_8694,PSLDDTCFRWNFFKNWVM
random_8695,TFHWYCKHWHKHDPDQH
random_8696,NEELSSKFHFTFQIRMTSQFR
random_8697,FIPVHHYWAMWYGAMIIWIMY
random_8698,HSGLQIANVEKYLIPHLTTKA
random_8699,QWYMIPVAEQILFRIVGACWE
random_8700,SWHNSSCDKMEEDVAKHKTCY
random_8701,HVKQLTITLNGDSIALLEP
random_8702,RTDRVMLDYDNAQYHLKVERY
random_8703,ENFDFPVWSTDGFQD
random_8704,LNRDTYYVWT
random_8705,HTEIPPAFFHQ
random_8706,QETHRQL
random_8707,ASIDQHISLNII
random_8708,KLCINFKRYSDQ
random_8709,DTHHPNKHMNVF
random_8710,LWKEPPRGNKEQ
random_8711,TLKHRSYTFNYF
random_8712,WERIWKAPWVMY
random_8713,DWWFPRAPEFWP
random_8714,EGWDWCWPPILK
random_8715,MTNNLIHIFYQG
random_8716,YCQKWYFMTCPT
random_8717,ERADLHNSHIRM
random_8718,VIEFHYLDLWAW
random_8719,CNYNNVMGDPHE
random_8720,AMTEYVDEMYYS
random_8721,EVMLPSAFLNPL
random_8722,YCTWCCKKKCWH
random_8723,LHHNQDHWIVSG
random_8724,INIACYSTSIEP
random_8725,TLWWCQCQLMHR
random_8726,NMDCCRNSNLQG
random_8727,RCWMGYRSAVLV
random_8728,HTPLCSAVRMSH
random_8729,MHLNTKDQHGHY
random_8730,HWGWKSPMPVRK
random_8731,YFFWRGFDFWA
random_8732,PISSHCIFGGRRR
random_8733,FHKTAISRNTPY
random_8734,HWKDMEFSSRRWHLFTIIANH
random_8735,FAARAKTYDEHFPCSCTFREA
random_8736,KYHAMIFCNGWRAIKMARFEV
random_8737,SDWYAFANNQKSMWCENDESCGATTD
random_8738,TPFWHYYVQVPYYPYFYISAL
random_8739,QPIQQHGMMNCHTHQQPGTIA
random_8740,HCLNCEQTEHLRRAQACANHLLQKAA
random_8741,KLRSPTSTSMSLFNMNHPSSFVPKKE
random_8742,KCEGAFKAEAKQKSTQFPCTTMDG
random_8743,FHARSFRGLFNARQIRYLLGTDQW
random_8744,SMRSSLGTQQPWAWEEY
random_8745,FLVPMGYLEEMPSFKIYMRTPCNIQS
random_8746,RRYDESAIYDMIPEWASMAPGGFKME
random_8747,ICNDEQTLRNDFNPCEPLPCCHNCHN
random_8748,LHYWFPNALDICIGLIEMVSHEAMMV
random_8749,LPHNQCRYKERTCITPGEHIKSG
random_8750,HLEMLLCHVYNVGCTP
random_8751,NMIEMPTFMTDKWPRK
random_8752,NTRNIKCERIITYNMRK
random_8753,PYGSIKCHIDNAPHKQ
random_8754,QFACIISRAMISGEHW
random_8755,ITQKLATKKYCQ
random_8756,MCPFKVVYWYQ
random_8757,NGRHNCVNRE
random_8758,KQYLWPPVPMPHML
random_8759,ELYPLSSCEVCM
random_8760,SWIIEGPNHCFSQY
random_8761,FPGSFQHLNDEEN
random_8762,TSASHIVMHTCWG
random_8763,DRANPFKCCPDLS
random_8764,MQFNFPQVPKQNPH
random_8765,NQEVTEVHVFDIDI
random_8766,CKQLPPYACCAYNA
random_8767,GPCLHDASSFAQGC
random_8768,NSFRKHVHYDVSQLGWNTVVSTPPSN
random_8769,CVYDGNNDSYLEGENTHPYCRKSDIT
random_8770,WMWYTQIYCKLWYDSFWLMKSCWEKP
random_8771,PMMPIIEDEDDLYYCSLEMVKQWDRY
random_8772,INAFHCLTWAVHVLAFVGHHTPFLRR
random_8773,SNSHTDENDNTSKLGTWHQTTHI
random_8774,RKSNFSTIIILISE
random_8775,FILTQPFGTDYMGNYWETQLNPGIF
random_8776,YAMKALLGVLRSV
random_8777,FDQDVLLDAQCIL
random_8778,IVLGFVPTESDSL
random_8779,VYAGEACNVGCHK
random_8780,ICNQDQSDGCKHQ
random_8781,WAWNCWWYQMHTY
random_8782,KTRTIPYTKRCAH
random_8783,HTSDWEHDELWRF
random_8784,TMFPCQFPFNRTK
random_8785,TDSMDTYCSVFWV
random_8786,WCLPPWYRCKDPR
random_8787,HAQQKSHFVAPAL
random_8788,VQNAPWTKSAQYC
random_8789,SHQRQLGKKNDWW
random_8790,FWMGNRCEWVTA
random_8791,GKFDQPLPSDN
random_8792,MRLYRAPSLI
random_8793,RVYDVIDMQ
random_8794,YCLQLQWITGSVTFSV
random_8795,MFTPSFYPFRSMLNQC
random_8796,RCRKSVHSGLGDEVQG
random_8797,YIMSPKIRS
random_8798,GWYHVVVAYISAY
random_8799,KSDVKCWGRCYPDAPSSVPE
random_8800,PNTTGKVDQAL
random_8801,KRACGQDVMHCLL
random_8802,HLFQPLKSDLYIP
random_8803,DTEYAGHQCYQDL
random_8804,NSTNYFWYSQMHC
random_8805,TYFKYQRQVCCAS
random_8806,WRLYIYDKGRPTQ
random_8807,GTYRGCFGHQFMT
random_8808,TGNSCLVSCREWR
random_8809,KEGDINIIKETQW
random_8810,VTAEDCTMQEGPE
random_8811,CLGPRWVFANMRM
random_8812,SVNLMLGAPVVATSQQEHELPKCRSC
random_8813,CHLRSDFYCTHRADFYRCPKNSGYLK
random_8814,NINMRIKPHNKAPTYDHTQKVK
random_8815,RWMRIWWYV
random_8816,YLMKFQVSHAGEHWCFFV
random_8817,CPYHPHAVRNWVERSINEQPTVTFNRV
random_8818,CKSYGSALPKHYF
random_8819,AVQHVVHMEWDRA
random_8820,TIMNYHCQPVWE
random_8821,WDCMFGAGTIMISYYKEMDKEPNNYD
random_8822,LWRAIYMEQFKFCTYTFG
random_8823,AMPDYTDLGPINPFEMSV
random_8824,ARPSLRVPQLIHKNEQFK
random_8825,EICNQYGMDEWPFFKWYHV
random_8826,WRQIKTADAKQMKIPLTSN
random_8827,GPQESMPGKCFKAGQWPDN
random_8828,GGMSIWGYEHKHEMTRCDP
random_8829,PVGYWDVYRYTATEIDTQADW
random_8830,PNTTFVHQKPLYEMMQQTVCM
random_8831,GRKVRNWPDQDMNPLAVSA
random_8832,PGTPGKL
random_8833,SGSAFSQQYKCMTVAPDSSPFWGS
random_8834,HIVPCTDWDVFPPIFIDGLHCYYR
random_8835,KTEKWCERTDQYIDNFRIMQYGPIMGL
random_8836,CSMEGWKNIRGVASMLSWFGAMF
random_8837,FMNLCTL
random_8838,MQLSYHD
random_8839,RIHVITV
random_8840,INQEQET
random_8841,YECMLHF
random_8842,LFRHNIR
random_8843,LSNDYEN
random_8844,SCWGWFD
random_8845,FRPTDWR
random_8846,YIVQRF
random_8847,TVFVYY
random_8848,CNSKV
random_8849,CEPWH
random_8850,HIHGLDACRE
random_8851,PQMTIYYAQVVMFQFTWS
random_8852,DFNFHLSNCEPFRCIVIGGA
random_8853,AKAWRIQRPAMYWRTDLI
random_8854,QVNAIYPACNFS
random_8855,GYVYIGCLYDWV
random_8856,MASTMPLYKNLA
random_8857,DKGTRDPTERIQ
random_8858,TWLSIAMKISEC
random_8859,HIHNPAWQFHFC
random_8860,NSECSNWQSNWS
random_8861,CFKCTSVSFNYP
random_8862,GGLLCYLIFEVN
random_8863,WWLFGPFYVDGS
random_8864,RSIKWNCHLSYK
random_8865,WWNAMEAATYRA
random_8866,QDGATFHCYSPC
random_8867,CGEVIQYDEGMC
random_8868,VWPHKSGSNEES
random_8869,PVVQSRWSMEIE
random_8870,EYGVEVNAVDRS
random_8871,YFRWFCWHGQNW
random_8872,HNQCTFPAECYR
random_8873,RKSKWNFMLCQM
random_8874,YYYHADLCNTRI
random_8875,MGVGPIHGPCNE
random_8876,GAEIMTCPACEM
random_8877,HPDRGIKKDDLW
random_8878,IQTWIRCWVNFP
random_8879,WSRHDGWCLTHE
random_8880,HWHFKTIFFRFV
random_8881,DHSGFQKCLPYTRN
random_8882,IQHTHIKGMQGMVQMRCHFHP
random_8883,LQYRYNCVWIRHSW
random_8884,WTKNGRIWCQWECR
random_8885,IDVPATTWLSDNNDFS
random_8886,FFVFWHLGAMPFHE
random_8887,ITQWYPMVLYCI
random_8888,EVCEINGYPHDYVCLR
random_8889,WKKPSCDIMFQMPV
random_8890,TPACRHYDHCCF
random_8891,DWAETDYMVITPFYFIAI
random_8892,LLFTQYKKMMWHIISMNCQM
random_8893,FKPYCNPCEYPVVWHWRDN
random_8894,YKSNQECLFEDPECMQ
random_8895,NWLFRGHFFEGDEGFL
random_8896,NMPCVYFKFWWKTMCC
random_8897,NVMQGLWWQGDVCIIE
random_8898,CALYGFIEKGFIY
random_8899,TDSLAHPNTEHFR
random_8900,FTQTFVGQTTAKAWTNG
random_8901,YNMWWKELDLFCR
random_8902,MQHGIHKGERCRH
random_8903,HSMIPRYPFCKRDWDMNICTVGPYLNGP
random_8904,DQNHNKQDHAVPMWRPCQCVLFT
random_8905,SYLSIKLDPAWCDQI
random_8906,RYNCADFEDICEGAF
random_8907,DQYDEDWKTFCKNCV
random_8908,SIMSIEWSVDGDCQP
random_8909,QIRICIAVKIYQKEC
random_8910,SFWRITLCGEDTYDICRRWRNRFMFMTEK
random_8911,ILNEGGLRKIPEQQNE
random_8912,QQTGIKSAICKFNWIGF
random_8913,VQYIRNESQR
random_8914,FQWLRSVYLRR
random_8915,FTEYKIHHCFE
random_8916,LNCLNEVIHVD
random_8917,HAWDKNAMKP
random_8918,EYDSIGM
random_8919,DRLCYQWRIDTETS
random_8920,FAGKNYCQPYWARTCMQWAPK
random_8921,DQPSTAYGLGECWKEFMSEFFPCNNGPK
random_8922,HKIWALC
random_8923,FECCNPTQSQLGIC
random_8924,MYMTQDTGMPCCWQTTNMWIN
random_8925,EDVWMCAKTVSIEIPFCIAYELDQVMCE
random_8926,LCASLDSHGQCYW
random_8927,GLQEYLQKIRFAG
random_8928,FAGNENKYGKIYD
random_8929,LWWFVQTWASGIG
random_8930,MTKALLCEMHVCS
random_8931,PCEMFWWTQGEKVLIHYH
random_8932,FPSMQVYLEPYCVPESIG
random_8933,FVMRKNEHGMNFSKVIDIN
random_8934,ANWLWDWCRCRCTISELFI
random_8935,ISSMMHAWQPGHAKVVPAD
random_8936,PPPHLTRPWYMG
random_8937,PDCIMSMKWNSEVR
random_8938,SAQMLVWRQESALE
random_8939,RCSFAWESTF
random_8940,DPQNMFTSDM
random_8941,TIKVKILCNNVCSFIYIEEDHQLDDKFF
random_8942,QLVTIFMDKDRSIFHVF
random_8943,SRCVWFPQKKHQQN
random_8944,WCILSGCSYKTGAF
random_8945,RWQMQYGVSSMGCW
random_8946,EPVTHYAVLTNMVF
random_8947,QATVTEQVDMFCSA
random_8948,CHSLMDTASQTDPP
random_8949,SVTCHLTKGERNTQ
random_8950,QCEFRNYFKIMDGS
random_8951,KFQCSMFWRVSHS
random_8952,EYFWDGKIHSDFKSDPGGNQYSEV
random_8953,KSQRTAITCGA
random_8954,EQKKAFYYLDYVIAC
random_8955,WHFWWIFITSDDCCN
random_8956,VPMDWDYDIINRYDN
random_8957,AIELCSFVQKLFVFE
random_8958,FVCNFVCGA
random_8959,NWFMKVWETITLA
random_8960,IYECGHKDKYSKGMHYRR
random_8961,CHTHHYKSRDIVQAMVDC
random_8962,VYPRAFAYVPRWMDSWGWAL
random_8963,NSITMDGYWDCMINFVCDIS
random_8964,SHLVVTFHSWSVIIN
random_8965,YDHFVSCWSHVEG
random_8966,SMIFRYAEGNIWK
random_8967,FKSVLNFTFNIKIFFAYTC
random_8968,VWHSETDIYWYKKPHRSKRDNRVCIVD
random_8969,MGVSADLYEHVFWVWTIFPTDS
random_8970,GAIDICTSNMPETDEMGTIDEMITHGQH
random_8971,WHFISFMWQPDSVPKKCTP
random_8972,LPGGIMWLVC
random_8973,TMYVAMDMDGREKWYE
random_8974,EPLSALRRWCINMLDKWSAWWYPRES
random_8975,PVDAHPKDPCLTRSMNRM
random_8976,FNHQSQKPWAAIKKAPRDSVHDGRLQ
random_8977,QDTHSGCFRLKYWPWHMCYRDKIQQC
random_8978,NLARDYDISYRCSKNNEVNWQG
random_8979,HNCRSHECMGHQIGTHKSGSHY
random_8980,TEMMWRLKSIMMHCQHTRIPGAH
random_8981,VLQADEAMLFCDHMFAKWIMWSW
random_8982,WDDHEVRPPPFPHHKRPTRKYII
random_8983,SFMCIRFWILLPYT
random_8984,CPCSIGWLPWVGMNDCWNV
random_8985,GPKLRNSVRIATVSKIGEI
random_8986,IKPHQSASYGPMRKYVDAQ
random_8987,TNDWYWDSHIWYIYWDHGG
random_8988,SWHGKGMNIGRKYRLGHNQMQGYDNHAACS
random_8989,ADQVLKLENWQPIWSMCQFRISVNQVKMEL
random_8990,REDFFMYFDLLGWAHWFQHHMNPYQSCREA
random_8991,IVMFAVMDMDLINMTHHSIQQNALGCGMSV
random_8992,HEGRVMQPQWNHQSMRPGDFIDFTMIYQPH
random_8993,GDEPQKWCVLRCVGQEFVHNKNTMPEKFQ
random_8994,QEHQKFIHCDCVAWIRPVIWDTLWGAMAF
random_8995,LTGVMYIVDPCKCRIRHPFPGQNLWR
random_8996,EPQFALVVMVYDVPYVDDYKLNWIGAWWR
random_8997,QYGWLSTSYANDSWDGMHCDNHSFPIGMC
random_8998,NCYHPSCSQESCPALMPTRRRQYPFQ
random_8999,HRMHSVEATVFEGVEGWETHAR
random_9000,WHCGTQWFRQFQPIMGNIGGTC
random_9001,SDSPNQLKYWMNPWECLGAHLF
random_9002,ENVTMADRCQLGRDPFLQHNFEI
random_9003,NQNMAKFHIGCVRVL
random_9004,TYCVFWPCWKDVRWITNEPQSHFPIEA
random_9005,TQQTLIWNCHSRVYKHSESMLE
random_9006,RNSQFSARWLKRNYLSPIAPQQ
random_9007,ATAATDYEFIRQQ
random_9008,PQFNTDELQYT
random_9009,AMHPSFHVPVNGA
random_9010,VRRPLTSDPYSSK
random_9011,IEYIRGLEIGDDL
random_9012,ETNKNQREETILE
random_9013,MSKQQWGYKVNMC
random_9014,NLHKIGNYSVDND
random_9015,MGRGQMEHQNYIV
random_9016,GLGIDRKQCASCG
random_9017,VKCPTKNCHLE
random_9018,PCWNRGCHFKVFG
random_9019,TMIYICHSSPYDVDVLEPPWPPT
random_9020,TNKVCWVTIY
random_9021,VLEVWCYGET
random_9022,FKTEPRTEYDFYALCNAGELSDLT
random_9023,TFCEMNKEKLEMFMMAYDGWAPVGIQEYE
random_9024,IRTKSTRHWAF
random_9025,TAIQYVHTKQA
random_9026,LTCHCPCDSK
random_9027,TWMVWRHTMQTDM
random_9028,MYIGLRGNPIWYD
random_9029,FMMVALAVLQQLY
random_9030,DEMDIYDILYHMHFRGK
random_9031,RTMLILFPVYPLTYYWQ
random_9032,ITYAFMVTHKDDENDMI
random_9033,GKCDWTPNSRNFGKHVY
random_9034,TLCCWACASMCSDPYKR
random_9035,LITVSFPCLPHNNWWWT
random_9036,NLWMVFHDLPLMCWFYP
random_9037,ATRLAWFERDPCVHLAQ
random_9038,CWHKCKGFQDSHKPQYR
random_9039,TCSIGLMGFRLHSNVMA
random_9040,WTYQWFYGYWRCA
random_9041,ENFVVMLPYHMVT
random_9042,SLHGFPCMGNAGN
random_9043,EAGACFYLLIETW
random_9044,TWANQSRMLWNLY
random_9045,AWFGCYGALTHTE
random_9046,EAGRGWMSVKF
random_9047,NYIWFTYYWLHDKVLNGQFNEKFLH
random_9048,CTRGKPWSGL
random_9049,EWGWTQNKMPW
random_9050,YDYMKDYAML
random_9051,MPNCVKMEDE
random_9052,HAFVGTFTSMH
random_9053,PENDAAFWLLD
random_9054,TWPKQHQRFVT
random_9055,NSHMKLYAP
random_9056,MDIRTMNCW
random_9057,YPNKQHDHMWDV
random_9058,IKGETPEFVIVDTF
random_9059,QPVVGVNDGDDQLGKYM
random_9060,CRRQQNELLKGYRFIVPIWI
random_9061,KHMCTMWHAFINYSNFQ
random_9062,WFAHNDTGTR
random_9063,QRQEVYNWICDEK
random_9064,ETHINWGAPKNVY
random_9065,IILPPPFYPCQCD
random_9066,RGGYRYIESDGTR
random_9067,WPQNCMQPTPWNQ
random_9068,GGSCAAPSRFFDS
random_9069,WVTWYPSAGEHDW
random_9070,TCWERNHSMQAFP
random_9071,CPSRWAWNIGQLT
random_9072,FQMIRQGNVSDQG
random_9073,LDPTMPFKMQGNE
random_9074,AMLWTNYGGLAPN
random_9075,TKSQVQYVFCCFTARSMMNDPYY
random_9076,PCIKMQWVAYY
random_9077,VNNNFPMCMEERYVFWWM
random_9078,PGCEKHLAPWWCEAAWDFC
random_9079,TRVFYPTVYLYRNAFLLFCHH
random_9080,ITMEESGEKAEEYEE
random_9081,KKKHNALQMMAESHHIFPCWGK
random_9082,NVVKEFIEFQRGGITLGEHYHK
random_9083,APGFAFALFPKRWLCP
random_9084,ERHYVDVGGYYTWNFDDKSF
random_9085,DVYGTKQAQDGTWCVVNP
random_9086,ILNYNEMPIQSSAHILY
random_9087,FKQPKWCRTHPVFAQQWWK
random_9088,GMTKKNNYNSFEGQACDKGLIMA
random_9089,MLQDPADYQMIITWKNKVK
random_9090,VPPYGMDHGTDKNCKMEAES
random_9091,FWHCPGRWNEQPNCVISAEIWAPDCQVD
random_9092,CAMYYNRHRKFPFYTVEFWDKNADFEW
random_9093,YGWQGRKICQINTVLGTYMFNQKDIHH
random_9094,ESWVYWMLTKEFIAHYWCGPNTTIDPF
random_9095,LEMAGYWQTVWYNAGILTWKQT
random_9096,YKNKACKSVERDFTDL
random_9097,NGHAP
random_9098,RGHPF
random_9099,RKYVQA
random_9100,IRGVNI
random_9101,CARIHRG
random_9102,QNSAIA
random_9103,NVMAPR
random_9104,FTCRRL
random_9105,NNAHP
random_9106,LFWAWFTINLRRGELKV
random_9107,AFQCFDFWVPTN
random_9108,SLLFHQWEVSPRNQEQRSMQWDSFSQETHV
random_9109,IYNWDIDEN
random_9110,YIMYNH
random_9111,MNASRQREQVLWLR
random_9112,HMWMEIS
random_9113,PAFGCSDRWLVQFHPR
random_9114,CGGNQQHIVGEEWGENDECHFHHSN
random_9115,SDVSGSPLCPDVNYS
random_9116,MNNVRYGVWCQ
random_9117,AFFTFPLPWQS
random_9118,DTLQRKAVVDSADRSFV
random_9119,KFQKFEFNEEMKTGAY
random_9120,ELCFCQWREER
random_9121,VRQCAERNTRMYFKIIQVGL
random_9122,LQRSDHFLQWPNHREVIAWNLALRELS
random_9123,KWWAIRSVIGVRFPVHMYWVFNNYKPC
random_9124,CFPELTPRMWKVSCKTWIT
random_9125,DNQNIYQSTNWFRKLFYFFL
random_9126,LCNQWCRYLAEMEYPCCRLKRD
random_9127,PGMGICWTHHCVQGISTPITKL
random_9128,GLYISKQEHLNMYGSAYP
random_9129,LLDMKTGDLFPTDRDIDGRFIFGCWWFIS
random_9130,SGGRKSDVEHMHWWFSMQ
random_9131,EMNGPCWLWCNTSKQKPL
random_9132,EDSRYFHQDFHWHEHWPY
random_9133,CEDQCPCLTYEYRKMMFY
random_9134,HSLSLNEFVDRIAW
random_9135,RDEGQHVWQMETYDI
random_9136,FHEPWHETNMVA
random_9137,FSPNDAKTCKE
random_9138,ESAWINVMPYGR
random_9139,IMDYLVNDMNDYT
random_9140,HIRKRPITKWYPTQ
random_9141,EPKNASLIRLPTTV
random_9142,MSPSDFPFGQDCRM
random_9143,CVATPEFLGQNQDG
random_9144,VCEYYILSTCYCDFGSE
random_9145,MDLPDAFRGEFSCFDQS
random_9146,WAFFEGFIEMAVESFDA
random_9147,CIERLQSCQQLGYAPLE
random_9148,RPKSPNDEFCAMFIEKN
random_9149,FDWSNCMKYRMWGDAWW
random_9150,WYQQAKGLRCLISLACD
random_9151,SFWGFYDIEGWMDQWGA
random_9152,YGRGYIRALWRVYYKWH
random_9153,CRRKSHGMLCLMIGCVS
random_9154,CKECKFYSFMAFGFWYQ
random_9155,WSDLSRGDTNSPHGRII
random_9156,HVQCLYKRPNMSLSNYT
random_9157,ANRSTNWWLDWDWNQRT
random_9158,PSRHGKTFHEQGWKYSS
random_9159,RHMMFAQPCANKICALF
random_9160,FLHDHSKLWSMIQAHKL
random_9161,FSMRVWTNMCECSNHAC
random_9162,FYCRGQSNYYNQTKLNR
random_9163,NHMTWFTDNTCSWDTVV
random_9164,QEGQPEVALQMRRITIA
random_9165,FHEKKILSMCREYPDQG
random_9166,MVKWNYDWQDPMFDEIM
random_9167,TDEVGNVSPWIWYVYSG
random_9168,MDPEWTMKIWHMIFFPR
random_9169,TFKEHNKIRWSILTEDN
random_9170,RDTKSDMDAQCIIPISF
random_9171,KPYKFKHKIGSKHYDNR
random_9172,VREWFIFHELGNINTDL
random_9173,PHNTLYQLAEATEEWPT
random_9174,YYVYADMLLCDYRSIKL
random_9175,KCHGYFEGWQDRNAQMQ
random_9176,DKKGMCWLGDTVMMDNS
random_9177,TTGGSLQEIIYPGTESK
random_9178,QMHMPTTDVDMSIPMSQ
random_9179,HMVYSSGRCNAAKCYLI
random_9180,ESIRMIKPAPHLRSREF
random_9181,AQQCQKSIRGVSDVRKC
random_9182,LAWWVKIMEMHDREYDE
random_9183,ECAGNCWIYNGFISLTH
random_9184,SHSCCISFHTRKRQGMR
random_9185,WRSVMEQDEGMYTEDAL
random_9186,DEAVKTEQMCDIVLSAL
random_9187,YIGDRKNCRSRIQWYKD
random_9188,YHQRVWVVAIPTM
random_9189,NQCSPLGMARKPTP
random_9190,WKQIKPCCFTFICE
random_9191,PNVQNVCPGEQGMS
random_9192,DTICTEHSPPQKPA
random_9193,DQKSDYSHQSRLVF
random_9194,YRPSMMTDSANEYQ
random_9195,EARLCCWSERNPSY
random_9196,CKKQFWIHRTMNYY
random_9197,TEWSPKNLHRPTNV
random_9198,RGSYKLSQGEFKLM
random_9199,VWKFCWVMKIQSAA
random_9200,GERRDQCFWVIFDA
random_9201,LKAEHEGMPCSAAA
random_9202,MVWFNYPILMHQMS
random_9203,YMPDTNSNCVYWNI
random_9204,EDDGSVHKCQWLCD
random_9205,HYLVVGFSDYIMWV
random_9206,TCVFCNMNFEIWYQ
random_9207,KYILWTQFRVFLYF
random_9208,CFQPEQAFHFSQVG
random_9209,LKNEVEMDIIMETH
random_9210,SQRDKIQNTKCCYW
random_9211,AGSAGQPRTMYWMQ
random_9212,DKSLILCPECQAAI
random_9213,QVFKAHCTKSKRWP
random_9214,TGKQNGIWAEYMFK
random_9215,SGPRLAEACDNGLV
random_9216,RLPQEWLDNQVQAV
random_9217,QYELSQRPFHCECT
random_9218,RFFLFEEERNWYPN
random_9219,NPCKTVEKWTQTCA
random_9220,ATHAHEDSNIEPYK
random_9221,WKHPQCHGDPECNM
random_9222,KFEFCEYMYISQDD
random_9223,AAYWTQWCGERCFK
random_9224,VWHIPRIIKLEFPG
random_9225,ILFSWRSLIESDKN
random_9226,RWTQAGWIRILDNW
random_9227,YFIPMKPTVRGSCL
random_9228,VMIMHRVIHANQLD
random_9229,SMSPCYYDMQWWFP
random_9230,KSNMYHICANMWRN
random_9231,WTLATHMCMLGLIY
random_9232,ELDPMVCLQTVETI
random_9233,DQWKFLKFHKMWSI
random_9234,KHRFCNIYVINVNH
random_9235,HTWMEFWFDHFAKG
random_9236,HQWFSIVKCV
random_9237,NLWAPYMNGH
random_9238,MLTLLYIRNS
random_9239,WIFKASCTHN
random_9240,MPCENMPFSE
random_9241,CEYHPVHHWR
random_9242,HCVYHLYHRV
random_9243,NACPNNIIRWNG
random_9244,INRDYKHYLFHQED
random_9245,LMLYIYLEWIYFEP
random_9246,VEVSYTMDMWEPLK
random_9247,YRQNHVDASDWPRT
random_9248,MPWEWGMWQRSLGL
random_9249,AISIMRVMVSYDPG
random_9250,YPQGHCYDNNFNCG
random_9251,GTHPEQCTCNVVYC
random_9252,FTKLLVLYEYEQPV
random_9253,QMGIWMKASFLDCK
random_9254,INVKVTMSQFDWMG
random_9255,ELYPTWNARKRLNL
random_9256,DHDVGCKGRCMAVN
random_9257,GAKIALMPNANYCT
random_9258,PMEEIFYLEICPTP
random_9259,HCKWNYFGLTLRFQ
random_9260,SGMEMYSQQRDADP
random_9261,IMENDIFTGFDAFR
random_9262,YLVRPLSDKG
random_9263,KKRTCDQEFAWGPSFSPYMHVAHKG
random_9264,IQSVDTDSYLVDAYPFMFSWATFRE
random_9265,TANNPAYWAFTFMMHSFMQG
random_9266,NEVVRPSLMKCHGNEENNCK
random_9267,FYTATMCSWGKRLVHGTSNF
random_9268,VLRQYGGIPQSDQMWHLCVE
random_9269,SLQARKFCGFVWQQDWCR
random_9270,GYMHFSCGMTYTFHFMKM
random_9271,SPCLDVETMWTDA
random_9272,FHHFIPRKCNRAD
random_9273,LPLMLEPWWYHC
random_9274,EIVPVFQIRSNY
random_9275,SRLEFWVGLNRI
random_9276,CNQPGLIQLKEP
random_9277,LQHEDGLCSTWW
random_9278,MWCFCAANLFII
random_9279,PQQPTYIRMQINL
random_9280,LRMDPYRQSLPAE
random_9281,SQTWPVLIWYEGD
random_9282,HHEVVHCDSCYNI
random_9283,IGGPRTRPGSGVQ
random_9284,IAYWRWWHVWFMD
random_9285,QYPTTIVYVLTYI
random_9286,GIWMYQWMLGY
random_9287,YFESNFCMFLV
random_9288,QQPAKMFNCCGH
random_9289,FQAGPLENKAG
random_9290,QRPKQNNFNPP
random_9291,RTPKKIENKSEQCF
random_9292,MHASHSVKIFQEYM
random_9293,ILVHEAFQQDIEHW
random_9294,WKPDFNYESHLSFSH
random_9295,MKSRRYGGSAGHSISREYRDIKFDV
random_9296,AQYYTYEIMRLIYCSYKQIMRRCHC
random_9297,PMGTLSGSQHIFWGYFFAEGVERWW
random_9298,PREEHVLWKWCYVTMWTNNWATVSQ
random_9299,PYRKYCYVGRNNG
random_9300,VRNVDMNPWEIAC
random_9301,IDDSYIQKMVKEW
random_9302,WSKWWCPDKKWFSMFPQGVKAKQD
random_9303,DIVNTRFGRVYNQVIVLLAAHH
random_9304,FIVKE
random_9305,HYFCCN
random_9306,KQWMLAPAVDPETVNCYIHLWDKEDQL
random_9307,AQATGQANMMLA
random_9308,VRFPDLIYEEDC
random_9309,LWHMIMEACFKN
random_9310,YDCRVSMKTGMV
random_9311,GYIWHIWCLWWD
random_9312,CFPSAAMWRATD
random_9313,KEVQAVCYNHAK
random_9314,VIYNWWSPKHS
random_9315,IYYSGCCTMRR
random_9316,MNALQRCFAE
random_9317,VSYGYKNHWL
random_9318,SILYGRTHEYWCE
random_9319,KQYRCCPDKYGH
random_9320,TYWKYMYPYPCIYM
random_9321,HMFGCMWYVQGFRH
random_9322,TYPEIKKRGHPKDER
random_9323,SRVCDQHRVLSKMNK
random_9324,DYMEWPLTQKYFCERNY
random_9325,VVKHPKPCTMKLTVR
random_9326,RTKWAHGHFNCFDPPHV
random_9327,SQEKFQRDWQQWTWYSL
random_9328,ADMAPVMKNGDMCEG
random_9329,HKWFQNWNGEKCYKH
random_9330,DGSANIDPKNRHDMR
random_9331,MWTRTMLMSNNIQFWA
random_9332,NEQDWDLPRWKQVCIFKAW
random_9333,YGNCRARMGCHDVWPY
random_9334,TNLCRREPCCEDWQNA
random_9335,FQVKFGYTKTSFFKN
random_9336,YPVMNACDVWQR
random_9337,SMLNFANTHPRH
random_9338,VPYTTGMDH
random_9339,EHKVDYMYIWFY
random_9340,NFERFGRLGMGV
random_9341,QVLQAGGAQGPQ
random_9342,TFKICDISDHYE
random_9343,CPLTFCGNPWLN
random_9344,APNPKDDWKYWD
random_9345,ATIIRNKSCPVS
random_9346,KGNMDAETESTR
random_9347,EYFNNNLYGDER
random_9348,QHGYLPMFLIGD
random_9349,HHGVKPEMIKKQ
random_9350,ACWRVLQMYVYAWWFITMHQQDYWNQKS
random_9351,RRFTLIVFTNDCY
random_9352,FMGVTGTGIGKCK
random_9353,ERRVYCK
random_9354,MRCVAFGH
random_9355,WIALRERVLDI
random_9356,GQAHYFLKSPA
random_9357,GQQSVYNRFLV
random_9358,TEWANHAGVQQL
random_9359,YQSLSQCFIRE
random_9360,YGTWWVCDARI
random_9361,CYRPNHHENAK
random_9362,MCTYTCTVNNE
random_9363,FCEMNMCIKMH
random_9364,DSNPEAPKWHQT
random_9365,DKVPTTSATALASFYRDK
random_9366,GWWYNWGYSLVVKPKAANMGTHV
random_9367,GYPPIVFRIHWHYICTEVPFRMFNN
random_9368,KQSQMGRHAVAINEVHLWMRIAEVP
random_9369,PGSECWRLKIFCNVIFRKCLHVIIQ
random_9370,TTPSKDGFNWETVSMFDNICVVQPD
random_9371,MRSGGEMREPGDMNMVNTCFHWPGR
random_9372,GLKEPTYMKKADVKGSDPNCWIFHE
random_9373,VMGPGPLIRFTWISFEKEPPHDCRM
random_9374,QTWATKDNKPIWGEYIMQHIMGWFR
random_9375,WRGCGIVIAQHGP
random_9376,KRIAPVCSDMAWF
random_9377,FQECKISRKPKSH
random_9378,GYGSYHGGGEVTE
random_9379,PRLRPEPQWYMDT
random_9380,GQYSNHHYHENGT
random_9381,AEDPAYGDNWSGA
random_9382,FSNLCTHQYYKIT
random_9383,HEPISCINRTLKK
random_9384,ECSSFIMLMNCIM
random_9385,QYCDKAMFNCGRR
random_9386,DYWSDIVWQEDLS
random_9387,QLQSPSDPACKCSFWLIHEGVQR
random_9388,YWWADEFCHFSKMYM
random_9389,DKTMGETKCVPGDDI
random_9390,IPGPSHH
random_9391,KGCNNPCCIK
random_9392,QFDQCGRF
random_9393,ICMGEEYY
random_9394,NPPDDASWILQPHFPWHG
random_9395,MELKADETCWKQSEGRGC
random_9396,NWTVLMVGVHPAYHYDED
random_9397,KELTVY
random_9398,IKEYFKMWPH
random_9399,DHAFYRPSQCELMD
random_9400,WGIFNVSSIPNMDELPIM
random_9401,LTMAFGAAANSQMAYGIYSLYHWPYNTF
random_9402,EQSVEMYDTMSFRYCTAPSIKHCHEEK
random_9403,LSPKLLTIPCVFWLAS
random_9404,SMDCEISSVENWITSWG
random_9405,HEKMTGMHLGMLCNEEPTMV
random_9406,EAFPMFGTMARFYAQQMWLLNSY
random_9407,SGYMADGNWEATRVDGHREYRNNT
random_9408,EKVGMYRIEYWKLKGEWGHMQPKNSYF
random_9409,NFWWVKCETYAYYISCC
random_9410,SKRFRAGRCYMQIRDDYRFYK
random_9411,FYKSSSANHTRVHEQFTSACLIYH
random_9412,QHPEESMWQT
random_9413,DHEWDYPSVKE
random_9414,FEMERKNQQWTHM
random_9415,KRLSLMFGVDGRFWKIDLNTNHDK
random_9416,ANPGKDRRAEMPNQFRYIQIYMG
random_9417,TMMAPVTIDGKHR
random_9418,KVDFLEGTCKNKQPTPPKPGQYY
random_9419,SHGPGRWKIRQNP
random_9420,NYWQNRIITWVQTHANSQDTSTWSFCNNGT
random_9421,TDVCRFPEQIYM
random_9422,ECTKMVLGMKYV
random_9423,LHPTVKNHYQIL
random_9424,SWHAGTAEHQFPFGVVIVIKCRVCYWVAYW
random_9425,HVFFEFQQFSGQTTEWYKCFYHQWQHIH
random_9426,QQGAVVNNYRTHWMNNPPACYNKSAIEMSS
random_9427,INDNQSMHYYCHGQPTWNSPIAVFEEFI
random_9428,EMQWGMVLVWCG
random_9429,KARYDWGNFFVR
random_9430,PKMSHQGVFRQN
random_9431,TWLDTEIHLPEW
random_9432,MMISNCEWGLIW
random_9433,ALPHMMMYAFEF
random_9434,SEYTGMQFEDPD
random_9435,IKQYGNTTANYI
random_9436,YWYAEQGHYWMS
random_9437,KAVTYDTMMWRF
random_9438,PDTDAHVWAAGK
random_9439,YTMVQIVDEWDM
random_9440,KNVHFPIFGCED
random_9441,DTFAFCSCRMVY
random_9442,YECWFTFMRHCL
random_9443,HTASRILKNDCK
random_9444,IVHYMNEKYYIS
random_9445,WPISDAAAMIER
random_9446,HAETKAPEPGFD
random_9447,HGRRDASVANNH
random_9448,CYEEQNISRWSL
random_9449,VGRAVRMYMHWG
random_9450,KNRKHSHWLSMY
random_9451,FVVSWNESSTRQ
random_9452,PDPTEHPYRAYQ
random_9453,ESSTHHDTPWLY
random_9454,GCVKRKIDEEVV
random_9455,RIASNEIKQSWTHCRIDWAW
random_9456,YYCTREMQGQAVTTAPCCHAPWATQ
random_9457,NIIKHSNSFKELVHFKEWNIKNV
random_9458,RNNCWKINCTGSNGTTIGHQMIK
random_9459,WSEPMHFMLWD
random_9460,IKIDHSDWEG
random_9461,TDKATENYNAYSG
random_9462,KHSKSHRHSHGPE
random_9463,PTYSMLNGAIIRG
random_9464,WYSNDLWFQWE
random_9465,DVKGTECFMND
random_9466,RSQMRWYSYLI
random_9467,YRFWRLGHCSQ
random_9468,LKYPAVHP
random_9469,QNVQNGMACGVIQCAIVCNYSVNRGVET
random_9470,FFMYDCYIMISDNNVVRHRLDPWQNFAV
random_9471,PVFRHWDFPAPMFWYEVCGV
random_9472,MHYIGVHHPRVIFHCFCAYC
random_9473,HMDWFDSHATAEILTKFLYF
random_9474,DRVTAYNISLNSDMVHKCKA
random_9475,LKVSMIEFWPDYNLQQHIHS
random_9476,PDLNLCEQSEHENIQKKRAE
random_9477,DVREMLKHVQPIQSYWMAIN
random_9478,TCWGWRFWSYNIILERFFLV
random_9479,PRPVRRTNGGELMYQPCMIM
random_9480,WNWGVNPECVTVDSMTTKAP
random_9481,HWALVFHMWPSPNAKLMPCI
random_9482,ALPMCMLTKTMMPVCWILHY
random_9483,KTRVYTAMWRWGFTNNDTAY
random_9484,DAMEFSVMYICANIDATSCW
random_9485,KNPDCYHDHIMPACMIMTTS
random_9486,YDICEMNNSGDPIGIYQDPE
random_9487,KNFSEQRGHRALERCSVSQPT
random_9488,DMIFHICAESGQRFFISQITY
random_9489,FGIETCIAWWMLWIKKFSMRK
random_9490,DCGCEAEYAIWISPTIYHIET
random_9491,HKIGQPDKMLIHCCNSDMTDW
random_9492,LRQMVQYTLVLPQMHEPVEPK
random_9493,YHHGHESEGCFLDNSRHYNFN
random_9494,KVYEQVIVQSPAYEPKMGNTW
random_9495,RQLDCCCAPFDEPENLQDQAN
random_9496,CYPEWCLHFKLLLMWVTMFAQ
random_9497,AVPAPPN
random_9498,YPNAFLMQMGYTYG
random_9499,WLSRRDLTFIDMGMFPKMLKQCPG
random_9500,GTYIPADAPPFDSRTLPNKHVIPI
random_9501,QKTWPQWEKNIRQM
random_9502,NMWWNLRRAMMCSCPMCKIDKIHR
random_9503,KLVEMKSHPMGETY
random_9504,FRCYHCFCVFYFQFHNVNTPMLEN
random_9505,NHPTSANKNNVCQFQCRYGMTCSQ
random_9506,PNDTVQQYGSA
random_9507,DAFEPRVLD
random_9508,WINCYVNTRNV
random_9509,HNFKL
random_9510,PFAPRYVVEMYCTTFWNVT
random_9511,LWWNMLCWFMWLCRIAFCYYFYM
random_9512,CFCGPNHNKCLAVDVHNDFELK
random_9513,ISEQSNAFIHWGTPRKKIY
random_9514,KHLWPSVWAIPMCDTPRAPRQITMVCPR
random_9515,NPTVESMYMHKCRHLVTKMQFS
random_9516,HKHKHECSQKNTKAAMIDK
random_9517,KDVWRVWPRQALTRCGGCAMGRMAGEQQIV
random_9518,CMNSTNYRQTWNGWWNVPNCHVR
random_9519,RPENFMQPACQL
random_9520,WTDWFMRMSTMIPESKKIRMNGNLDWWQME
random_9521,HENNKLKQWIHWVMQQVTAFY
random_9522,CVKKVEVYRMNKMEET
random_9523,TSGPHMTASRDVKYTCC
random_9524,EMTITRRLHHQIPGQG
random_9525,DDFTGVIICYLYRM
random_9526,TPGIVRRQDACTKM
random_9527,CDCLYDPFATVCFKGN
random_9528,EELFGYDVWNPFI
random_9529,DCYVKLSQEWGPHG
random_9530,SCKGKKDFPATGV
random_9531,LENVIQIESEDHFN
random_9532,ICQPTIKNQTIDLP
random_9533,ADTHPANLEFKRA
random_9534,RSDWHIGDAEVAAM
random_9535,VVVKFNITDDKGS
random_9536,VWVAKKSWIHEDD
random_9537,EEDRQMRRWVFGMA
random_9538,GIIMISTRSGENI
random_9539,DPIRVFISPFTCN
random_9540,YWYCYVAHAMHVQ
random_9541,WHQCYLH
random_9542,QMLGSK
random_9543,VGVNF
random_9544,DKPHI
random_9545,YAHSD
random_9546,GRKDF
random_9547,NSIPAMTHWQIEMHTGFTLGYQLII
random_9548,IKLYSMNPFTAMVDGPCTCPHNWRW
random_9549,YYPTWDPDAPEPKTCGLIKVVPWAG
random_9550,VAKGAWYGCTDGRKSEQHYAEVMSP
random_9551,NIETCWQEGFETKWCVHG
random_9552,VGVEYVTTKRDKTEGEFGEFRVVYTCML
random_9553,GINKEVSAPYECMAADKKHC
random_9554,DPHHRNWSSIPGWDWMQMRK
random_9555,AQRAELAEVWGDENMKWYHF
random_9556,NRALRVLETPHDSCFTKQTC
random_9557,GAMPSLTCMSQHVCYMFTIY
random_9558,FYDWRFAADKVHMQFPPMIS
random_9559,GCQTLFVMPVFIKASDYMVC
random_9560,NGVFQTHDPIFTDQIVGMDA
random_9561,YGQDCPAKQASDYLNSIPRN
random_9562,QIHFMNWCMCTARLVGAMCL
random_9563,RSERHVEHGTIFGKHIHEINTALMRQQ
random_9564,VQSAKKEAAK
random_9565,SVLCNWHHY
random_9566,EYIQYGMFI
random_9567,GPVYGILCPNKRFQGKYIQTPWV
random_9568,WIIVCGGWRTHDQYLY
random_9569,EWIYWYNVIDWIVM
random_9570,MMHQQVPSEQQLM
random_9571,HYCLEREPETDLPGAP
random_9572,VVDQGTANWISNESTWEQDT
random_9573,NWTMDTHCDRMMNINKMFQ
random_9574,YQHVSQTKTTWSNWEPLEH
random_9575,QHTLFRPHYQCGGSHSWWWD
random_9576,VYIKCKPISLHTNQQSQW
random_9577,WMGQIIGIHPIMVLLAGW
random_9578,GVIREMRMCQDGGVDEFQNQC
random_9579,GSSAQTILGIHPMPIWRL
random_9580,PDPNSEIVCWEVGPSFWT
random_9581,LYCLNYNRLWGDKTKQVK
random_9582,AEHDFKSEMRYCFWKIWQ
random_9583,VIIVVLTDSFQFAHKDRI
random_9584,CAQIWTPNVVRKTFICKR
random_9585,ANATHSDAPGSLTREWAQ
random_9586,FSCENPHRGGYSTYQKQI
random_9587,TVKRVTRWVNRLIQFFTV
random_9588,DLCVIQNEPNKIRVNWVR
random_9589,KTSVGLWQDQRWYYRQCV
random_9590,VQMFMYHVAFLCENLEDE
random_9591,DPSANGVDTVDQSFLQVQ
random_9592,FVIKSNDYNRWDQWAQTL
random_9593,TSLDMSKQMCEVLHHMYN
random_9594,RAIVFFLQVVSIPRRHHN
random_9595,QALGRPFFGEKVENQTGP
random_9596,SSSGIIWNRKLKLRF
random_9597,REQDAVSSQFLKDQ
random_9598,NKMRCEHSSTHYF
random_9599,HWHQCSENIQLSR
random_9600,CAEHEIFHNIEL
random_9601,MHFQDLMAEPI
random_9602,HARTPRLESC
random_9603,VNLKRFKPSGHCVKL
random_9604,QFVLWTMDARAIMM
random_9605,QQIILRKGYEEIQ
random_9606,RTEYIMQIIESN
random_9607,FIRAFAQFLAG
random_9608,CCYCDRSKESWQF
random_9609,NYTGTPNWWWYMHRKM
random_9610,SIDWNMAEFIPFVWWFLNCVTGNETI
random_9611,YQEYYYHCSRAIWTDVGKICLHVQVWVK
random_9612,HECDTAEPFRVYDGNLVWGQFWMEYKAT
random_9613,CHYWYNEWVGEQDGLEYGGIAFIIEFPE
random_9614,DNIRMFTDCLVFDDADRMHIFGQLEKEW
random_9615,WTNDKHKMSQMGILTDIYMYDEHAGEFMGF
random_9616,TSCQCMPAQDTCDDHYCLLVGRASFHQIW
random_9617,ISMSAWGTGLVARIRQLYIYGMCCWCQWN
random_9618,WKLWMFKGEKLIANPISHPFTPIHDAEKA
random_9619,ETDDFDQPFNFFPGRDWMTCPECIHQFVC
random_9620,VHGNNHLTRTWCAWQHMASGRWSNYECNPH
random_9621,NSPTQNDCFGPVMVIRQGRTIHEDKDMAKQ
random_9622,DMDSPMTQRVGMAGTNEHCYIG
random_9623,RVTHMKHHWLVEEDIIMWGVH
random_9624,DWNDIFTCEDYSQEWHLCIHKAQVIPYMED
random_9625,VMTEFFEWPYRGTAVPLCYHISRCC
random_9626,ARSCQTYKWWHPCWVNLERDWFRKPVGL
random_9627,NISPHCVHNLYWHTRLNYDVPKMCWRREW
random_9628,PTSNCTVKHKTCHGWMGWPATKEC
random_9629,YPTNRYKYFSQD
random_9630,YRYPICPTATIISWYIYW
random_9631,TLKWLFVYLGVADQDHGQ
random_9632,DKTRTRVGKAGHPWCHHF
random_9633,ESGDHFTCEGTDLNQKQL
random_9634,WWQAMIIYFWRFISWFIA
random_9635,ELNSGECLIETMMHAEYP
random_9636,DFNIDKPPEACLTYYMDY
random_9637,GSGIHPKGYQRMHPWRHP
random_9638,NGDIPNFVCPLTDYRQKN
random_9639,MLHKHWCHMQAWVVVIVVTEDRG
random_9640,IDCMTKTMYNLYVVKATYIQW
random_9641,MQENHHQVQHRDMCCPHEW
random_9642,GMEKPAHAHEPRFRLIW
random_9643,SHQHFPGRTGHHEFDGHGCHPF
random_9644,DLCDDSYDAEHHGVWGVFGI
random_9645,LYVPIRRWYTRIQDRSQL
random_9646,WRRGSYFAIVNWEGKHST
random_9647,QDHVHCFFITNTCTRPHG
random_9648,IYHPREPYFDLPCYPAWV
random_9649,LIRSISTCFPAAWAYIKE
random_9650,KSWWRFAHWMDTTPPMVY
random_9651,ENWCTDDRLHWSRWRIVC
random_9652,KAVAQMCCIVANRAITWN
random_9653,VLWKWLHIHLQQTRGKLF
random_9654,WCNCIAHAQLAVAGINSQ
random_9655,PGFYCPKSFDWCWMQMMV
random_9656,VDCYFDHFPELETSKGYE
random_9657,FYPDYRYCWGTDTPEPID
random_9658,KGFHFWTTHDGCGNDRPQ
random_9659,VLHFVFYHHCHIHHTIAE
random_9660,HRCAHCFCTCAYLDLEQM
random_9661,YMQLYVENTGACFVSTVT
random_9662,SEWAESNGRFAPPDFEWV
random_9663,EMYKNMHGDISVTFAYRK
random_9664,HSVDNCRLMVYRFWQYLM
random_9665,FQRWRSWTCCRMKSNMHT
random_9666,VKPLGQLLPNLQQIV
random_9667,NWCEKQSYATGMECD
random_9668,RNWLMCARAHYDGHP
random_9669,TPGYRFHHWIAENPD
random_9670,IFSLRSCQYQMLSWLWCWPFFLHT
random_9671,ANTHIYCKYIKLL
random_9672,IPNNYLDQNVPEGPFVPGIVIL
random_9673,HCIAFIVKNITQILLWKLIEVKCDPTEKH
random_9674,DIESNMRGYQQKCNDGMEFNGMAPGINLTH
random_9675,NHENFIQWEKTDMQNHSAHLVHSEEKEI
random_9676,GNFSCRNLWGVDDGVFCVHCRDNPGIE
random_9677,AIDHKLCSAMGACHRKMWFAYTEMEA
random_9678,MVEGETMYFWLNGMWIMRYLLSQHL
random_9679,RNEVMNGCNDHQYMMRCISCRSES
random_9680,IMWQGDMMPRMYWPETIHYRKGM
random_9681,TNSIFRESVDHFSMNMPKEIR
random_9682,HAQRYYDLDIVSSMQHPAMW
random_9683,VFLLMFCPKDNSEKNGCKY
random_9684,FDDHPAAHCAVSREHTGS
random_9685,FTLYCSQSHKVFMIWEFAMIMSMHLHAFVM
random_9686,EDIYDRDVFHVQFYFSRRLQKFDIICDPH
random_9687,CRDPEFDNAQDARFTAPDVKNFIMIIAF
random_9688,MWFKTNMNNFTCDGQTTECNASQKAYV
random_9689,LKDVCGNVPMALAAPMLANRRIVMGE
random_9690,QHLVLEAHWHHYDDNQSSLDSVIVK
random_9691,QCIREIFLFCITAPTVMGLSVAW
random_9692,ISYLPLWVFGHGFCFMAWEADL
random_9693,ACREQYSRGPMRHPNGKTPLT
random_9694,CHLTYPIAVINCTFWPQQGL
random_9695,TWVAEDCRFSRDFYGNQLDWWWLSMIHYP
random_9696,FINRDVCMSL
random_9697,WEYVMVHFEV
random_9698,VETKFYNWGFDQLIPHHCGDRDHTMGLA
random_9699,AWPHIGLCSLVERSCHHSWRFKSYMLMD
random_9700,ESRHAMRWWCPFICSEVWD
random_9701,RDYHQFGDMFTNMWCVACF
random_9702,WIIMVLLCQTRTGRLNDQF
random_9703,EHTTSELWWKATIDDHEFMH
random_9704,NMCNCVPYMHVTN
random_9705,NIRIAILWLITYQGS
random_9706,SRYFLTYNFGTGH
random_9707,RSIHQDGSQ
random_9708,NDVLNIYMRMWS
random_9709,QEDVDKWISI
random_9710,NFGQYVVLDP
random_9711,HIDIAWKHPIYRPDGKG
random_9712,YYTICGDATYRYD
random_9713,SAVTNDSWYCHFIAE
random_9714,VHIKETICAKATWHTLV
random_9715,WHDPGWGFCWMKLMKGTGLKAREQEKFL
random_9716,TTNRDQPIHVQPPVPCEKTCQGQK
random_9717,LRCPNPRYGHNHICCYQLSYSEFTDTHYR
random_9718,DINTTQRKRRICCHTQKTPPGD
random_9719,FWVICCSTNDVHKIVVDRFADLNVPRVLD
random_9720,WILNMHKCVGL
random_9721,GGNLKAHKGW
random_9722,NLSRAEYMI
random_9723,EGSACQST
random_9724,GSRKKGY
random_9725,VQENIH
random_9726,WRKSN
random_9727,DFQVSTHMEQE
random_9728,FVMPKQEYEM
random_9729,MKLETGTF
random_9730,CNLIEDE
random_9731,DFPRPKWPIYVDV
random_9732,NAIIMKMFSWIMM
random_9733,RVSRWNFPIGENI
random_9734,YCAVNHCQPDRGS
random_9735,FKKMVNIDAMSHK
random_9736,NAGQEQMAYAKCR
random_9737,QEQMQGHELICRE
random_9738,RPYLGEAQMNVLG
random_9739,KEFFTDRADWYFCDPGSKRAPTSGDRFLR
random_9740,MGVTRVVIVQFGYRMPRRNSG
random_9741,YRFCEKPLLLYMRV
random_9742,PLHANGDNRVTLYCLISVKRVS
random_9743,HTWPWEQ
random_9744,LTTGQYIRPLNDDNA
random_9745,LVCWKHSQVPLNCGLKKQVYHDLSFLNV
random_9746,RPPGGQFITWAFSD
random_9747,YCDDWKDHRHAMCHLHGQVS
random_9748,IPQQFCMIAQWPWYHLGTEAGFR
random_9749,VMHKVCCCHVTIEYTYDREVGHR
random_9750,TDWVMWNKYRQECGITFHQSAVIFMGYQ
random_9751,NIKELMEVAPCPINQFEGFKYVNEHCRK
random_9752,QIQTKKQYDARSLFHPSQLSTRWMTVA
random_9753,TIMTHCIPALD
random_9754,QMTWPRVTCPVALEPKQSHEGHGL
random_9755,KVTPLRPENFRSKPIGFHIGFMQVSSQWD
random_9756,ELVIAGGHVHGCDLVMPEVHNHKCGMKTI
random_9757,HARYIQITSALWIADDSHEGMDRQI
random_9758,WNHDPTVNYCLYHNWLHMKKKTCY
random_9759,NTREESHVEDLIFWLWSMDVQ
random_9760,YLFQMGIHYLMKFHMDCPCTND
random_9761,MTREYWEYNLWKSADWN
random_9762,FAMEVQMVMGTEKTPEEYPSGYYNSNMK
random_9763,VHLPDRNHTCEYK
random_9764,ECKALAFEEEIDLFDLFFCFNPQALEI
random_9765,YTRHEYRKACKHWVVWRNDDNGNETRT
random_9766,SIKRGSPIKQRYWAILIQGWDSCPADP
random_9767,VKIGQWQHLQLD
random_9768,ICRDHLFDYVYF
random_9769,MSYPDDMMLYTS
random_9770,MNCGVVDNCDGIPCRDLHVQ
random_9771,WQCQFFECFNLPTGYRVMHG
random_9772,LNDDIDNKLQALIGAYLNPD
random_9773,MVMQWVRCNVCWNLTLWQIH
random_9774,FMKFGAMKRVQCQSCFLHCM
random_9775,KDDCLHQWYSWLWAIHLHHG
random_9776,RIVPTCMEVIYPHHHRDSTT
random_9777,RWQCIYNNTMQIQEQLLSCI
random_9778,TGADWIDSLMYNGHAPEDNS
random_9779,FMLYISASTLPRCATLMYCH
random_9780,RVWTTIENLYHLHFFLQWLDAIHTFELLDT
random_9781,VARFPKSGPMHDTRGKHKFCHSPREWYQ
random_9782,RIVRGVALRLKQHTNQCYPVWLYVKNI
random_9783,GFCDPSEGTLNQADRHWATGTDAIETQ
random_9784,VALFFNTSFIVIPLTIDRDM
random_9785,VFTREIQEHPAHGALFMGRWYVFYCFRG
random_9786,MTNHMLKYTEESFMWGKQYACIGRKILN
random_9787,EPYCRTKYRMIMWQNVSVCIVIPSRN
random_9788,KCGEIGLHLGTYCPRSCYSPFVSCEFI
random_9789,GNIELESRNWRMQIIYYMPLCQVTRT
random_9790,DPMCASYPPDHYKQYRKCHWATTHG
random_9791,KWSLLLQQRGPSVPEWSILCSPSHWLV
random_9792,YHYTCSHPFYGMSEHQVP
random_9793,RHHRKTFHWVYWLWSMVS
random_9794,WIKESNHYPRHTKCWQVM
random_9795,GYLWAGKSLVHCANAFPF
random_9796,SDECEFSMWERFEKYPTK
random_9797,EAHRMVWKNWAMSCCNFF
random_9798,ENGEQYDTGAPPPWNPCI
random_9799,TASMILQKMIMQRKWYPP
random_9800,FIHTQPEIGFNSYQAIPG
random_9801,HPTTSLFSRLRAPW
random_9802,SPLLYKGHINGIIPVK
random_9803,EWIIKLPIDHMTNDHTPKKC
random_9804,SPTIMKYGCGNGFPPFTFFFPN
random_9805,GMKVFHRRKHNIKCNCIMKDFFYG
random_9806,VCWHVCIEMMCISHDECT
random_9807,KCKAARQGYYDNYGYKCPEHQSMRCLFF
random_9808,VLWNCLDNFTFNEGLWYH
random_9809,TQAGTDPYNYFIVLDTPM
random_9810,RYQWVDDQNCHPMNIPNP
random_9811,ENEQCSRHYPYYKHTDMSNDPQ
random_9812,AYKSSINNRREGRVLCAQ
random_9813,DRTFLTIPSKELPDSRNY
random_9814,ELAMGTNHICWQHQTMLC
random_9815,HRMVDAYPIREFYMNEQEFRYHEIAKKW
random_9816,ISHFMDCMHPVYRWTFTNKQHF
random_9817,FGEYSEYHMRSADGPEYFVGSKPITWQK
random_9818,NTHMCGNVENAEWGQMPPYNCHVYMWTE
random_9819,VWGFDQGQGFIIVGCHGWPSFCNCSLPQ
random_9820,FVDMITTIEMLSNIVELEAISHFKPD
random_9821,RLDNHLYECRLKRMPQETTDAKKE
random_9822,SYYLPLWVRCFMPCYPRGMVPQD
random_9823,AMYYGGLCNIQNELDCGDYDNS
random_9824,EEHAEHHGVKCTIGGGFGNS
random_9825,TMCCEYRIPTPYDHASIRKKQAMAVYA
random_9826,MDDSAYAFGPPLAPAPVHKKWNICF
random_9827,NAQTVTSQIRMGATICKCQYWLQ
random_9828,LIGFVIQVVIENHLGYGFWVVK
random_9829,HQFWRTNVRYMNQGSMAAWEV
random_9830,RADGNHDMWIDDPVFEHGL
random_9831,NQNRNDNRGENWRFHQDTYT
random_9832,GTEPWCGCRTAVFECQWCV
random_9833,SHDCRIHCVGEMQEQRWV
random_9834,DNFLVLGQHSIFHAW
random_9835,EKNYY
random_9836,FQQKN
random_9837,PGQYVTWIQ
random_9838,YQNWEM
random_9839,HARIQMHA
random_9840,HIHPGYAR
random_9841,HMRNNQEKT
random_9842,LENMFNLNWLS
random_9843,DTPTAFCKPNW
random_9844,QSIAQSKKFWK
random_9845,LNMYSYNSVSK
random_9846,PDWEQFPHRTN
random_9847,DLRPMYCGFFG
random_9848,FRKLYNEWRLI
random_9849,IIFIPHWICHKVIATDEADTEEL
random_9850,AFDKPEAYWYMDAYTWIGMYKEIRYQQSPQ
random_9851,QYTGPPDAEANIFQTPAWMHYDDGPDTPI
random_9852,KGWRNHNGRPCIMRKLNCDVNTTEMCYYY
random_9853,KYQHIHEEMWAPNPKVWCVAMPMPSSGTM
random_9854,QYEKHFKPSGDGYNRNTYTCLERWKFINL
random_9855,DHMVQCVWCFDFMQIGNDGYEMPGMSSVV
random_9856,KSTWISYQIRRPGAGIYFPLRNKMRKKAP
random_9857,IFNPCPHLEMVCRDTPDQYQIKTQDSAKQ
random_9858,MDWGNHADRGEWRNKTESMDKHEDTAMVA
random_9859,DWCQEWMWTVVQLSLPVSTKKNDHPWDVP
random_9860,SFDNEHVQAQLKTYR
random_9861,DLYGVKNYQTFHDDC
random_9862,TCFDVVFKCDWMI
random_9863,GGDNMQDVTTKFCYKKF
random_9864,IMIVRAYRTCSQTVGF
random_9865,MQEQAYRDQMLWQLM
random_9866,MRLFCYMHFGMDVH
random_9867,GQWTSLELILFAY
random_9868,GDMMGHDCIE
random_9869,GHAFDSV
random_9870,WALCFSIHTEVVDAELE
random_9871,ADDYWKYNKCCRHF
random_9872,NMEWMAMDDLC
random_9873,TKRKYKPAPN
random_9874,VVRDKQL
random_9875,VHVMDSICPYFYLV
random_9876,EVDAVGVHGQYM
random_9877,RAFGMHHLPDW
random_9878,LHCQSMMPMMFH
random_9879,SGNGIREGKWPE
random_9880,SRMFPAGFMIQM
random_9881,HAIDEGPIVRGH
random_9882,AMRNPCLSFLFN
random_9883,FWYHNNRSVPYPCLTGADKLAIGPG
random_9884,SPILWLRGEVNWEMRLRGCGTFGMQV
random_9885,CVPVNYLGFNSPCIISEAQWCIGAM
random_9886,WGYFANKLSPYVGSNKYLPWIMINAF
random_9887,HPAMKYLCDSFKKTTFMVPCFQECR
random_9888,RCRVRHCLCTNFDMVIAIQYWTFH
random_9889,TFFHEYKC
random_9890,CIRGHRIHKPLNYNA
random_9891,LRYIVEMCVQWTWNQVMNV
random_9892,HFESTFME
random_9893,NANSDVPIAAGKLAENIHWAEIG
random_9894,WHGQYAIYSNGYKVNNRRANIM
random_9895,PLGEDCHQIFWVMEDGPQIGHC
random_9896,SPSLMMKQPIHAGNRWGWYDEM
random_9897,KKACRQLQISPFNSIHCVNTEM
random_9898,EPVIVYDWCSESLPNVMVMYDN
random_9899,QTGAEVHDKDLEIREEKLCLSEI
random_9900,KIIYKEIMFSTFMEEHDRHRDLL
random_9901,DNFWWQQAQTRKDSVFAGT
random_9902,RDQFFSCILQFSVKQMGVFKICH
random_9903,PHVFVEVADEIMLTEA
random_9904,SPWLQCLSPGGAKEH
random_9905,SIEIYQTGTCSDWLK
random_9906,CHVFFPECEHNDGLG
random_9907,RIWAGTWVMFIHIISPKIM
random_9908,TEDMLWLIWHKCMKM
random_9909,CKIVLLYLGGTKGF
random_9910,CKKEYQWNVYMAVQW
random_9911,MEAMHRNGVKHR
random_9912,PWFSWEYKQ
random_9913,TWAHLNYYGF
random_9914,FIFPTKPAHCNAP
random_9915,NIFGYMWRRCED
random_9916,FSRWPMEEWKFKCRTSH
random_9917,PCLDESVHFFDNN
random_9918,MHTQTLYNTRTTE
random_9919,QYVLCPGLQR
random_9920,HHHHFQDDKT
random_9921,INYVKIQIYW
random_9922,GFDLCKELS
random_9923,WAKQVSHIVTHPYWR
random_9924,CPLCGPHKIMCCF
random_9925,VEPIQRTQHGNQY
random_9926,GNTWVWAYYWFLQQKADKLPTM
random_9927,YNKQPYWPVSVNTEDAKHATDRD
random_9928,NKANIMHQVRQSS
random_9929,GEAPFWWPQFQQV
random_9930,YLSLSKESDIDTEP
random_9931,QDVFFRTHEPIIIIT
random_9932,TTRLSNESLEVN
random_9933,GPFNKSVGTWKTKCPSHTHDTTP
random_9934,FFDQISEDIRNYK
random_9935,QIWLMAWIRGMSEDLIHMNR
random_9936,HNRAIQKKNTLSNGSHLVWI
random_9937,VELAYWNFPFGWCFAFMDEY
random_9938,STKPDITCRFLTKTAPWRWF
random_9939,KWKEPEGYFDDVTAGCCLPG
random_9940,IMGDFAPIFAYQKQCFWHFA
random_9941,ENEYILVRHITVN
random_9942,MDSFWFEFSPYFD
random_9943,NDDWAKFAWGCKG
random_9944,FSQRLSVAFWEHV
random_9945,IFKTATSEVNMSIVKVRYWYHIR
random_9946,TDQHFEPSKWLQQ
random_9947,IIMKLNNEVTGFP
random_9948,QEWISSDKHVKE
random_9949,QYWFERYVGMMKNWCTFYDCPKQ
random_9950,QECPHFRYKFHK
random_9951,HHYWIGWKYIRCFSDIEMT
random_9952,EYFNGRWQEHSAHMKI
random_9953,QYYDCNVDHKGI
random_9954,CWTDFIKAQMDYG
random_9955,EPRFFMHPEWQGY
random_9956,QQRRFAWWCFCKKQGCTQTC
random_9957,HIPRTACQICTLN
random_9958,NSKVCGNRFPDFWHPQPDKQD
random_9959,PWFLFHDNGGNRECG
random_9960,IADIMSFYSFVGPHYGQ
random_9961,KPWNNFQKCS
random_9962,MTPAPIFATAEQCWLV
random_9963,SKIRKSRFTKQYKFDLRSD
random_9964,FVWPKFNNSHAWMHDR
random_9965,NGGHKCVHKMCEDRPHT
random_9966,SSLYNSWVKAPPIIPE
random_9967,DDYTSTVHTVKMLWFKKL
random_9968,EHSDQGWLWDQPIE
random_9969,TKWNCNLKDCSCY
random_9970,INMYGPKFKGLIF
random_9971,TNDYLKHPQWHCI
random_9972,EMVDGNNVEHEICK
random_9973,NMIQAWDYIRRCCA
random_9974,CGHPTSRKNVKPPV
random_9975,SAYWDHIQCYTCG
random_9976,GDTCLFSPMQ
random_9977,MSLFYCTMVLEPK
random_9978,PTAVRANRFVYPV
random_9979,FPHLMMKAEVQRTVEGMVAARF
random_9980,QTKPGDYWEWVS
random_9981,QVYQKRFPAQMK
random_9982,VNTICFPYEFKAV
random_9983,HSKREGGDKESAA
random_9984,KRIFWTEHQCAHF
random_9985,EIKIPSRSPTSIC
random_9986,LTHVPVAGWKDII
random_9987,RANAGFFASVPNY
random_9988,CKNFVENISKQDEIHVG
random_9989,KVNDTGIICGETNRYEH
random_9990,AFYICRGRCSHSSSKEP
random_9991,NNACWF
random_9992,QLRQVCDWAA
random_9993,MPCVCTYSCVEGGG
random_9994,HRWHEIFVCWSLNRIPCM
random_9995,WRFAHETCNTTSLNMYVW
random_9996,GSRRVRYFPNEGTWPQDM
random_9997,LPTCYDRCRMHHTQVEWK
random_9998,KIALFGNVQPRKCRWSVFPAKLETMFRA
random_9999,NPAFSEWGLFKW
random_10000,MLKMANYWESSVFYECWPMSMDFDCIRGM
random_10001,EYARMFNPMPHDKSGKKS
random_10002,RKICHAHKSYTWPMNEIV
random_10003,VPFWTNLH
random_10004,EWMICVCK
random_10005,GRCHWFQE
random_10006,CVTSNFFH
random_10007,LECEPDPI
random_10008,VTKWFHQE
random_10009,YPNKPQNF
random_10010,CYKLSMYT
random_10011,CIPWRPVC
random_10012,VVLKHFDA
random_10013,SCEMYMRRF
random_10014,HKQDNLMMCK
random_10015,DCIILRCFETLECLETRMFDW
random_10016,QLLMPAFYTDSIHIETWTFEK
random_10017,TFPYYCNNSQSDLTFLRPLKW
random_10018,WDQDFQPKTRRWTWLAWH
random_10019,RTWGHGKLQPMMMGCTEL
random_10020,HESGHKEYVEPSQVWAKCTA
random_10021,GNFWMRWHVCI
random_10022,ESTKPTWFIHR
random_10023,HLHDNGLRNQQ
random_10024,MNEVQHRWRDN
random_10025,FQPGLPLAKHG
random_10026,MNATPLRYKTS
random_10027,HTTSMAKILVRW
random_10028,CYISDGPYRKIWY
random_10029,PSQCMWCHIPSYPN
random_10030,LPSTIQYETGAI
random_10031,GIYEGNLCPERH
random_10032,MRSKEFWEPHLQ
random_10033,MYYPD
random_10034,NENCSE
random_10035,QKKWMILKVDGEQC
random_10036,VFRWGYEGMEEANL
random_10037,VMYGPQHDILRILE
random_10038,REEGHCPGHDECTVTFDNGFCIHNSST
random_10039,VSPFHNTSRTFRVIWCKNRSN
random_10040,HNTCVIFNCTEHCIQAGVLVHGKRT
random_10041,LYTHFKYSPAPPGKNDCCEKENQKHCPNK
random_10042,FMLVQRMQLMAGMNFQ
random_10043,NNCTPKFLNVIM
random_10044,VRDDDVVPGTTCF
random_10045,EYMRPQLIERMGME
random_10046,RAIVTWRKLEPLQSN
random_10047,QVSSTKRNQDQKDMKF
random_10048,RGTGPPEIIHKITQNRHI
random_10049,YFTNLRNHIVRQQNSTAR
random_10050,FVYMYGKFDFKMFNLASQ
random_10051,ILPDFTLDSKHPVYLFRDEEWDPS
random_10052,HFRWGYIHMKWWASCTAK
random_10053,FAINEHYGAAGWF
random_10054,NQTGNWTDWFYCRW
random_10055,ASSIACCCNMVDTNC
random_10056,TLRNNLLAFQWHYVD
random_10057,TFVIKFRKADHDFCQI
random_10058,CDITEHWPAHLDKTD
random_10059,NQDYKIWLFPKPANE
random_10060,YKEWKAIRSWWPSCGSPI
random_10061,HACFRTVRTRRKC
random_10062,NVPLLAWDMCCEI
random_10063,HSTIHGMIYFGNN
random_10064,THYGQWQPDLVIR
random_10065,ERMWSRFRHTVRY
random_10066,KYMVCFAKEVMEP
random_10067,EIPYMDACKMQWD
random_10068,YGPSRTADKNITA
random_10069,IFKRGGQGMLAST
random_10070,KCVGDQYNKGLGP
random_10071,VGDHISLCQGRME
random_10072,CVTMRQVNSHVME
random_10073,HWEPWCIDWITWL
random_10074,SWWMIGIALKNPL
random_10075,KVDKQCETGWKVV
random_10076,PLCMWMWVAHIGGK
random_10077,MYPIDPVVVLMPMF
random_10078,YCWDEHYQHPWCQYPDL
random_10079,VFVMTQHNKHFMS
random_10080,NIRHISPWVMNVCC
random_10081,ANHLRITACLGHFYQISWF
random_10082,HSNGIAWILIIFEKPWVFMKKGIWFGK
random_10083,MPDCLWVCCMDIHQATQVFRVTYGE
random_10084,PPAGWATPNLTITRLGMFWDYS
random_10085,IGAMGWYDVKAFS
random_10086,YVVFSRFEWDNQR
random_10087,NKKHYIMLKACYT
random_10088,THTGYTKAITLFA
random_10089,MKMASLQNWSLIT
random_10090,RVGMELSFKQVFW
random_10091,FCWWGYHMHMRTF
random_10092,MLSWDKRPYVKDT
random_10093,ENPSFQHLAYHRL
random_10094,LPIGKLCWHWLGC
random_10095,SWFGAMGHFIPQH
random_10096,INRYDIAMKKVVD
random_10097,CMCPWTWREESFR
random_10098,NYECLPTELHDWM
random_10099,DIWKSLKPELMIH
random_10100,GHFYVNFSCNRGV
random_10101,TTLDDQNAIGVGQ
random_10102,MTTIQKSTVCWSA
random_10103,DMSSYKESDPFSW
random_10104,NFIQEDDFWRWTT
random_10105,WTVKHVAANDHHT
random_10106,NNRHQPIRYAKAV
random_10107,WWESGMFIDNVDSFTKIIER
random_10108,DPSNGTVKKKK
random_10109,AGKHKFQIAH
random_10110,ELAWADAFW
random_10111,KKKINHKVDPA
random_10112,DANSGANG
random_10113,WTPYCVDVK
random_10114,HTHEEPLRYI
random_10115,IVPTNSFAN
random_10116,MTMMIHSYIREKECT
random_10117,SSIPPYSYKETAWRE
random_10118,LDMGPHKWFYIMRRW
random_10119,HSWPYTFHGYKCFDHFSLHWYGFQHI
random_10120,PATCYTSSVYYMGHTCYYMTVTMGTG
random_10121,TDWNINTKVIPWALTSRTRLWIL
random_10122,TLYLDELPMCEIGFVIILTHQGQGRM
random_10123,TIWKCLQFCIPEFPFFSYMYTGK
random_10124,AQIRWQ
random_10125,HKEWRGAVLKDKCIVWTPCFD
random_10126,CWKLTYTSCTMFYSFVVEWVG
random_10127,VTEGGFYYELVSHDEMDWSFQ
random_10128,KNQVSFVAKLGNLEEGVFCYEYV
random_10129,EFQIQNPHILELSERVTRVWS
random_10130,VPRVANGNDGTRGTLETTDHQ
random_10131,DTQHESKSIYDQTTMMAFTGMLHICE
random_10132,ASDFEVIYAHQYATQSLVG
random_10133,ARENDSTDMY
random_10134,WVILPWLHKPSQYVYTHA
random_10135,EWGMKQLDNQGCSWRCAGTFKT
random_10136,NWQMEAERPYWHSHRCNV
random_10137,ELHPVMLDMHNIFMNATNK
random_10138,GNEHVLDKMDHNMEW
random_10139,FEPDSLRKTRVQRMDS
random_10140,ACIRPFFVEMWDIE
random_10141,KIENIVPSQAWFGF
random_10142,TTQYHMMYSPNNCT
random_10143,ALPADLWLCWVIIG
random_10144,HSCNTAADAVLDMAFAIRMKDGNKISH
random_10145,DEKGYNFNRFGQLQLHNARPMMPCMHS
random_10146,PNDCYDCLFIEGMWTLKGVHINGT
random_10147,QFCKFNVPNMQFLDREEWPNVIWR
random_10148,IDQSGGFMTQ
random_10149,QKLDIFWSQYNY
random_10150,KIDTFVWTRPMQPNNRDW
random_10151,YWIADFYMSFRFTYEHFNQYVWTQ
random_10152,GNNPHCSLLYRTQKQGCPYPSWYDLGRHGQ
random_10153,PCQWSFTDKGGL
random_10154,PWDNMSKTDWWFFYCTNL
random_10155,YLSGSHEADDNAHSGEKYDSQIRA
random_10156,ANHRVIMMLMKPHEAFITANMHVHQENRAH
random_10157,FGLGHNFVGIECTA
random_10158,QGVSQRCNVKYYMWRMMREN
random_10159,SGISMGEKLVYEDGVWQWAWLNAYLI
random_10160,NDMNAHPTHPYVIMQI
random_10161,YMPRGRMFWGIEFRSPPMLWLL
random_10162,HVKPQLPQPYWITNGAVLVDNYQNWLYN
random_10163,LFAGEMRVPTVKIT
random_10164,TYEGSSDRALSSIVHTRCGSC
random_10165,LRPWCTSNLCGSRQQWTTHKVMEVTQRF
random_10166,VPYMIGPKAQVTFR
random_10167,KNDRCTWHRLPWEHDQPPFTK
random_10168,CVWQCGCDVCINHPFEASNNANMHGMQA
random_10169,THCMGKKDQPWWL
random_10170,MLRMLDDFRRNSGAGM
random_10171,QGWRPVNGFQNYPETCDIICW
random_10172,YRRMCWNIDSQIALI
random_10173,EVPAGPAEIHPFWFH
random_10174,FPFWVMNIWQHPVHH
random_10175,VKMDWIRACMRVFERTQ
random_10176,FYWNHNECTWLR
random_10177,GGINYEGYDSKYNPD
random_10178,GADQLSFKRKRGC
random_10179,SEPYPMKHIAEFAWVLKKLQPPC
random_10180,WPCEQSGTEREQRQRNTSWAMDD
random_10181,HQWEIGYEEQYDDGVLDSWEYPY
random_10182,LKMVIVISVACWGPQTFWIIEPW
random_10183,YCKLHGPQRNALHACNTTPWKHS
random_10184,FDCCSIGVWFRESYMLTQNQCGN
random_10185,ASCMESHNDWCCTQFYCRMGDKTV
random_10186,AQNVACSCDGNAMNDYM
random_10187,FMYIYERETQI
random_10188,ACDKFMHETFK
random_10189,VSRAYMTSMKV
random_10190,WLGVWSSADYM
random_10191,WQPCKPWRSTNL
random_10192,KAPTMRRWVNLNNCEKCNFKATP
random_10193,IPHLNTVEPDICNSECKDMFTRF
random_10194,ACQYMLGLQINTHLSILCLVQRQ
random_10195,YSQHKDESPNHVHAVYVCCVQNG
random_10196,AMYWRDFMFDDKKQFEEYSKDWF
random_10197,ACKDPEWKRYLPAYYQVEKCMAC
random_10198,NEWAGCGQQFDQGPMWVCNCRCN
random_10199,PWKTHWERTCKWQVDKHFLLREK
random_10200,QYKFCGPQYMVYAHAKTIIFYLC
random_10201,ETTNDKKLAFSMFTMYCTFLMNS
random_10202,QTMLQWTRRIQRKNTACTMCKYN
random_10203,YREEILHQCWEGRILWQFPLVAE
random_10204,KTALVAPSIQLCIPPNLMQDYTT
random_10205,YAAGDILWKMYMPMGHWHTVVQE
random_10206,IHNVQKDTFKESKNDGWGNKREK
random_10207,NTLPIHADSWRHSRTVGTWSGGV
random_10208,VGASHRGCRMDYGMMGVHYRRTA
random_10209,QISVNAMPYP
random_10210,QFMRWDECFQLYSNT
random_10211,SDSWTPHNFSD
random_10212,RTLSRLYFSECTT
random_10213,EWREQCEHLVERRHNEEFPGSFN
random_10214,YLSEEHEFTPQVCHRAVFISMITRAYET
random_10215,PEAINVSVWAVVIGDSI
random_10216,VDFGEGSAACLDFGLFSMCEYMSV
random_10217,IMNSKWAFWSVHQWFRGKKQFFMKTIQMVG
random_10218,QCGVDECKYEFRC
random_10219,IKIDVNHLMQYGI
random_10220,KPRIGHEIVDSMLTKEYWPDNLE
random_10221,NCWPTRLVHDIQINPNQ
random_10222,DPEYRRHMKKVANWCRCA
random_10223,WENNASVRVEQFRVVH
random_10224,DLMHWWAHVYDYMPICNGTCLKEY
random_10225,VWEVAIKHQFVPEG
random_10226,DDQMKIETQTNPKETA
random_10227,VDGEMRRHWASRCPGNS
random_10228,GKKDRFFEPPSVMTFPCI
random_10229,GWFSQVKLPVPWKHV
random_10230,TCDANIQYFIPECIVW
random_10231,VMFDDIFWTIKPNPLLS
random_10232,WKLLRSIMNNMRPSPYGV
random_10233,WNKVQHCPQVNWDC
random_10234,PPGSVNWNSHTHLM
random_10235,QWDCMVIQSVYCNPS
random_10236,VPHITTHFNCLNMVL
random_10237,TTPHAPNHMFNTNCYGVQ
random_10238,KPKEMAPIWIGIWNVK
random_10239,SEQTSCCRPRGQNFEKIVHDQT
random_10240,SDTILEFKFYTWEQFKQSD
random_10241,CILYELMDKWDNWLCDVE
random_10242,MKWLRGHRGPHS
random_10243,EYVMWSLAQVNWTHFPHIQMVTDL
random_10244,SHRRCSGRSWFLNNCNCSILMELM
random_10245,ADPVLENDRLGFPSWPHVNLEWQC
random_10246,DNRRHCYMYNHKNPTF
random_10247,CGFSMARWYV
random_10248,TKHVMDTP
random_10249,AISAKPEAM
random_10250,HHQYEDWMFTN
random_10251,MWSKSCLAATDG
random_10252,HERAQTKRG
random_10253,WCGWTRMFSNMWKETKWWHMRPSTAKHENE
random_10254,LYMFWDEYLK
random_10255,YDIYLLMIRC
random_10256,RYKQKNYAQQ
random_10257,GDARLPILNP
random_10258,KINVPMYERN
random_10259,GGIWLWSPYI
random_10260,NNLFVIFAIY
random_10261,TNRQDEPLAW
random_10262,PPMYHSPGSL
random_10263,TPELMSDPEWTQTMMQKN
random_10264,NCMDTGNDWRQDSVLVIRFNRWWQLKC
random_10265,STHTPNGWLERAMGFF
random_10266,TVKCYHMFNTQGCEMTRGC
random_10267,MTPCQKLC
random_10268,IRVTPETI
random_10269,YTFVGTTVIPVQATGI
random_10270,EVMRIIVVATDKVKLC
random_10271,EEMRTSFAIPFDSCAW
random_10272,HIPFEQMGVICFFRVI
random_10273,IDTEEPWMWTMFCR
random_10274,AIYHMIEAGTNA
random_10275,CPWGWGYQYYGC
random_10276,HKMETCDVTM
random_10277,HPWVEGPRCLCRYYGP
random_10278,DDGYCLWELMMPKVMKHFHC
random_10279,KNVQPNWWIWFNSMQNWGNA
random_10280,DQQDWNHEMLTHSFCNFTPH
random_10281,AMIADLFAAWKCPIHDWKVW
random_10282,CMQMDTVFPVNQRYYCAYSM
random_10283,WYAATALKCNYADPKAWKPN
random_10284,AKVFMYRKLMACVRGIKQSI
random_10285,MKKEEVFHAVSIGQSIIIYE
random_10286,KNAVGRYRGITNEEPFYFSA
random_10287,ILSEFSMLGHEYTSTKLNDK
random_10288,KVEHYNTWVRNITFLWISTW
random_10289,HIPLHRKGDTLKQQCMPFIM
random_10290,WAQDYVYGKLGGTHVRVNEW
random_10291,DILWYGPPDSCWAKVGDRPM
random_10292,KYKKQYEDNIGPHACFGVFC
random_10293,TSGWTRDICGVFRMHRPLLA
random_10294,ANPYLSQWMICMNHRFFFYP
random_10295,MKKTIEKPQYRWIEDVRRSW
random_10296,QWLGHFGSEVIGNVSNESAA
random_10297,FALQWYCIEEKERANAWDVP
random_10298,ISKFRARTTVLEFIPEIIFA
random_10299,ETYCIIMENMGNHSSLFHHC
random_10300,PAFWHYDLELALMTDNEERC
random_10301,FQDIRNRQCNGNKEDVVGQC
random_10302,AENKITRHPGYCPHYESMCC
random_10303,QAKRTNNMRNSRSDDICAIQ
random_10304,ENYPHMVKRKFTHQYMLLAP
random_10305,AVWIRKQIGELTNEYLELEW
random_10306,ISKDFTNLECSNGHHAIVSA
random_10307,EDYRLHAAVDCSMLWFPNKY
random_10308,FEYPHQDNCWPTLVHGTGQS
random_10309,VGENQQTPWTSMWVEISYQC
random_10310,KVGSSFRTPHFDWNTLPYTMSLIR
random_10311,PSGMAIWPHLTLFSFPNKEMSR
random_10312,FWYFPNACEMCQGHHFRRP
random_10313,LYQVASFSFVKFTMDREHHDKV
random_10314,TDQMSSQFPGNFFDRERVRRTIFI
random_10315,DGYPPNISRSVMSIV
random_10316,HQHNSNIRYQYARQESHVMFPIAPPN
random_10317,CISFAYDEEIRRYQFDRGIRCHMNQD
random_10318,HPICCHEMRGDY
random_10319,DHKPWDLYAEAN
random_10320,LFVIHSRAHILHNYSIQNDAHFYWN
random_10321,GIRTVVIYQCEESCV
random_10322,GSDCFDSHQKGQT
random_10323,TRLHCTTMWEFCC
random_10324,DTNGYMSGIRTKI
random_10325,PLDGACVTYSNLDMNDWNTSWRNIRER
random_10326,SGRCWSRIEKTIRQHFLNMFKDADCYFPCN
random_10327,LIDPMKQRQWRASRCEIWCNRPGLMKGF
random_10328,GGTMEDPPQDDMQMQDWFFYCFNLC
random_10329,KFCTRTTTGINWITN
random_10330,IGAESCFFLPDPGHPLKMN
random_10331,VCNHLPFIKNVVHY
random_10332,VPTAMQVGHFHPNNTWL
random_10333,GRHFRQVTRDYAG
random_10334,DIQEAMWQENEWN
random_10335,GEESLPLELE
random_10336,IYMAKERPT
random_10337,LVFVRPRIR
random_10338,HIAMNMINL
random_10339,MDWCCEDPI
random_10340,KGNWQDGL
random_10341,PSHTVHTHDAM
random_10342,TCCFGLSQHGQ
random_10343,QDMMPADAQLGM
random_10344,IRAQIPEFYTWW
random_10345,LIDPPLFWGHYYG
random_10346,QNVRFKTMPEEVT
random_10347,EFISRFYWPWCVN
random_10348,KEDVIVQHPCFIQ
random_10349,DQGKHKAGWFQ
random_10350,AIIMQLQKEAW
random_10351,VYENIGGWIAKF
random_10352,LDMNNHHRRAY
random_10353,WWADILGLKAR
random_10354,DFRYINYECMFN
random_10355,NNDRLQTNKHP
random_10356,FPWRRDYRGRDYT
random_10357,VFDVTRRGIKA
random_10358,SRHNKCIFIGKS
random_10359,PQGTDMMVYFKY
random_10360,KIPKKCCITIRT
random_10361,QRAMGLTMLG
random_10362,KRNHYIAWTY
random_10363,MTDEEVFSLF
random_10364,RGRTEVQISG
random_10365,GTGLNLTHEW
random_10366,PRMNCPEIFH
random_10367,MTQKYQFYTY
random_10368,VQKTVSREIA
random_10369,SASGSWLAIT
random_10370,CFTYENIMGL
random_10371,MKYFDMFWTS
random_10372,DFHRSCVICN
random_10373,YWLRTFLVIMI
random_10374,YWDIAVKMKYM
random_10375,MKHYCCCNAFD
random_10376,KTCWVWQEPCC
random_10377,CPPLYLWWYW
random_10378,ACPKYQMACR
random_10379,HATGYCDKPR
random_10380,ECIMCLFCTK
random_10381,PESGDTMWGY
random_10382,FLAPFCHVAN
random_10383,RYGSWVFMMM
random_10384,ANYTEKMVEA
random_10385,LPSSEERRGY
random_10386,LFKASIPGHF
random_10387,DNYGLESNPI
random_10388,RLAERQMMNW
random_10389,RSNIDQIVCI
random_10390,VEEWLWRYVIM
random_10391,DNLGGYNDYY
random_10392,YQYRDCKCFT
random_10393,TFFPPAMNPG
random_10394,GCEEWHWHRN
random_10395,FQHYVDNATL
random_10396,GEQFYASLT
random_10397,ISPFQDLTHR
random_10398,WEPRNFGLF
random_10399,LHEVFHELLG
random_10400,KKILHLMMMW
random_10401,ALCLIFKSY
random_10402,LDDKFYCIKLL
random_10403,SNQGCPHRNI
random_10404,GTQPCYHEGR
random_10405,MKEPVINAT
random_10406,SWKNAYDTF
random_10407,ERAWPA
random_10408,GMPVQYA
random_10409,YIADPEPS
random_10410,DDTLNCRRA
random_10411,WRYQAWG
random_10412,IQPRVFKF
random_10413,AFVNNPGC
random_10414,HWEMIDIWA
random_10415,CVVKAWTW
random_10416,AAFHWFPPCG
random_10417,KTPAGSKYCTD
random_10418,EVHFPQMNWGTIAE
random_10419,VFILQLDMECSISQ
random_10420,SVYCWAAWCKTADP
random_10421,GVCPHPSRKTRTTK
random_10422,GCELSMWFICCMFC
random_10423,TEFHDTCGFAGCTM
random_10424,DLFKKIQTTAWCND
random_10425,ALIYYHCMSHCLDG
random_10426,YDRNPWDKNWATCC
random_10427,HGCSMRTPWPWSNA
random_10428,KTHAPQANACWVRL
random_10429,KWAPCFDGNNYSFD
random_10430,NSIPVFLFKAWQID
random_10431,SWKDSAYVEIGSFH
random_10432,YIIWTRVETLYNED
random_10433,NPQDYAIRYMSTYR
random_10434,HIMWFCFMHVCKVK
random_10435,RWFTKPMNCYYQQW
random_10436,APSMCFHHPLGER
random_10437,YPNMHICNMSAP
random_10438,SALYNVCHCPE
random_10439,AMNIERLRKYRHWT
random_10440,YHCYGKRNADEIGE
random_10441,FAKCTCWGSCRGA
random_10442,QHRMTDTTQYDPA
random_10443,FHKIGLPYSYLLF
random_10444,WDKRRRNQAMNPC
random_10445,QCYYQQHEWMLME
random_10446,INVDLVNFMSCWS
random_10447,HIRERNGNMPDGY
random_10448,YNVWNWPEDAMYH
random_10449,GNQLQDVGTYKQFT
random_10450,HYYDVPVFLKSNIM
random_10451,EMAVQDTPTKMQFV
random_10452,NVWDYSLMMKMMTL
random_10453,MEQMCFHYEAGWID
random_10454,RLPMHPNEHIIARD
random_10455,KNKTNNCNLHWPHS
random_10456,MMKIMNYQGSVIMN
random_10457,RANDNMCVLVWPNG
random_10458,KRIERRNTRRAQDG
random_10459,HTQSVTKEDCVTDA
random_10460,EVQPLTLGFPNPRL
random_10461,PEPLEQHMTWFECA
random_10462,LFTRPTRGHMNDMD
random_10463,HWCNTRKLFKATEL
random_10464,YVTGRDVSNIMKHE
random_10465,VNHTEDVIEGEPTC
random_10466,KESQRMACIHELHY
random_10467,CCSIHGRCCISLPP
random_10468,TKSTIWMILLPCYQISMTNR
random_10469,AHLKMIQWCIMYVYWFMRVT
random_10470,GYFPQGQCQHHFDPSPKHSY
random_10471,LDCEDFELYPPGSWLIPCCV
random_10472,EDCCRMDWQMANQTIQKSDN
random_10473,PLFQCREGKHTQLDHEHNT
random_10474,NCESFILDPKFEMTM
random_10475,QKGHFRMYGFYNYEWAWIERCSRI
random_10476,FCGMATTAAWKIR
random_10477,VKPEEGRKNMRIR
random_10478,RHAGLWELQINN
random_10479,ASWPVYAHAERSRASYLIHRYAVGYQ
random_10480,FCPCSHLYCWWGWPMSRRVPEHH
random_10481,AIESWQDMPI
random_10482,NGARYTTWSRY
random_10483,WTDCEVMEKCGTVMMLMTRGEWTND
random_10484,HHIDFC
random_10485,CQPPFWIPSFAM
random_10486,QMHTEDQMDPRYMHLPVH
random_10487,LQQHPADWESKKVTSYWK
random_10488,VSCAPTMLVHDIRDGIQV
random_10489,IADQTIYWDHGCKLWGDP
random_10490,ANWHCHPGVYERVRPEWT
random_10491,KGTTGKLPEFWHEHMVPH
random_10492,QLRYKEFDEWLFMMCDN
random_10493,TWWNQMITTQMNLQHGC
random_10494,PNMHGWQDQWAEAHRYR
random_10495,PCFFIMDKEMHCSNESG
random_10496,RAEMTYAQVENGKAHQN
random_10497,DLGATPLMQTPGSGTGC
random_10498,RCPELTHDPCAMMEWPT
random_10499,VHMYGQIQTMWQIQMYD
random_10500,MRTRHSAAHPCGDWWVA
random_10501,KTKWEAVCCTVGLEKGK
random_10502,PCKHIYSCISDLCWPNF
random_10503,YAVLDICSDCSHVAMPP
random_10504,HGTRPESYEIAIMNKET
random_10505,ICGYCALRHNSMCRCFE
random_10506,NGCCPNMMIPGERQISK
random_10507,MRQCISMQYTTESMFKR
random_10508,PCCEGQTGKDWQEFLEK
random_10509,CADRWP
random_10510,WLSIFHVINDIQGKP
random_10511,ENLTKNIKGWEH
random_10512,IMRHWW
random_10513,WTTWPP
random_10514,WFHNGNPQNLI
random_10515,NWKHNFMHDSM
random_10516,IQLSDTDPEDTHHCDDMTWDWCN
random_10517,YIIVNYANDWHIATLINA
random_10518,TKDPWWWPEGNREIAWT
random_10519,PQWRQDFAEASPEYHL
random_10520,FLTVKPRPQHLFYDI
random_10521,ARETARWRLKDD
random_10522,QLDTRLRQHVFP
random_10523,APVRMEAKQIWC
random_10524,ERTGAE
random_10525,CLSLLK
random_10526,DLDNTT
random_10527,GKHTPQDHVIIN
random_10528,FHVLNRSKHTLDM
random_10529,GISNHSCCTANDVC
random_10530,FYGQLGGSGICTM
random_10531,ERFQDFKRKMFSL
random_10532,EYCVFYFKSIFLYMQQMY
random_10533,AGHFGFCFHFNAYPKPSC
random_10534,KGMFVPPEKLKKNPW
random_10535,EHGVTCTEDYMICGW
random_10536,DEFYAQPANNSSQQE
random_10537,FCRNIWHLDQEEWVQ
random_10538,SGDATICNSNPCGD
random_10539,HTCTWCDYDAEEN
random_10540,LRKCECAWEN
random_10541,PYHWMNKVFN
random_10542,VEMHRDHPRQ
random_10543,FNSHGFLWRS
random_10544,QYGAKFGGIS
random_10545,HWNVLSPYKR
random_10546,GINWWQMVDY
random_10547,MKACNGHTKL
random_10548,PTHGSWINST
random_10549,CSQAMVTGCKYLS
random_10550,MVLVDDPKVHTNDH
random_10551,QAARLSLTKFDD
random_10552,ASMPTHPPVKQSM
random_10553,GSIYMGHYNIGWHE
random_10554,CAYMRLYMEI
random_10555,QWERYIWIFMH
random_10556,CSSYVPHFWVPY
random_10557,KMIILEIWPYCCFHCPHSQ
random_10558,NGMFPAQVWWGHAPKGWADGVDMNF
random_10559,YASWQMQWLVRHAEPINDYPCCAPG
random_10560,EADPQEEAQRNWFFYQVQGDTHWHF
random_10561,LMQAGPEPCTSWPHVQGMNIHDYPH
random_10562,GAMWRCKVIIWPKESH
random_10563,IISITAAQYPITVQL
random_10564,SFENDIRPRCGPWLHI
random_10565,HSAIY
random_10566,KQGWWEMQEGQKLCIAKGFRKWPPEEAYDE
random_10567,RNNTHELHTWHWEASGNGIPYSP
random_10568,FQAQGHMVPFEPACEFLSDPQPCYI
random_10569,TMPSKGDHVTLVATMKDAD
random_10570,GNFSTDRK
random_10571,RAQAAGLVTWRRMWQAPYKERSWNTDD
random_10572,PKIVVEYMMRPNT
random_10573,SPGVTAMCQCENF
random_10574,DMNLVQ
random_10575,SLLVLQD
random_10576,FYLTFFC
random_10577,RILKYYYM
random_10578,LWLDFGRV
random_10579,RRLPVGYQAEIMVD
random_10580,KDWGEHYEANTHII
random_10581,CGGRTRRVQCLPLW
random_10582,SFQRSHCLHGCNAW
random_10583,DTAHNENHLEKSDT
random_10584,GAWTRIENASGWAT
random_10585,INSCAYYMNNRSTA
random_10586,IVACGESACYKNFY
random_10587,TWMWARIHCWVNKE
random_10588,LFPDFDWIAKDDWG
random_10589,KKIPCDHHQRGIQY
random_10590,KTNIYFLYKVFCRF
random_10591,CANPRRMWVHFYKP
random_10592,SCPLKPFQFRDQAE
random_10593,TFHMKLEDWYYNQQ
random_10594,MYCHRAYIFYYYGV
random_10595,YKYHDMPMAIGLHP
random_10596,YVPATYYVSPREDY
random_10597,MKPQPCDHMFQMIY
random_10598,RFFVMSSHLKCNEH
random_10599,AQLEKSVFYMPTVQNIIGKRIHYF
random_10600,DMQLSNNQTEQFMSFHLIDRWSFN
random_10601,YKHYNGDPKWNRKPARSIILNLMR
random_10602,MIFGCAFHIYHM
random_10603,FVRSYGCPDHSW
random_10604,SAQEFDVWKASQ
random_10605,ACDCHK
random_10606,EAAKHGGQDM
random_10607,KTEMDDTQVVAP
random_10608,NYWNLKKLFMHL
random_10609,CWVRKYVPIVNT
random_10610,QCRMFCAKVGVQ
random_10611,WYKPNPECYVQD
random_10612,NVRLKVKD
random_10613,RRTWMYSWFCHYDEMAYVGGMMGNYCASH
random_10614,TLWNHKPDFNMMGDAQQDIT
random_10615,ITIAKQGALHWQADHKQY
random_10616,PALCFTLFRKAQWKFSDGRSL
random_10617,YDRPCGCCHSIWQQDAD
random_10618,VRMMHAMANSRMSAIVILND
random_10619,IQENCSCRCEMRN
random_10620,RCCVNIDATIHY
random_10621,MYAPKHVVLHHKLIQF
random_10622,KWRWPECDVINDGWPD
random_10623,QNWKDCAWQVARHFCM
random_10624,MYKQPWHVWNRRIVDG
random_10625,NHPRDYWWGVFNTVPL
random_10626,DAFSAPTTWDRILNNN
random_10627,QCFNMQCEWQQCTFGV
random_10628,CFPIDCFYMNQVLMCM
random_10629,RYLCGSWHMILLPEYL
random_10630,YAERDHWANWNMLWLN
random_10631,ICREAIVERHNPTKYS
random_10632,NNSFDQKDFGHTNPRN
random_10633,IQLQHKCTTNSILIGQ
random_10634,TYIMAKSEKMSSSYID
random_10635,KVQMVCAKECDFVFVS
random_10636,APWMHFVPCHDDGKQS
random_10637,TPHEMKLHYFDPNMIQ
random_10638,DRGVRYEWGCRKI
random_10639,PIQCPCVSESLPA
random_10640,IQRIPWWVTFFLA
random_10641,NTTTWDAPVDCVR
random_10642,DGTGLGSVCYYAE
random_10643,MKGFCKYTIKKQC
random_10644,CTKEMGKIRKTLK
random_10645,MVQCHLTYDHYDH
random_10646,HIGWCDMMMCFAY
random_10647,VQCPRERFGAQAG
random_10648,TECLMMEERQFGP
random_10649,ACHSIVPFCRYFN
random_10650,LHWIPWYFVGCNL
random_10651,WAGGVAVKYNWPH
random_10652,VPFTYACQYPQEI
random_10653,LLGYFNYILWFNT
random_10654,MEVQKYMSWVMRE
random_10655,MEWPCRTAKRKHF
random_10656,VQEMHKYGEPITL
random_10657,GCAYTLFGDCWTE
random_10658,FPTACQSMERNMD
random_10659,LAYIAVTNCWPQY
random_10660,IHCPAIFNTQIND
random_10661,LLNLEKWMHVIEK
random_10662,YCENC
random_10663,NQMFYGRHECAHAV
random_10664,CDDETAKTGMHSQM
random_10665,HPKQIGSDVVVQGE
random_10666,NYNKPTGRPYMGNVYWTNLRHLRRG
random_10667,SQEAYKHWKELYPESIHTTLPDTCS
random_10668,FSCCCCHVAMPLKEKHHCSDWEGDP
random_10669,KCWFEVYLWWVPAPDFKGMIDFKDI
random_10670,GDGKDMMLHCPVASFQQKVEFAHKI
random_10671,WLYMIYVCHAQSVENKRLHSWKNAP
random_10672,ERFKTWTPEAIQTGCWRSPFSRGCH
random_10673,WEENVKIYMTKLTPFWAGYYPRFWW
random_10674,SHEKHMYIMLMFESQNKINTAIGPD
random_10675,TNTNWFTHNPEFARKCLCWPGGSHV
random_10676,GNMRVAVYIACPIQEFTVGRGPPTQ
random_10677,KMDTSKANRCNNCIAVDCWRQHSNR
random_10678,IKHGMRHMNEEPTAQSQPKEPIVCK
random_10679,DEIYHISYCSCVVTISMDLANLDDL
random_10680,IVHCHYKTKALEINSSTTCWWVSSV
random_10681,GMWIKINAGSPAQECKNPPHRCISD
random_10682,SFMRGIRCCPCSLMHNWRAEMGEVP
random_10683,CYQKQQQQPHQFTHFKPRTLPGNIY
random_10684,PLTEDICHVQLNILEAHAALATKNW
random_10685,IQLFEKLFCAHCVFNDKQNMDLTKL
random_10686,YWEVQDEESNQHPPSWGYHGWNYVL
random_10687,RNQWYDVQSEQTKPPHMGTYIQDSR
random_10688,NVWCFIPLTWKMLHFTIALKCCKSV
random_10689,FGPSQYHPNYGKPPLFNQCFYTAKP
random_10690,RYGKYCRRHWQAKTRNGYVHETRPD
random_10691,GGCFVCLHQWMGMNPDKLFYFYLND
random_10692,VMQCFFWMTLGWIPPWWNHYMDYII
random_10693,PLNTDGQDAELQNVMSTPFLAVPFS
random_10694,SGATVMTRYSYTRFRVRFYGMVPFW
random_10695,KTVEHATSFANEWIPSVHQWMGNHD
random_10696,VYGFQGFYAFKYEWDQVKNQECHYW
random_10697,IARSEASDVTTACCLNICLFAKAFT
random_10698,YILLEMNCAILSYCFAATGQWLPDT
random_10699,NSTEHPFYHILESFNFIIWTNVHYE
random_10700,SKHVALKMEDGMLGVENECVQRRNW
random_10701,DSLHKESCRWKNIHTGHQKPQCAPW
random_10702,NIMRDPYPRPWQFQIGHDWTKPPSG
random_10703,GYGTRRISHWSRYVWSVMPEQWMWI
random_10704,MKMFTEHANKPMDEWLWYGAGAQYT
random_10705,VLIVYMSHGQSVDMSNTMESWMPRW
random_10706,ACPWTRNVFYPMRDPHPDGNPMMLW
random_10707,FCSWKDGSWVAGRLEQDVNVERRHS
random_10708,FQNFCYQAMPTPPVFCWLENTGFAW
random_10709,RHQNGMYEGGVGARIYRPPAGLRMY
random_10710,LADSQYHCCNYLIGQVHIRDIECWQ
random_10711,NSHVEDPDQKHIHEYYIVILWCEDV
random_10712,SHGTFGCYRINCFQH
random_10713,QPETMGNEKILM
random_10714,RDKKRFAMYHCCF
random_10715,CRHTQIKEFPPHMNRKWS
random_10716,LNDWCNRGGLFGFSWFHE
random_10717,QQMNQRMTFISRDFDTDY
random_10718,WAKPERWMIGDALQPFMK
random_10719,VLQYYYLKAHYQAIHRYK
random_10720,RCSEPFRFMFHFAAWYTH
random_10721,CMASDSHQSDSEQRIDNF
random_10722,QPAFWFYIKPCDMFSESP
random_10723,FYIVYVTWCISEHYHVYT
random_10724,QMMNSPANFHETVHHCNS
random_10725,IAGMSYGDCLRRFQGT
random_10726,TFRFEMDAW
random_10727,SDELKCWRTMQCS
random_10728,EGRNET
random_10729,PFKWLQNMWWNVPGGPLEIKG
random_10730,VNKVGVTLYMATCNSERKQHH
random_10731,YCQCEYKRGSGNDGGGSMSDR
random_10732,PFFCSGRTPPEGFQWYCIKAF
random_10733,GVNDLIESSHMVWGYFSKPRV
random_10734,HYRDHIIKRVSVTQSLHPDVW
random_10735,DSRIVYFKNHMYIKVTWPPES
random_10736,KEYGYRNCVMYPPWCFCYESD
random_10737,TMVGQLCNVQNSDTTINYRKK
random_10738,AWRAVHIPPCPMASYVD
random_10739,RKSTPWHCCQVHGDSFR
random_10740,IINQHALHTPGFQCMDK
random_10741,NTWIHSNKIIVYISQHE
random_10742,NHIEPYENYTQEMCYKR
random_10743,KARHEILPMTVTTNIYL
random_10744,QNEYKPKPHPGKMQNWCYQ
random_10745,QKDDFHFLVPQEKHE
random_10746,CILASHVDR
random_10747,FCKEIAEACTLHKFIYFACL
random_10748,TIYFRCGHL
random_10749,IKFMWAVAQ
random_10750,PSHMVNGMD
random_10751,ITCCAAPPR
random_10752,SQDNCVRRQCPFLISRGQVALLLATE
random_10753,IRDWMCSPM
random_10754,MAGEDYTKH
random_10755,MFAHSICGL
random_10756,NDHCKEYMM
random_10757,ADPLCCWQC
random_10758,QAGQHNQHD
random_10759,LRYVPLKSI
random_10760,CPEEKEMNN
random_10761,QFKPWANQW
random_10762,GCNHEDLGQ
random_10763,GLIEIYFPL
random_10764,LHWCKNFNL
random_10765,FLTKLWGFDDSVYL
random_10766,GLIRTADNQARDPTGSRKIRS
random_10767,EVEYENSQRWMAQWH
random_10768,DARSFIIHGRDKQQS
random_10769,ANLDPSMVNMGNTDQ
random_10770,GTPYYWFHVQATREI
random_10771,FLVLVGLEMNKHQTP
random_10772,MLFMQCEPPEIASLY
random_10773,REDITNDTQHEQRND
random_10774,SKQREGASYKYKMVA
random_10775,ASDTGYRDPACSKS
random_10776,YMPTWAPATRATC
random_10777,GDNSYFRDYETEMEV
random_10778,TFSTHLAMEKSPPAIKP
random_10779,SHGYQISTGLEQVPASQ
random_10780,RDMNHMVDFTVWN
random_10781,WERVWIFWSYWISNN
random_10782,TAWEKQQAECQHN
random_10783,VYPGEIMCGRWAPCGFA
random_10784,HAATWHLWITITGMDNGLEG
random_10785,ATEFQKFGQKPGQKANDVKQM
random_10786,FSQTQFDWIMALYWIHVSMFG
random_10787,DYLSGNCGPKGD
random_10788,QSYWDPTEKNICLYGWYMIR
random_10789,PVKRRYYRWWPK
random_10790,TISNY
random_10791,QAKDV
random_10792,KSGPD
random_10793,IQMKGL
random_10794,MRKDTF
random_10795,NLYKVCYAN
random_10796,HASQLMLLGCIHPFFYNVYNEQN
random_10797,VFFGSIAQYAEVYTRNIRLV
random_10798,ALWNHVHNRYGHQYFDDR
random_10799,VQWEMVTPIQCDVIEGDV
random_10800,YWLDHCNIDLNMVDT
random_10801,IAFRFWHQEPYK
random_10802,DGIKFEAMNKMN
random_10803,FAYKRMEMKLQRPFFLWH
random_10804,CCSKWIFYMKWGKDC
random_10805,RYATDFVYDVEK
random_10806,MRCFAHERQGPNGARWNVQGWDVM
random_10807,ACHDRDGVQGMNNIAVTIYG
random_10808,IDFSEQEEAKYDHEGPCDC
random_10809,WIHTFDKQYGGDHIMKDIV
random_10810,FSANAWF
random_10811,EKRLTSRDYFVFVD
random_10812,DMAIMMMYCTDDDCWFAKCSC
random_10813,DYRRMMM
random_10814,DHKYNDCRHNRNPTIQTSAGK
random_10815,FNMYKLWPECFPDDKDLKISC
random_10816,RVGAWKYKYLWLAM
random_10817,QAGKFNTFVRRQCRVVTLGVI
random_10818,GQVYWNMFWRNGDS
random_10819,QRYKNLTPKKASCVMGHQCAM
random_10820,PHYIRDHATYANLWLAATFLDLTPS
random_10821,DCINWEHKFFNGRNETRLAVLGIYF
random_10822,SSIARMRRCMSAVTADCACTVQMPK
random_10823,EYQPREDDATTRHTTMGIPQEMGQM
random_10824,PGACKFFARVEFEKKAWFQALIRFA
random_10825,PWNQEIGVGANRANFCPYEYKSLRS
random_10826,GAFNKVCIYPARHLGCGHPGHPTHV
random_10827,AYSDVLADCYNLCSRFVDGNNDFWE
random_10828,VDREVTKVTIGFLWQRLVFKISV
random_10829,DLHGHTETNMWSIQLNHVWIT
random_10830,DENWLHTFMYIPHVNLQGNSIGF
random_10831,YVGLTYNTCIQNDYKIYFEDV
random_10832,RVGMWVCLIMHKDEVESMLDAGMPF
random_10833,FTETWMWHKVVRTPSSGDFQRCNPL
random_10834,YIMHPGHLVNWQHNW
random_10835,FVYNHMLIDAHRIAQ
random_10836,WNLMKVTKWQSKMSHISQHLQAGEK
random_10837,QPNMETFTDGRHCSLSTFHIWHEYP
random_10838,KRMGVVYIVYMLDGMWPYDACRGP
random_10839,GTQNWCNHEPFYDNHGYYMWTMHW
random_10840,CLESWTYYSSCNLPFYAGPWMDRQ
random_10841,IFFSHKVGEIHWWRTCWFVVAMFS
random_10842,RSPYDQAMWFGGCWSMFFWPRGQG
random_10843,THDYKYV
random_10844,WPRFYYDNHANCAVEHKVY
random_10845,TCLATYYM
random_10846,GHQDKPYMYSLKFGYPLFQ
random_10847,EVKPLLFWG
random_10848,QSDGICDS
random_10849,LLREFKTNPQEGAWQI
random_10850,LYWEDLLARNFQESSWWTPPGTWPETVTQ
random_10851,QPCHKSMVRMTFQGFTHSTERAGCDW
random_10852,APDKQGKCQFTWFACCVDHEPCCVSK
random_10853,KDNDPCKESEEKEIWWMESVTGGEYVFDTH
random_10854,NWAESAWDIF
random_10855,LKLNIQFCDL
random_10856,IIVQSHQIMGC
random_10857,CHTEFGANQMS
random_10858,CLEDFSQGQWE
random_10859,NCTMSNHYWNM
random_10860,YPAQKWMAPIY
random_10861,ICWRHYHLARR
random_10862,HMDMAEDRDLGVFTILNYSDSWF
random_10863,TRKGHDANNADNGHAWPFCNSQWSYDPSE
random_10864,EVMMGLEYWPCVMMTWHAFNDP
random_10865,HVISRVPSVEFIRNWCSQCELG
random_10866,NERWFRFTHKLSK
random_10867,LHWHVYRWVDHHVDNLQTNHTHI
random_10868,KSIVYEWLSQTGE
random_10869,IVQSFDRHQVKWT
random_10870,TLFIKRGEMYKCM
random_10871,QKHNSPHRQQE
random_10872,TKCRGNDGD
random_10873,HIWSLI
random_10874,NGEAYGPAVNNTFACWI
random_10875,IFCGAKECYGQRYDFQ
random_10876,ATTWMCGSKKGND
random_10877,YVFTKPNGEPDGSSNFMRE
random_10878,CDRKAQALSDIHFS
random_10879,LNAGHQFYKVWQA
random_10880,NDACGPRESIKRGLRIQQKTE
random_10881,KKFSLWGMKNPYE
random_10882,SIQIHGRVYFI
random_10883,INEWWLWKFPGMF
random_10884,HTDENREVVCG
random_10885,WPFFQCEGAAFK
random_10886,DRVIKLCFPG
random_10887,EKLRRPAHHINP
random_10888,GTDNLSFQLNEDV
random_10889,TLCFGQHHNKGKYGCCHNGRQP
random_10890,NVVCKWPEPQSPIYAARCIDLA
random_10891,WLMRHYFWGHLHDIWPDEMNRI
random_10892,EWYRVFKAQLSWRVYKEAKKKM
random_10893,LWCTPARRYFVDRVRRKHPCDS
random_10894,SELLKMQCPALAKNFCAGIACA
random_10895,IGAGTMVETILGGEHAGEMNALNVKHA
random_10896,CWRVKCPCCHVPRSMPIISTSSSW
random_10897,QAYWWPFFEGNMDHLWAIPQCAHQ
random_10898,YYYFTFRFTAVVN
random_10899,SIGDVMEMLRGWN
random_10900,SIMRCRLMRWVSL
random_10901,QLECGDEQWLIME
random_10902,SELYPSQKCGYAH
random_10903,SMHQKAMKRDQYC
random_10904,PPLQRSWHAIAHY
random_10905,TIRMSTQEGCIVC
random_10906,CSQTMKRVGDALEMRKI
random_10907,EDFRSEFPTYCAFE
random_10908,WLGKGYDIHHWFCEVLFYIKP
random_10909,QATYRTMTDSKFVMQE
random_10910,VLHECRAFVTDTQSTM
random_10911,WHCCCRCLWSWL
random_10912,WPDCEAVGLYWVVFVN
random_10913,RTCTKPVTRMLWDRCH
random_10914,GRWQHAQNKDPG
random_10915,AARDSHAVCSKP
random_10916,GDWLRIYKIAYAYMQC
random_10917,TDSWYSQDKQKDIAHG
random_10918,KRQQNVFQERVT
random_10919,IIHSEQMCMCFP
random_10920,SQEPKQYCDTEELLVY
random_10921,WWAAEIQATGEMDALC
random_10922,SDSPAEITIIQEGNSF
random_10923,PQPSEQEGMERISWFP
random_10924,FWRVIVAVAQHEKSEF
random_10925,RYFEVHHGTGTNATHI
random_10926,AWMAFNCMYQGNWSPN
random_10927,CTYMVWEKHGDQPKGM
random_10928,PFRFASKATRYDDFFW
random_10929,PILRLHERAFYAGYFN
random_10930,LVSQQTMCHCVMFYDY
random_10931,PACLEYMCDNILRPKE
random_10932,LWHIALMGCHRNNAYARGQVEHTSA
random_10933,FTNRQRQQEEELYYQG
random_10934,QIYLWMSATDFHDEDDNLHQKHWPDMMNWE
random_10935,IVIIKCPYMYADAQSVNPPYIEFRVDCSFI
random_10936,NIGQKQDQATCGGILSWDVIMWEQWDVSSE
random_10937,LEIADAISNIAGTSENRLIDTLGIIIVYRQ
random_10938,NTPVKYDTAAAK
random_10939,YSVYTYIHLLCDY
random_10940,YGAYICTKLMRNI
random_10941,LGRNLWRRSCRLD
random_10942,CDFPDIHSEWSAG
random_10943,HMYPKVRTVQNLY
random_10944,FGCVQLAPRMSRHIL
random_10945,QCAPNNKQPVKSYKMCETHMRRMWVTIKPC
random_10946,NNKAPIHDDALK
random_10947,WPRAPNELEWSC
random_10948,TTSNFPQ
random_10949,MDGMDVL
random_10950,CETHFNL
random_10951,IAIYYTT
random_10952,ICTPVGQDH
random_10953,DFAKGSSRA
random_10954,RVFCLCNCY
random_10955,RTTHNEPGI
random_10956,KMHLEAKMM
random_10957,ASLGAVNLGECWFVEKHRKLYEGPDH
random_10958,AVVEPVAQEYFWHQTDNSAPVQKYDL
random_10959,EAHMKDCRNGCNCEKHETIIK
random_10960,EYHPYHRVEIYNDLKSMRRAQ
random_10961,PYTQTVMVGGGWNYDIHQHIN
random_10962,PTDLKYGCWKEIMHDPQGFKA
random_10963,TYSCALYLCCHGQERNHGDFI
random_10964,AYFMFMDVQFEFPQGIIDGFW
random_10965,NQMCHFLFEMTDTVE
random_10966,ITYSRYGYTHPSFIG
random_10967,DLFGTAEGV
random_10968,DVWQREIWI
random_10969,KFVYNAGI
random_10970,SNCTFAE
random_10971,WNEYDFKSDEC
random_10972,VMWAMQKVQCL
random_10973,WPQQVAYIE
random_10974,SFDTYWNH
random_10975,GDHQLNRVVCK
random_10976,FLGHPSKECQG
random_10977,SNLWCDWWAFR
random_10978,VDFAAKPAI
random_10979,SVWPFVFSS
random_10980,VTSHDDAWN
random_10981,NSSHWQKKP
random_10982,WHPEFKNMF
random_10983,VLFWEQRETMHAL
random_10984,ADLRKAKSPLH
random_10985,LYHSVVFKV
random_10986,TVLGMNRIV
random_10987,GWSPPDYTE
random_10988,DIVWAETMS
random_10989,QHMASHLTM
random_10990,WELGFIFHL
random_10991,FNIQLMQTKNNLTASF
random_10992,HHQCEDRHPFSDPDWW
random_10993,FLLHFMVRDAEHRRLPFALEKCT
random_10994,SITCNARHEKLKWRLFTFYAVQN
random_10995,TDIRVLNWIE
random_10996,HENASITDR
random_10997,DESMVNK
random_10998,DGLAD
random_10999,MMKQQWVMRG
random_11000,PFSFHHILAK
random_11001,ARFYCMKKVA
random_11002,DWYWEMKVSL
random_11003,HYIPWYWTD
random_11004,PPVKPWVTW
random_11005,QEVQHLASPWS
random_11006,KAGTLEHRRWD
random_11007,IRVDRLFFCKQ
random_11008,EMKGTQRGFS
random_11009,IVKVWLPHQK
random_11010,GHHSENKQET
random_11011,IDAFTNDDQR
random_11012,FYEMNNGITR
random_11013,QQHPWFQHTG
random_11014,SLGTLDKHQW
random_11015,CWQIWLGMTA
random_11016,AMHSCMYHSK
random_11017,QETLTYSNNE
random_11018,RAGLPKQDME
random_11019,IKTASGEWTI
random_11020,RFSAFSEPLY
random_11021,AANWGGQSLQ
random_11022,HFDWGSMLTC
random_11023,NTMMTL
random_11024,LSKKAHQIS
random_11025,SAGDVELHIY
random_11026,WEYNMVNSEE
random_11027,WNLVYHGDFR
random_11028,FEIQNETVIW
random_11029,WMPMPEWAHM
random_11030,QFSEKAQVLK
random_11031,SEPWSSMHMR
random_11032,GRGNAK
random_11033,HWISMYEEW
random_11034,YNRDYIACSWML
random_11035,NAQQMVHSVRMKDSC
random_11036,YYWHDI
random_11037,RCRWIKKVI
random_11038,QPFKQEFDGAIE
random_11039,HKLPSFRVDYNWFLK
random_11040,NYYCVR
random_11041,LHTYMLADW
random_11042,KPESPFKGFMRI
random_11043,PGLWNRVHCFDWHWC
random_11044,LYKACP
random_11045,EPRAPGKHH
random_11046,AWVIFTFCMCPL
random_11047,QLVIEKPRMCDCYCM
random_11048,ASVANG
random_11049,PIPTQRYRY
random_11050,NDPIDVKLQTNC
random_11051,AYSHKPMWWPCMGHR
random_11052,GTEISMGPD
random_11053,QEITEKKRA
random_11054,YLYYMQCWIFMKSPIA
random_11055,FFQESKPMYQDAEHRR
random_11056,NLNLEMQHNRQNPVQI
random_11057,MWIACTPCAMYVVRPL
random_11058,RAIPSTGHSNNGQAMA
random_11059,REMLAWVESKNSFTEDCR
random_11060,NDFSEHIFEATSWPGGWRDKC
random_11061,ETPLEPVVVFYSWPWPAP
random_11062,CSFHYPHLVNIDHDVVRYMTR
random_11063,HEKMRGEKGVYRNIQKVE
random_11064,TRDHVCTIRA
random_11065,CRICCINEDFFHMWGDWYHSIKY
random_11066,PMVYQPEMNN
random_11067,AERDTDRHFYMHQRED
random_11068,KNHQFPFKTQIVCRPLFGN
random_11069,CFWRQICVPDEIVLVEYRLVYFWFGYNCMC
random_11070,FWIFHRWVNQDSTGGCTVWCSGWLAP
random_11071,HCYFDVDWVGLTMWLDEC
random_11072,ALHPRMEAANMEELLDHF
random_11073,NFWHTHPWVIYGYTMIASWGI
random_11074,HCCLMQRCFRGGMNVCTGLGTEQFYEQY
random_11075,FCFHEEHTEHD
random_11076,TPTIHTSGPIAPH
random_11077,LDSNCSQATPD
random_11078,ENDMSDVMDASWLR
random_11079,HAEPAAWQN
random_11080,RPPCALCVGVCIQPHERQ
random_11081,IQEKWMGVKQLGTCDKNSEHCYK
random_11082,KMQAKWLIQY
random_11083,MQCNHMTT
random_11084,FDVVYDSSGC
random_11085,EFGQDKNNCILIDAAC
random_11086,HSIMSPC
random_11087,MKNRMPVRITHD
random_11088,YERIAMPQ
random_11089,YAAIRTQDKY
random_11090,WWNRWRWVVM
random_11091,FWREQVGPQIVMK
random_11092,HTPLVRNRWDEQA
random_11093,DWCPVFHWLIRDI
random_11094,QIWAATIMYDHQL
random_11095,SDHCDMVTWEKFS
random_11096,DAYCHQDNPYIVQ
random_11097,YIQFHPFSVTTNC
random_11098,AHIGSGSWNTFHC
random_11099,FQGDNDDGEFLSG
random_11100,CRLSFENPSH
random_11101,YFFEDNNEC
random_11102,PTGNMIF
random_11103,PCYMCS
random_11104,CDWIPNPKQFFWH
random_11105,VYETVLET
random_11106,SPATMFLKYF
random_11107,PNENGDFKTC
random_11108,PYWLVEEPDN
random_11109,YMWYTSTFWC
random_11110,DVTMQTNRHL
random_11111,LKPPGMPCMV
random_11112,DWNCNDPAQD
random_11113,EVPNYQQCLI
random_11114,ECNSVGRACH
random_11115,YHERDNQQAT
random_11116,PFGTWTQTEQ
random_11117,EMLLSGQNHSSKLQSTFISL
random_11118,PVVTAPGPWHMTSTADMVLTLYNEKLAQHE
random_11119,GTKAWCLPMY
random_11120,QYIMFHGVDR
random_11121,ESVYWDEMFN
random_11122,QTVITHCNIT
random_11123,FELLMIVSVV
random_11124,RPNMGITF
random_11125,SNMCEFF
random_11126,TFPKMGT
random_11127,IAPNMLE
random_11128,MKLTHSF
random_11129,GLIPDWI
random_11130,CVHWNPQ
random_11131,GNDAENF
random_11132,TRKTMHPTH
random_11133,TYVGRYVSY
random_11134,VAHERCASQ
random_11135,KYILLEYIV
random_11136,DNYLQCQVC
random_11137,HAIQNSYSY
random_11138,IPYLAHYKK
random_11139,QWTLCCAGT
random_11140,GDDLNVRMN
random_11141,AKDDIWFVS
random_11142,YEEWHTLRM
random_11143,MMHWMDLPQ
random_11144,PDDQVEFLC
random_11145,CAGTNWVYR
random_11146,NIFYMICNNWDG
random_11147,ENEDFSFNTGIIPAA
random_11148,DFDGSIPNDALSLVPDPMTF
random_11149,ATECY
random_11150,DICPN
random_11151,ATCEHD
random_11152,CFHNND
random_11153,RISWVQSTFIYVYIIWPVAP
random_11154,EVCLPVVIHSENEHMPM
random_11155,LMKEREPVCCCLK
random_11156,MWGHDFCRKLTGM
random_11157,TLPSLHLAKTAWLPFVEHEIG
random_11158,QSWYKSNQAMTNVDWCPQWHV
random_11159,LLYWAICKFPTD
random_11160,IMKPFYSWTDWLIFTSNY
random_11161,EIKIGRLAYA
random_11162,ALGNGSPPA
random_11163,FNHSLREY
random_11164,HSNELLV
random_11165,DNMKGA
random_11166,VGWDYFTIFK
random_11167,QAQYHQHTA
random_11168,PNVMLRIY
random_11169,TPRYNTF
random_11170,VFFDMM
random_11171,NYWKEGIAF
random_11172,CKMCTPSWT
random_11173,GWFDQSDKT
random_11174,AVDQRCPWW
random_11175,LHMGYVFLH
random_11176,DSTGHLDMK
random_11177,AYTHPCYTH
random_11178,QSKTLEAKT
random_11179,TWRSPDNTP
random_11180,HVSIGHAVD
random_11181,GLEHAESTR
random_11182,PKQSRECGS
random_11183,FACKHKITR
random_11184,EHLTGLYYP
random_11185,FVHYMGQPC
random_11186,DYACSWHAW
random_11187,WQWIRYCYD
random_11188,MMAHVKISD
random_11189,CYKFYWWLV
random_11190,QVMGLMHHP
random_11191,MNTYMDCTI
random_11192,DPDTRQSEF
random_11193,AAKFYAYMY
random_11194,NVDHEEYGV
random_11195,HLDLISMRN
random_11196,DFVMSHATN
random_11197,DTMLDTVTW
random_11198,KNMVRWMCP
random_11199,SEMHSDEY
random_11200,QKFDYDS
random_11201,RLFCSGVL
random_11202,ANVQPLW
random_11203,VYEQRHS
random_11204,DGSPVIHVGSSGPT
random_11205,WPSELMNINQMFDR
random_11206,REHRYKCSRSEAFT
random_11207,KWMEPERELCLMSQMHTDMKK
random_11208,MAIEIQPAAFLSQECCQRTWL
random_11209,TEMEPWELFHQELVTHMDLAK
random_11210,DISNFIFRQAKYITNKHIDNW
random_11211,GLAIRPK
random_11212,LQVWHLVNS
random_11213,CFCIFVCIYWVKGMQWA
random_11214,FIWHDLMSRWAAPHMNWCMCFTHDSFAW
random_11215,RKFYICCEIMKKSNDLWWRKDK
random_11216,TVLFCPSGPTEECQTPRKLDWMGGGA
random_11217,GTYFTREKSILHFFALSNGNGLSV
random_11218,KRIIRRRGTDCGHNGPTLINQC
random_11219,KMKPQNKEKNWTPCLAYRYHRCQHRC
random_11220,AHCTCWVNDSYYCYFSQMARLG
random_11221,THDDICIACKLNV
random_11222,PVEGRYNLESTDM
random_11223,PLVFEPQCRYTKMWL
random_11224,TAIHISNPYAMGRQIKMM
random_11225,EHYWPFYYHHVKH
random_11226,SITHLQAI
random_11227,HDINAMTQAPEYIWKSGLPTI
random_11228,PGWPALLLFYAHIWLFFRYNT
random_11229,PAYRGFHPPLAWPLMCFFLTK
random_11230,KDIEQYMHMPITAASDGSVGI
random_11231,PFYIFPHACLSGGGVGCKRGM
random_11232,TNDGHDNCAHQSFLIKGYAFF
random_11233,VPARARMGLHSATMYTSVPFS
random_11234,QVKTVCWCATYFFAVSLPVRS
random_11235,FHSPPHNCPGQHMPDQYVYAMEQDCPMIC
random_11236,ACNEFEHIFRPNIPDQEAFYCGLV
random_11237,HTCVVCVPKNPSAQTWWCR
random_11238,WKRNNRNVDVSTIH
random_11239,MLFNNCSIF
random_11240,DAMHFQVEVFDYLQMNCCLPQKCGCM
random_11241,NEKKKGYDIYAMEVIPF
random_11242,PDTWAFQPMDIEEHKWYMYFM
random_11243,LVAYKCALLFWNIDIHYNEKTCV
random_11244,IVMPTDFPYVGWGGQKKSVFS
random_11245,QHISKEDANHLADRQ
random_11246,YLGFFNAKGPCWQMDD
random_11247,LCPYIPDKHTF
random_11248,YRWVLEIAAKDKGPCTSDPKI
random_11249,GRWNDCLGDHH
random_11250,YMGEHDWRNKPGSHFFRGKEN
random_11251,GVMRLPFWEKCVIIHPMIKKY
random_11252,RATCIIQRHYCNHDDMGCSDR
random_11253,NMDKVRENAHQACKKPLFRW
random_11254,SMCGPMDLNYYS
random_11255,IEIHADNWKLTGEASLSI
random_11256,QIWVMFDHKGCEATEELVAGT
random_11257,SYCQLEQKVWAD
random_11258,NRKNRTCTTPQI
random_11259,KMPSCNDPKPHR
random_11260,NDCWDFRVWIDK
random_11261,RVANMYPIVPDA
random_11262,SLCKIVKWSLKW
random_11263,HWAREMNFAYHY
random_11264,ITHEWHTIYSPL
random_11265,MMPDQPWTRFYC
random_11266,FWARVGCERQYM
random_11267,WKSIYDTTTFKW
random_11268,NLGKYDEWELIT
random_11269,MHEYHLWSHQYA
random_11270,DSSKTKMSIVRFHHFHYCM
random_11271,AAILACDRTMHKKQMHQHAS
random_11272,VYQGQEWNPGQR
random_11273,GWVCTKDFLPP
random_11274,KKGIDVIFEIFRMDSVNC
random_11275,WQDDTIFDGHHYFMSHK
random_11276,LECPPDHHKEELEHIIAVRR
random_11277,YSEINKMQHPYKHDPRDRKC
random_11278,NNACMQYRQPRMGINQHQQEI
random_11279,KVTVIDRTKKAYLCSNQMS
random_11280,DHMAQWNYDWYWMVEWWEYFAEVWKR
random_11281,SECMPRPHKAHLMYFWQHHYLHTSWC
random_11282,WWPDIHFVWCTFTPMYVGYVDISMWE
random_11283,NDWLWGIFRTERWCCMCSIIKMNHPN
random_11284,HARLGDKRNECFHEAFCLIVPHSLRK
random_11285,HFYMQMMAVSCVEDHVKWKAAMHTSC
random_11286,NTLGYGAKWEEVIMDYVINCQWGYHE
random_11287,TLGNIRFASRPCRAFLSKSKMPTQMY
random_11288,HTPMHYFVTPCQTITEICPEYKYSAV
random_11289,GFVRSLPNFLVCEKLADELSIWEDSH
random_11290,QFNVWVWEQGQARIRDDRQEKTLGNM
random_11291,QADCEERFMHGLLWPNTYGRDLNAYA
random_11292,HVTVWGHIEKYGYSFW
random_11293,LYCTRHPQDHECCDAN
random_11294,PDCQNNPPCWYNGWPM
random_11295,FTTLTKNMNVLNNSSP
random_11296,TENRDGDYQVHMQTHL
random_11297,GKFEGFRQSVKLPRLG
random_11298,YRLIGAYRLHKQYFHY
random_11299,WVVVTMTCASYIPWWN
random_11300,AACIKAFWSHYEHNKT
random_11301,TRTATPLEVLEVNIWH
random_11302,LCGKIATYMKIAVCVK
random_11303,HPFWRSSLYYKFWKMT
random_11304,NGNYHTVVEQGPSQPQ
random_11305,LMYCADTMANHHTWTP
random_11306,PLQHNAPRTNETARY
random_11307,IRICFTPHIVWSNKM
random_11308,HQTMFFCCQRRFQ
random_11309,WEYNKEYPHLCR
random_11310,EMDRYGCDAVLQ
random_11311,RAPMHNKMAYARLC
random_11312,INICESDLQQMVQT
random_11313,GVEMQQYLSSHRDC
random_11314,IIMRNNPSKQNGVQ
random_11315,NYMWVAQMSQVGFW
random_11316,FFNWAGWKQKTYHIDNQNEKGNDKRYIIR
random_11317,QHLTRDQLGWIFCVIRNDVWPEQS
random_11318,ACERIVVFKMTRF
random_11319,TAATAHLASLKMY
random_11320,RFDYGNIQDVSIR
random_11321,QTDMTRRFEWRDT
random_11322,SSLVVMRWMVPNKKDH
random_11323,PASEMHPPEVART
random_11324,HILLMSYTEANDG
random_11325,SKCWLMGATTAYM
random_11326,VIQGSELRYADGA
random_11327,QINYMWEYQPIVP
random_11328,KLCTSLIGWNENM
random_11329,WFYIWIDWGQRGR
random_11330,GSINRGEDFYMPK
random_11331,RNCGKIWEPQVPW
random_11332,YLKQRDWSELI
random_11333,YLWTVPEKEED
random_11334,GSAVWRWEICPVP
random_11335,PVNHTAWQWPGCTHWEMN
random_11336,FKEAMMSCRDHNCWAN
random_11337,GHITQANKAYLW
random_11338,TWNERHFYPIWHTLF
random_11339,ITSFLDSPTIHKFCQFDEFISMN
random_11340,SMEILYHSWYLHILMFL
random_11341,GICKCAMQGCSAF
random_11342,VWWRQHPWIQLTPSEDH
random_11343,VPYYLYPMFIMCTCNEH
random_11344,PKQMAALAWTPPGVMLRS
random_11345,HTCNQVEVHWHCSAQWMT
random_11346,WTCKLCEHHVNRSMKPPE
random_11347,WFQKGMSP
random_11348,QVQDWTNG
random_11349,HMNEMPRM
random_11350,TAVSFGKM
random_11351,IQDMNFTT
random_11352,RFAYDNKY
random_11353,YCWYQVDL
random_11354,FIKFYHNK
random_11355,TSITECEK
random_11356,HWPAYKGW
random_11357,IFWKFGTQ
random_11358,EYPTKEFR
random_11359,YLLSHEDT
random_11360,PSDDYQAL
random_11361,EAWGRYAD
random_11362,FNYAMMSPKEAWTP
random_11363,DGDIASTGDIYQA
random_11364,YHELLLDPGGLSGGDEP
random_11365,NKFKLGWKVWYA
random_11366,FQIHEWALEG
random_11367,AAIRWEQQ
random_11368,FAMPHD
random_11369,GTDDPFHLKTCLIDYC
random_11370,FHGVKDQQIDPWIM
random_11371,AIFEWIMGFGSMHGILTIGRFDHQVNVVFF
random_11372,VGIITCPNASCEEQQ
random_11373,HQSYLYHHESKIMLL
random_11374,QGWTPDWAKFPPMWR
random_11375,CDQRGPARFRR
random_11376,VLSSSLEREEHKCR
random_11377,FCTIKATREW
random_11378,TRTIKAMTKICV
random_11379,VMIGQKVLWIT
random_11380,YLGAQFMFMGTINGSWNF
random_11381,AYQFSEMTFENFIPVHGELDDQLSHA
random_11382,FMKVKKAEKMITRYGHKPSDNC
random_11383,KLNWANQHAAID
random_11384,NDFMAIADGGGEDDGRPEDDRMNR
random_11385,QIACFDLMVRWSQIKC
random_11386,HRERESMHQCQQHSES
random_11387,RPMRTWREVYIGAHRC
random_11388,QAMVFSNWRQMEQHSH
random_11389,VCQCCLQYCCLWQGGS
random_11390,MGPAYNDEIKVSPTFP
random_11391,IHKKQLWQYCTMDSVT
random_11392,AIDLGSRNWEKSQQVSFWCKP
random_11393,RFLYDWQFCWGVYWLVLKNQQI
random_11394,CADWVDRCNSQIMHYSAIRQ
random_11395,GGNTDSRLATPTMWAENPRCK
random_11396,IGIPCDYHLEQYPPAHAKV
random_11397,AIFEEDQGEVIAWYG
random_11398,PRMCWGQNTRMYFGG
random_11399,HWAWWQWFAPKMID
random_11400,LLVKYFQDKKEVWFNYDEDKY
random_11401,VLIQATVQRNPVWCGLE
random_11402,MEYCRGLHYWK
random_11403,VHWKDNNK
random_11404,VSYEIMCW
random_11405,RIKSFDVGGRMGEEEP
random_11406,SYEFQEDPRYWIMCDNFWNHSD
random_11407,VKYCFSGFSMGTWNYFCHSVYP
random_11408,PLGIDYCVESWFYKNAQ
random_11409,QNPGPNAKNMDADKWAVTWLWRLDKDE
random_11410,YMFVIHRVECPC
random_11411,WPGGKHHNSWSLWQPN
random_11412,YCVWELSLFRQPLWWLTKVYLWPPRCKC
random_11413,HMIGAQPSWPMKAKQ
random_11414,ALVQPRIDNPLGSTA
random_11415,FECWFWKEWHGMVDR
random_11416,RASNWFVCDQALMFK
random_11417,SSWTFCWQYSRVPHA
random_11418,INVYDIYTWQVPNVI
random_11419,EQSIICCQSQGHYRW
random_11420,NDSSCNCGVMDTLCLY
random_11421,CWELVKELANVSVCWM
random_11422,DNSGKYDLSHAKYHAM
random_11423,DANVSCSNYSCKHPYG
random_11424,SCPNMTEAQRATGPHD
random_11425,ARDCDSEVHWVDICEY
random_11426,AQWIDWIQINEWRNMQ
random_11427,LFNLNHFRKFKHQSYW
random_11428,FSKNRCPNWRYLLFWWR
random_11429,CWALWFSPKDWVVAYP
random_11430,IEMAFRMIYYCAEAGF
random_11431,LVSAVGYDKFLALHMF
random_11432,FHQPSMMHEPRHKMHK
random_11433,SSTGGPRMLAKHMFFE
random_11434,NEWSHPFPVFSSWFRA
random_11435,HFQQWPQEFWLMIQLW
random_11436,KNLRDTGSWLHLTLAL
random_11437,YWCYCSDED
random_11438,DFNGHYCY
random_11439,SMCYAHPH
random_11440,TCNVFNE
random_11441,GFPYPNVV
random_11442,LVWIGMVCPE
random_11443,MHICWLA
random_11444,GYQYCRHE
random_11445,VDTPGAQ
random_11446,SYSDWAGG
random_11447,LMARDIH
random_11448,QFGAFMI
random_11449,ILFYLAH
random_11450,WECDFAYQSHSDT
random_11451,EILDMTGFELKSK
random_11452,VEKDAIHNNRHSTDE
random_11453,DGGCEYSMEKYIVYD
random_11454,EMGNKWWPNESLFTE
random_11455,HIISR
random_11456,WCSHRDCFMLLHN
random_11457,TMDYVRVWFGNHV
random_11458,GYCGGKMLESEWNCV
random_11459,PSSPMG
random_11460,NLWALSKDPHNNDMMWKLK
random_11461,LHHLRNQQWMLIAQLKAFE
random_11462,EDTERHDVRGIPPMIAFTL
random_11463,RPAGKEA
random_11464,SDRGSMC
random_11465,GLILYYL
random_11466,HYWHSDQGTD
random_11467,WAHWDWS
random_11468,NQSNPMQLHKADPDYATHYES
random_11469,AVFYYRIRDYSWHF
random_11470,LFEGYYDTLRLIR
random_11471,VQKCMPKMEDGYE
random_11472,NDYQRTKCQTPEQ
random_11473,LPFEWKNHTMRLI
random_11474,RWFCSSCTYFATM
random_11475,SCLSEAMNMMLRDVPTPVAKGQRWV
random_11476,QSLMMHDGAWPIQWVEVVGGETEDFFE
random_11477,EYHNSFCLQTRERH
random_11478,IMDHIRLMSRQMTRS
random_11479,YRDNRKSIRNPTLDQQGWDCPRR
random_11480,LSNTAMGSLMGLIRHDGNDLQAE
random_11481,IVSATEDHNRELLAPEDMSFWRG
random_11482,TWWLKWDMWQFNKQSLNVFAVM
random_11483,WEGEAGQVLHWEYVVKKFSLVATV
random_11484,EVTYSTESGIHDEYMHIQREAS
random_11485,CNAWVDNLPRIYGMYAEQIQHIHSM
random_11486,ETCTGIPLDMTDQAEDRQT
random_11487,VSISLTIRCMQAMPMSIMILGT
random_11488,NHNQCFVVQAPRKMRMKSPAF
random_11489,RVNCYGHNGPWMENQSTY
random_11490,GACAPGGTTTCSRYEYMSLHGLWFRPD
random_11491,LKKEVGAGYSTLRKMGLDA
random_11492,HLLVECQAWQEDP
random_11493,MMKLIVQ
random_11494,LSPNMMHNPFFEYV
random_11495,LEGECCCE
random_11496,SVFSWPQRNNIQTP
random_11497,RWNLSHASYSTD
random_11498,TQMFIFVCWTVLC
random_11499,HNGYSAKITFVMNGKAVHLHGVLSIV
random_11500,YMSMTMTHTP
random_11501,RLLKIKLLGPALQHPEDHTHWIVA
random_11502,YNGRHELMQPITVCNLMNFRKVMHFHHFKV
random_11503,PGFVLSHGW
random_11504,GESHEEHAN
random_11505,EVRVKEDDPYQ
random_11506,RDWAMVNAS
random_11507,TCYCTNDQV
random_11508,YQYYALVVTLM
random_11509,WHFCGPNWQ
random_11510,SEYMVVITK
random_11511,APGSTQMGVPF
random_11512,KMITLLEEHRRD
random_11513,KFKASKEEPAAF
random_11514,GTKYIRDEHRAMELWDIYWSKMER
random_11515,ILNECENIQKQNYCFMSPKGCWA
random_11516,KLQVCIVALWIQYAPWLREAIN
random_11517,KVLGLNLGSWDGCQPCRI
random_11518,GLYRYWGLKGKPVL
random_11519,HVSTEWHP
random_11520,LHSGQWHHKV
random_11521,RIMQSCGQHH
random_11522,QCWIVMWKGQ
random_11523,FCIPPAALME
random_11524,MCCAPRVQNHGRQPVNWQ
random_11525,HVRAGVQLVWTMRADMWYDLATDTQ
random_11526,QKPSILMYGHQSSPGVMAKMFCIAQ
random_11527,EFLHICQFHNHRQFTSVLIYMDYWT
random_11528,EQRTDGTWELVTSGQCTMSVCMGCR
random_11529,MMWAKGCLSYKDECCLSDRTAWNYV
random_11530,RYQKCVHLRSMVSQYKFNEERWIYC
random_11531,KIHPTQYNWVDTSLGTFELEHTEDK
random_11532,CWDPYNYHLDHEFKNWQTQFIYVRL
random_11533,PQIPNRHLSQTEGMSHGNPDWHDNN
random_11534,DFFKPMPQVRNAIIHHESKNPQELN
random_11535,KINRRRAGIQQCTWEQYRPDPPYRY
random_11536,VGTVWACFDITFLQFAGPMMPVFWF
random_11537,TANFCRHVLEMWEEKMSYRGG
random_11538,RIQMMKSSMFMKWAAAVSSHCRTYAACPQ
random_11539,HFHAQGPQEKTNDEWFSIHFIRQWVMCLK
random_11540,GKRIMVSLRFDQFC
random_11541,TVSTMHKGSNLAND
random_11542,VYDRTDFMCLVQLM
random_11543,CDTMNINFAHNRKT
random_11544,HSTYPTAKHRQPVC
random_11545,ICHGQAKMDNTSYK
random_11546,PTVMWFWEGLHPHRKYDYSHARDFH
random_11547,STHAIMWPRFP
random_11548,WGWVEELMASGFEQ
random_11549,RWKLGREDTDHRHRYCRYHIN
random_11550,ENWVFLHPYLGHCHLWD
random_11551,ARMYIMIATWYDYINRRSGGTSI
random_11552,MVWRMEGNTKVR
random_11553,IPYPYNCNMDLSVLG
random_11554,RRGKVWNQWIWCNQERY
random_11555,VICYRPMYPNVTTSIPSLYDF
random_11556,EFQRIAMVTDELFIQVIHFHS
random_11557,SGTEHTIQTVAARGWTCFNWK
random_11558,FMWDKFEMMSYFHPEWTVHMF
random_11559,WILFDQLLGMFKQIISFCICR
random_11560,NYFVDWRNAKSPTGFAMQFGPVIL
random_11561,PLNENHSTHIHTVWAYLIHHSESWMNR
random_11562,RTETMMREEISVSDDEMRNMKSIRE
random_11563,DIACAHHFYRWFMNLGTCKS
random_11564,NKMYAENFIFRHIFHYDDNS
random_11565,SDQHCLQYANWLVEKPWLKF
random_11566,QAEYYCMEVLKKTCFKVSPW
random_11567,KITFMYLTKAVGAKYSY
random_11568,WPIECWWSMLKWAFMKC
random_11569,DMYHLAAKKNHCMNAFK
random_11570,IFNAEMHLEYTRW
random_11571,HFHTVVDSFAYIG
random_11572,SDMPWEVVKALSN
random_11573,DIIWFMFLFMYNC
random_11574,CNVDVYWFRIHNV
random_11575,IYEAGVIHNLDNS
random_11576,FSKFIQHCLSVMG
random_11577,ICTWWKVVDLGFS
random_11578,NMDVPVMKPYNEF
random_11579,CPVAMWHQMLKE
random_11580,LRWWSFQRMLRL
random_11581,CQIHMQSRRRDG
random_11582,KTEMITVIYCIG
random_11583,LGISRYHWIPQN
random_11584,GMGEDAIDWFLD
random_11585,QHEGEMASQQCY
random_11586,YPRNWPDASHWI
random_11587,QDNPWERCVYDA
random_11588,ICHMFQTNGLPD
random_11589,RETEDPGPSIWV
random_11590,EFWHVRVLVCGN
random_11591,FEVPRERQPHPG
random_11592,HDKQQFKIHYWT
random_11593,AANDLNYWRGSM
random_11594,ISKPRIPDDHRS
random_11595,CINIINKAIPIH
random_11596,AQQSVEWWQKKE
random_11597,PRMNNKCW
random_11598,FDSHTEEH
random_11599,ADMPGHPM
random_11600,GYDYQKHQ
random_11601,MFCEV
random_11602,LDKPY
random_11603,TRYVQ
random_11604,VECDV
random_11605,WYRKHC
random_11606,TKACPM
random_11607,VQVCSN
random_11608,TPTQKD
random_11609,HIHSKM
random_11610,VVMLPGM
random_11611,MLMKKEV
random_11612,EIPPGC
random_11613,QRMQTPNSSPGVIEQSCVI
random_11614,LCRTELCLGNDQQEMSRQA
random_11615,DWDRIHINLLKMVNASGFM
random_11616,NSKGINSYYHVFDFHYECF
random_11617,ESRYVLCGMLNHIYLEHQM
random_11618,WFAWYTSFLTFTVTKYEGV
random_11619,MDCNIRMILDWWCDKAQSM
random_11620,NRELRHDCLPDSDFNQACD
random_11621,GLWGRQPGRGLQRGGPTLP
random_11622,YYKLRCMKFSLCWTTPDKW
random_11623,YGRIVCAYKPAKARTHKYT
random_11624,RFWQYAIMGYQHTSDKILY
random_11625,ANGIKNEDVDKCLPSIKWS
random_11626,AEHGWCPKLQHEDPFEMCE
random_11627,GYRISNSKSHPFHWEYKNW
random_11628,YEDARWDWYGETCNAMHKY
random_11629,QPYATQHETAYWCICLPRV
random_11630,GGTFSYIGQFQGCFGSIKK
random_11631,PAFGQQIQAIQPKEAGRKC
random_11632,PMDEGHTHTEQDPVCKFFP
random_11633,DHAWVYNIFAFIRDDAQHT
random_11634,AQQKFDLDMFCMENIMGAY
random_11635,TIIGRKKDKIRINMFEKQC
random_11636,YNRPAIPHRMWTEYWSKMT
random_11637,WYSAYVTYMFGDDETLNRC
random_11638,ENVQMKYWSGCGHEAIKFR
random_11639,TWMDFQQVIWAIYVCIMNT
random_11640,NYWRENWIMRKETGKCQNE
random_11641,LHTWCRYAERMRPCKEEFE
random_11642,LCVPFDARMKAQVPSFFFKQE
random_11643,WFAYEWMQWGRVSKIMHNNAD
random_11644,LQNMCENWPYIGLRMHWVGWW
random_11645,HKPCTSWTIHLIWEPPQEAGS
random_11646,IMWDAPADCINNSWTHVMRAM
random_11647,CYTMEQPVPNDRNSAFLKS
random_11648,PKLLPTQTALDIGWSQVWKFDNL
random_11649,TDFKDGSPGEDSAITPQYDMNWMGYAEWRF
random_11650,QMIDDDECPGRSGIIQTC
random_11651,VYEWMYYEYIECDC
random_11652,FLYQTAWKIWIHTA
random_11653,LEDMIVPWVTPFNE
random_11654,TYMLCLTTTEL
random_11655,HEQRMFHQVHEV
random_11656,TTRAPITNFRNR
random_11657,HELKTVSSPSYH
random_11658,AHLQVAPSINYHDGKS
random_11659,VMQGCFYETCWHGTR
random_11660,NSKYPQKPMEAMNAF
random_11661,VINQTLQAIFGWWSR
random_11662,HQLDTQIHHGMIIDV
random_11663,YCVGYMPPLMQAPGL
random_11664,LMCAIEYAVRGTTFA
random_11665,CGVLKEFLQMMCTWV
random_11666,WWDTYYTNINLHIYARTNY
random_11667,GCMLEHQNQQQCQLC
random_11668,VSRCSKQKATDSSTSCEPH
random_11669,IYYTPIHEYNPRSHSDTNN
random_11670,SMQHDMDNNTTWPYS
random_11671,YHRQIAGAQYKYTRA
random_11672,LYMAHMFPQQELFEE
random_11673,PHPHEYHDVGHNVNV
random_11674,GNNTWKADWPSANDY
random_11675,TQIPGPDNWDVCV
random_11676,QVGKRLIENCRKFP
random_11677,IHPMMNIPVFRIRL
random_11678,KCESKHHVGRILWESAWI
random_11679,QIWFYLLKMNCRYYHYRPKL
random_11680,WIDLEIGRNKDQVCEQLI
random_11681,NYGRINWVLVTFTTNIDR
random_11682,HLLMAWRFKWCNCTNLIK
random_11683,SNTEDNAHTVQMTMPMMR
random_11684,ARKHPAGMHHRHLG
random_11685,YLFDGDFMHDC
random_11686,EGDPLLQYWFGFSANTVRRAQM
random_11687,DWRHNGPKMDEFF
random_11688,HLYNCDENEIAAG
random_11689,RDRHDPTLADDQWLCQTAAMAPF
random_11690,CIYPDDAYAHWIKCKFYGPYPSATQVTQH
random_11691,REINWPNPSETPWEIIILHDGMAPKSDCCC
random_11692,IYNFKHNKHMAGWAAHA
random_11693,ANLTMECGYYHSNRKQ
random_11694,SQFFEGQGMEDFMMQLE
random_11695,YFQFIMELCPEYTNGVDEPT
random_11696,HPPRAETYFSPYDHGT
random_11697,SETVGNDRWNSGAVQPVNTWGDMFYYFHR
random_11698,EFHPYQMKACKCDVGIAQECVDQ
random_11699,GICAHLHFKHLNFIWPIMTA
random_11700,DDDGVIFVNQHYFNITNGDA
random_11701,STGQCSQMVTGQKMIQVYPYY
random_11702,RIMIWSSLKPDMTPWPNEFHP
random_11703,FQKLWWEWVMRESHFRPANW
random_11704,IQSRGCRWHEERIQ
random_11705,FVYWICDNMHYIRS
random_11706,WLEEERWRLGMMEI
random_11707,MMKTIKADLSRMCA
random_11708,LSSWPQCQMVIHYV
random_11709,TRRKARKETCSFHS
random_11710,STEEVMMHTADTVM
random_11711,CHNPYFQINVVNCK
random_11712,FDRHDCDEYYAAHGGLNFGYEDYWVII
random_11713,NDTNFNGKLAWGCQLYDQ
random_11714,AHPEQFCNGCGHNKCWFFDDE
random_11715,WYGNMTED
random_11716,QFNPRKGKIIKKIGTTY
random_11717,WQAFDRQRQNIDDVNRG
random_11718,ATPMTCGMDLIDWD
random_11719,TYTDMLVFYIMRHE
random_11720,VKDFNDS
random_11721,AVNYNPGTFCTGAEFPAKMDYG
random_11722,TVQESWPQLHFKDDERRSWH
random_11723,PSMTKEMMHELKNIVFMC
random_11724,LEPAQYPSACCFAANSSH
random_11725,HCQSYCSHGHAPVMPW
random_11726,TWIKPADCQYVKNFCYYQ
random_11727,LQLCRLLWDPWTFI
random_11728,LVEVTEIFLFTIEYEGDMCNEF
random_11729,AAFFEALWAKLDDQTTFQ
random_11730,NCRQDTRVSLVPEVTSHN
random_11731,LVVDHHNPFKSYMTVCRAEWVAAYSGF
random_11732,VIYLHAPTSGAMVAMSGCTPCESGDQSSMT
random_11733,NAHNLTQPYPLVYE
random_11734,RKTINYKEMKAVLW
random_11735,VYGNTWLHM
random_11736,FGKNIMVCPEKHAHQT
random_11737,MQNVLARIHNFSVFICSVCEV
random_11738,NWKAEACPLTCWMIRIWQNEA
random_11739,QQVNSWAGEKYWSA
random_11740,ELWMNNRVPDHCKLDIAPIVFSAEF
random_11741,AYIEDMLLWMKPANERKNMEICKHD
random_11742,GSWRDAYEEMKVDKAGPNRDWCIME
random_11743,NVLEMGMCLDWQDVRYELIIHY
random_11744,KCWMYNITKHYKETVGEKWIRI
random_11745,NATAPRGPQYANMTWYWMKTSDAIKE
random_11746,PMHGHHNM
random_11747,AEPDCKFN
random_11748,KTHQFKPQT
random_11749,RFDDNISCRIG
random_11750,FFAEMVKT
random_11751,KQEHRVAG
random_11752,FIYKSCAT
random_11753,FDHYPFKM
random_11754,VCAIQVPA
random_11755,YPIYHDPW
random_11756,MDLVKGNI
random_11757,QWRLNQDH
random_11758,GTAVIFNE
random_11759,FEWPI
random_11760,AYSRTQKAKCVE
random_11761,NVSHISQIAYPFFPGTAFSILNV
random_11762,FFTSRQQLVMVQELGVPVMHTKEDR
random_11763,WVQHITWAFTTLCIPNFEMYLVIG
random_11764,PQSMITMGSKLGNSQVSMDKAWE
random_11765,SAEKLLKCPLGCYLVEAIPFDQILC
random_11766,LLQESDEIKTDGYRFEEHVLEKHSFMMHVA
random_11767,IKYGWIGYNLYCPTYTLQATSQTMAHKVGD
random_11768,KHLYTGWEEEIQFPSEATG
random_11769,ADAVGPNCWNKHLLLSRHKSISYYC
random_11770,FWHCTRDDLRQWNHYPNAQSAKV
random_11771,QFWVWNVQGTACAKMECIQYGCSKM
random_11772,KKLTQEKGYRHKMCDPCKRAFIEIKMGPK
random_11773,DPQQVQMMTVIVFSRHQWHGFWANFN
random_11774,ADFVACQVRIDIGLAWAVKIDCP
random_11775,MGEKRIFDFNGISPM
random_11776,VDCILFYHLNWHQIWFLL
random_11777,VPMTWRMYFQSDQMALGMVGVG
random_11778,FKDGVYGQ
random_11779,IASYYWQY
random_11780,WHRWYIDKKKAIQIL
random_11781,ECQKRVMSLTYNNEWYLWAEDSWKKRLAKH
random_11782,PGNLHYKRSNQKDFG
random_11783,DSPYNRCLLH
random_11784,NNHLWFYFQSKAAAIRCEWE
random_11785,TEEFFKRVGMWAMLQEHRWC
random_11786,LLEGDNCWMIANLKFYIFEG
random_11787,EHLYGIDDHDVRCY
random_11788,STLWPFQGGGLKQAYYHHMQFHQK
random_11789,IYYEDRRKQHYAAKTKMGAYFAKDN
random_11790,PFWVALAIIDKYNPQDAGPP
random_11791,YGKCIFHQGVQDQHWHIPVLWCSD
random_11792,EFMRLFYKYNEQWDALENVCDTP
random_11793,ANEQVKAHQHPEHDYPMFRCKCLH
random_11794,HMETGETQEVIYSSQKPNCTAVN
random_11795,PLRQKGTIHHRQIYGL
random_11796,ISWWVCGLSEKWC
random_11797,WHKQDPAIADQDISMGTSV
random_11798,DSKSTWALN
random_11799,FWYSCNDFCSCYQFHGKQFR
random_11800,YGFNCIAITCDETKYDNEI
random_11801,NKGHCFDGNYTQGS
random_11802,CGARHI
random_11803,WTKGRVADPTFLML
random_11804,TMGPKIDEYNVGKT
random_11805,YSFETCETKWKMLE
random_11806,LFDSMAMFGWGSHQDGHAAR
random_11807,VRSEDTDHKAHWKYAL
random_11808,VKFIQNRILKMVDGGP
random_11809,YFKQLDTKNSFAHTQT
random_11810,QYHQGPDLTRIALPSY
random_11811,NSFKYALTWCMCMMKN
random_11812,EQVWPHTMICGNFRKC
random_11813,LTRMRHEPCWAGGEIR
random_11814,VQSLQWQKVKLAYVVMDGHYLNLANFA
random_11815,KFKLYCVFPRHKLRYFQWHNYHPCQQMV
random_11816,FCYRLKFIIQQLMPECHWC
random_11817,QKFCVTLEHKYFWWWEGWVINPFDGQDS
random_11818,MMWYHLVWFYIVN
random_11819,VEDPEQFVV
random_11820,TKYNQKYGVIKFEGDTCKKVFND
random_11821,NDEVCMKKNECFKHTDDH
random_11822,CNLPICDDMRKNREQRMRMTWMW
random_11823,ETARVIVRQPSRSGIRQYWWPR
random_11824,FQWSKDPAFQTLNVT
random_11825,KGILNSFCVIIDQEYM
random_11826,QHPLPWFDMISR
random_11827,WGHEHPHNFFWIEHNCT
random_11828,LPSMNSMYGEEGH
random_11829,PHVLKLTGQCPDI
random_11830,LNTLWSQEAWGNE
random_11831,TKAIFFSMVPSPV
random_11832,QKSECCWDGNRQN
random_11833,AESYGKRIPFTDE
random_11834,YHMINIWWKVCPR
random_11835,HMYVCHMIENRLL
random_11836,EAACPDPIYKYEP
random_11837,HIQYANFSLLRGS
random_11838,DRCSNYMDYVTKR
random_11839,YAFMFQFQKYDFD
random_11840,KQWVPPATNQGET
random_11841,KECYQQRLQKRQA
random_11842,QQAVLIWMVAQVN
random_11843,FMMANGQVSMNYY
random_11844,KWNVDMAIKGSAN
random_11845,YHWTGEVIMYTQH
random_11846,PQVSRNFSANLVR
random_11847,GFWLDSNIIRPCNVENAHWHRWQLRET
random_11848,ACARFELMCDFSRCSNPLIRFDLPQRPKH
random_11849,ACDSPLEETFIQTYYRWMASDIMDKFCHS
random_11850,MVFYTRYLNTWNC
random_11851,RDNVHCAIGKGPW
random_11852,RVYDTSSWAFWLI
random_11853,SKLFLHMLTRICF
random_11854,QFEVCVHGHILMV
random_11855,LSAAPGWKFAVWFEM
random_11856,LVRTSYRDVMNMNINQCSNNNI
random_11857,WYNHILTREG
random_11858,TSYNTTNQQLACHQWVRACTCHP
random_11859,YCSFRIVYYIWFY
random_11860,NDKVGCQVDFWQKHPHYW
random_11861,NRFDEVQPIKVLYIEEVRY
random_11862,HFDIPRFIIENYGKQCNLCGDEKI
random_11863,FKTTYLEPDDHRLAR
random_11864,KEWEGECCKGWMYWQHCWSLQYHR
random_11865,YMQDASFPHFQWE
random_11866,GNKPPPTDPADDR
random_11867,IYGTKNDMVRNPG
random_11868,FRHTEAHGVDKTSEMEY
random_11869,DIHFYFLEKLLYAHFPSAG
random_11870,DWEMCSSIDWGETSSDYHRWCHCCWKDQ
random_11871,LVFKIPVSCMKYHGQSACLSYDDPQTCHT
random_11872,NQHWLRGVYSHSLFSTQQECY
random_11873,PIPMGKPLIKFIPATMSGI
random_11874,LFMFYCWRIIPNK
random_11875,SGKTNDWLHYNTNKGSRQRG
random_11876,PKWIFEVPQRDFTI
random_11877,HYLYNWRQNIAEYM
random_11878,RCIHQRLIELPFHEAP
random_11879,ATMFPFFVNAYDGIWE
random_11880,PFYLKYIFHDQANTGM
random_11881,GFGHGGGIWAIILGSV
random_11882,APKILYFCTMKESAKM
random_11883,DLGESRMKQGNSWHIW
random_11884,LTEHLTVQQCRMPDLP
random_11885,KAITSNPGKWRHACEM
random_11886,SGRVRSYQIFWGQIGY
random_11887,STYERQEMDKWGEMAP
random_11888,GVYCVVTCQKYWRNEH
random_11889,VHYYGHFMVHYAWCQW
random_11890,LWAQRAVDWAMVDKHN
random_11891,SGFEAIGELIQKCWRIYNGKD
random_11892,RMARAKREADKANIN
random_11893,MGYTWAPWEGEYMCC
random_11894,DEDDCSHHKCSAYSW
random_11895,ASVWYMKIDPRDPIF
random_11896,CAPLNMRQQRQQVY
random_11897,STIDCINPKQILTMW
random_11898,AIVFHRFMELWCMYY
random_11899,KRWVPHKQTMATGVI
random_11900,LAGGYKWRIRCMYAH
random_11901,ITESCKPCSCMPMVF
random_11902,RNVVPSAHLSTPYPE
random_11903,MQPWGDEFAFAFEQR
random_11904,VELSEGFSEYCK
random_11905,SGEQQGCPF
random_11906,RFMMRQNEGEHG
random_11907,GSDANAEIP
random_11908,KFSGNMRINPMDENCS
random_11909,HQKIYKRPFTKGVVFD
random_11910,TIHKITPRCMRDNNVE
random_11911,LMTISLCILQVDDIHE
random_11912,VNASQPGFLAWFIFGE
random_11913,VNQLEEIHLMTQWNVS
random_11914,MTWLEVVQRNMGNPMY
random_11915,VSAHRMESHCLVLWE
random_11916,ELDAMDQPTLWIEQI
random_11917,VHAGEKKRRCWKDTE
random_11918,YATCIPFSCWHYEDE
random_11919,SNQVPRPNGTASVTV
random_11920,IAHTDPQHTRTHRTD
random_11921,PMGASKLDQLDVAAL
random_11922,FVSDQGYLCKQINPV
random_11923,LDWILPWVQQVTTHD
random_11924,RVLFYPKVEILQFWG
random_11925,YEIFNIHCKFNVEKQ
random_11926,KMECRQANMSDCQHY
random_11927,HPRMNAQLDVDFMFHPPIRECDGPIIY
random_11928,LQSCNMTNKMWRQDC
random_11929,IFEFRHIPWQR
random_11930,MFWTMHTEPVM
random_11931,QHMYLCCISCLVV
random_11932,IFKWVDFAMEQHM
random_11933,QEFFAMYLRMEDY
random_11934,ISFCRHQFPNFHS
random_11935,PNSMERG
random_11936,AVRGFQECRLHFCCPMRQWATYI
random_11937,WWHHPQCSYYMIQDDKSH
random_11938,PWTIRIEQMSHM
random_11939,HEQGSALQIDIR
random_11940,FRQMPQNMKWIT
random_11941,LWIWSNFNHLNS
random_11942,DTDDVFRCRALQ
random_11943,NFAVHQARCQGV
random_11944,YDMGMYGFDQWC
random_11945,PGGAGYNDVEPG
random_11946,VKLCKMVMAMDT
random_11947,CATLRWIKIAVHPINR
random_11948,VHVFLNYKCYGGCCEV
random_11949,TWESGYWHDAWIFA
random_11950,NWFNIESVLSMKIEYL
random_11951,IQAVNTMCVVQEIL
random_11952,FQPHRSLPDGNCMC
random_11953,FKKMPCAKCAYYNQDRNNNVCWVWA
random_11954,QSYHTLRRVHQYFAACWPAPG
random_11955,KPVKFSGWRPWLIDYWDKRNT
random_11956,KLLAEKVEMVRVPVDDYYPRG
random_11957,LICNEKRYQENEEDKLCRLTE
random_11958,GFCCGPVAHQVYFWFIDTSME
random_11959,TDIIGIHPYDHRYTPQDNHHA
random_11960,DKNCQCETNSTYTWTWWCFNI
random_11961,FNFPTSMYMAGNREIHPIHQRSRLDF
random_11962,WGWDWVIVEWKDGMKFANQKQVNNP
random_11963,NDMWINQVWWMPMPNAK
random_11964,RPGWNMEDNIGRTCMPKMNLC
random_11965,LGDFFRRMKDAFID
random_11966,MRDNAYVKTYRVRPHHFSMFSVSVAHV
random_11967,IRMKYICEGDSVINTWETSWDFEPPN
random_11968,VTPHVLGVSAISRFDYDQLYETPER
random_11969,NASSGCKVFFLAWWPLYMCDAGRY
random_11970,RAPSGKWQIGITHPPDILNYMEV
random_11971,YGGDDLNENSEVVWRFKDVGDS
random_11972,NTELNHKRNSTWGRRAHYQSH
random_11973,VQIARQILSEQMYTDHDINY
random_11974,WWDHQHANKDRCNIDEQCRI
random_11975,EMHEVQCPHHNHECQSDWYRDHFVKRIAVC
random_11976,VCCFGFFQNRYRLS
random_11977,QYDHRFDKACKHQD
random_11978,DHMNCVMMAKVY
random_11979,ENMRRCIMPFTI
random_11980,YELHSMWDRKPT
random_11981,QQREHTECSAQYDDWMREPEP
random_11982,FIETHGRSLTSHPWLSLFDPH
random_11983,MWGWCEKCHVIFRTRAIAPRA
random_11984,RASGNSIFQKVTEDHAADLGG
random_11985,LDTKCGALGQYNACDHGPDSE
random_11986,CSINIFLAHHPDMQLNQSVAC
random_11987,CGAWEHHCTMAKNHRCFHDSC
random_11988,FKMPADE
random_11989,WYTCLNQYDNNIVHMNMMVYQ
random_11990,PNCSDHQ
random_11991,MAPQDQD
random_11992,QQEMWIKMFRGKEPYIINIYM
random_11993,GWYVQTGGQSS
random_11994,SYDLDIPTQFL
random_11995,FLVTFDRPGQM
random_11996,PFGVTIHSYMFNCPGSEHDLI
random_11997,FPWCSTSDYFGDAWPKMVIAC
random_11998,PNPWEIPRHFRSVKPVTLQRC
random_11999,KDMRVHAGYVYCIMDDKHEWQ
random_12000,VRRFEVSNF
random_12001,QTDIGEWMFMQ
random_12002,AWHNYTHYWFVM
random_12003,WSWEFHGNNIDDF
random_12004,MWTTGNQSFLGVM
random_12005,AVYKPPFWWNIECFC
random_12006,LHWTGTNITCRMGKS
random_12007,PIAEKRYQMKPHMIAD
random_12008,TDEAMTMHVDMINTENKMWH
random_12009,EAWYYQFVWPMIITCACFFEQD
random_12010,TVCCTIVNYLTSKLLKEPTVLAPK
random_12011,LWNYWAQNMTIPFWFKQPLQQVMLQM
random_12012,WCVFKMICVDEHFHWTANLRA
random_12013,GCSNEFFVMRMCFYTGHWC
random_12014,AHQIYKNDSFPMFNHLT
random_12015,GYHNQKIALWPVCMPMS
random_12016,EVCKYPMFDINAPLNNT
random_12017,SDWKCQPMQMGSAMEMM
random_12018,DARVPKTAN
random_12019,KSVWTWIPK
random_12020,RRPEEARII
random_12021,ETWGDKVRN
random_12022,VDHVGIIED
random_12023,YQHHENDQPLSEIGCWKPEDP
random_12024,CFATHGW
random_12025,QNKWMVYNGWVWRCKLGWCWMYQGK
random_12026,MLTAAVMGQQKRQKIVKTVFFW
random_12027,LSHLMNMAVTWLHLAEQR
random_12028,HTAPMQASRLSWTTITLE
random_12029,DGKSTNCSSFFPVSCH
random_12030,SNFTMNMMQNAEESSR
random_12031,HWHNMYSTNPYTTPWSGECWV
random_12032,QEQKPLQKNFWAVINSIQGIY
random_12033,WWTGLGLFWHGEHDPSNYCYYT
random_12034,DCVIKPSLAWRTAHMLKR
random_12035,QFWNVRFSVTNYACESSDM
random_12036,NMKGNIENDKLI
random_12037,DQMQRNGDSQMAL
random_12038,GFQGHDHMISVMYE
random_12039,MKLNMAVALFFTNIIDKDELA
random_12040,HVNVLFNKVS
random_12041,VINNWIS
random_12042,PYHFTMMMKDMG
random_12043,TLGMHHEVLRPS
random_12044,LHCSDGMNHGQD
random_12045,WVPVCSMDVAIY
random_12046,RMPWQQVYSYCY
random_12047,GVCYKQHVVDNT
random_12048,DSMFWPRSDYPWRFY
random_12049,RANMFDYDACEFVQDTRTIFPD
random_12050,AFHYRDLSN
random_12051,SMFRWEEKSN
random_12052,ASKFQQFFI
random_12053,LEHRQIRD
random_12054,DFLAYLKW
random_12055,ERMIYYSEEDSFP
random_12056,LPQRVVPEIITIS
random_12057,PVGHYAEMKCIKE
random_12058,QNTDYYWMDATHK
random_12059,LEPVNENCQDTQVGD
random_12060,FMILASERKCCRM
random_12061,MTGPLGTQGHIYC
random_12062,IQIDIELQQFNIG
random_12063,GMEDVIKTCTPFF
random_12064,HGCMQMYKHWEMT
random_12065,CAGGPVHGLMFCK
random_12066,MAGSTQRGKMFCL
random_12067,GYADYTNLVQPKQ
random_12068,ATQFTYASPSCVD
random_12069,REKHDHGLHTYWE
random_12070,CRHVAYENYGPQP
random_12071,QHAVIAQDEDSVF
random_12072,IYIQEFVDKHDLT
random_12073,DGVDAEYFISYDK
random_12074,SKIKKYHGWYTNI
random_12075,RYMTNKYCYPRYY
random_12076,TVCLVREIDCEIL
random_12077,WKWSWQCLIPTGG
random_12078,DLEKCISAMTMTT
random_12079,LKLKQVYSQLRKK
random_12080,SLDMNIMLPSGKN
random_12081,MMWNNGASCAVDY
random_12082,FHHHHAYLDEVVI
random_12083,DCYRLEL
random_12084,FTSNTGNPGQTHSQ
random_12085,QNPGQWPKNGRLGISSSCLKP
random_12086,ARGNYKRTGPAVAEWMVYWCLVP
random_12087,VTPAEHPRGGAHDHQCISQ
random_12088,FTGDILCAWQRYTVTWGLG
random_12089,CSHEEAG
random_12090,FWLVYCEPMGWRKP
random_12091,PHHLQLHYEAIDEIIMGVF
random_12092,DFLTGKVTFCVWMK
random_12093,FFEHLTAFCMGQLE
random_12094,HPAMNMYFNHMCCP
random_12095,LHCFQRLSKVPKRV
random_12096,TGIECCVPHIGDQN
random_12097,HLDEAAYDQEAFLQ
random_12098,HEQTHEAGEFTAYS
random_12099,DQFCQTDRANCKGQ
random_12100,KKIMIVNRMTSVET
random_12101,FTDPKVEKCIMIKS
random_12102,GEIWHPCNRTDEQS
random_12103,FAQVPYCMQWKQWD
random_12104,SRTSVYQWRMRYRA
random_12105,VCMPFGCMIRNFAY
random_12106,WHSRKTDYIWCCHKQLVPIINIRHVR
random_12107,AVNKQEYYINKDRRQDCQWLVYNHQL
random_12108,AHFSFDGEDTNSFDT
random_12109,TFSVQNDFMEWCK
random_12110,NGVHDHTGMCGDPKM
random_12111,NPDQPCMYIIGLGEH
random_12112,SFARPMWHGSME
random_12113,RDDPPAVLTDWYE
random_12114,TCLVGDDDYACMQA
random_12115,PESHITYVVCLHKFI
random_12116,KACFYQYTSKFEQ
random_12117,GKNHTAKKKTIILPP
random_12118,KSHGAKVLQTCCEAP
random_12119,FLDNINWWVRTYWW
random_12120,MKESESHIHLREH
random_12121,EYGSDYFEHEAH
random_12122,LNTDQHVGRIYQQ
random_12123,RNELAAPTEFQS
random_12124,RGHDFMPLLMGSCN
random_12125,LWMFLRQARGIPH
random_12126,TIWNLKIYQSG
random_12127,WARIVIFIRYARM
random_12128,CPFSMAVWQMM
random_12129,IKLQATKPMIAKG
random_12130,WFVCICTHMLVFCD
random_12131,EEFPHITEWICCYI
random_12132,QFFHKAPECDVG
random_12133,GHKGLPLELRDI
random_12134,KSNFELCAGTRK
random_12135,THARWLFEPLST
random_12136,NYWMWE
random_12137,DWDDSNCAH
random_12138,NAMPCNPPNFVP
random_12139,RTKYIPNWFEMPPHQ
random_12140,DLQIWTENFRWCAFMIHK
random_12141,ELVWLMQKVTDE
random_12142,WENFMPMVVWPRDKH
random_12143,QCAFHQIFNLTIYQPNDH
random_12144,VCCEWNSYCEWA
random_12145,WGYNPWKTKFVEDGK
random_12146,KNPFQLFFCFSCFAHEGF
random_12147,QEDFNFNITDQQ
random_12148,TKQFKATLWENWSKC
random_12149,DKYTDFWIPRLEGQGCYS
random_12150,WECYGTRQ
random_12151,GDSNMNTHDV
random_12152,GDNLMAEWDCGR
random_12153,VHLQTTVYK
random_12154,VWRNRASAGN
random_12155,FIDKMIIVFHRF
random_12156,LGMPYVKFQGMK
random_12157,AFHETEPQGAQFWCNKDRTMI
random_12158,HGEMMGVIDTSLRLYCRFTHD
random_12159,EENTNMIAMWADESFWWGLGN
random_12160,PAASFNRGFKADGYPQTGDT
random_12161,LAICYPNDWEVWPHHNRHKF
random_12162,ELGVWYYMQISIVINWTALF
random_12163,YQHACRKMINDAVYHYATDF
random_12164,GPFYIWIATFAKVDVEMWDM
random_12165,SGYWFCNCQYLGHHPVWRYD
random_12166,FMVGSVNFQTDPDYYNAAAE
random_12167,YRGSPDMQRCWVLLDGCFDF
random_12168,MHDCINTSQNVRPLMEEKFT
random_12169,MCHDYIGMAYYNPGCVGSNC
random_12170,FIEKPYVCTEYVKKFNRLDY
random_12171,MWICATDHGARDWVSASTRT
random_12172,RQFMMLCMVNFLFTWNCGDM
random_12173,QEHSTEHRALCDWNIPRPCP
random_12174,KFKDIWMYDISQTKRYIPAS
random_12175,VQQQNISQNVSPPLCMIIVY
random_12176,SGYGPWHLFQDRIFHLSLYI
random_12177,GAINAPMMWRADMLSPPVNDGELT
random_12178,KLDYVESKCMKCCYGSYAVRSNRR
random_12179,DIIQKVQNFGCANKGMAVTG
random_12180,YVILYVTCDHTWHCHATQKV
random_12181,SWFERMACIQRIIQRKC
random_12182,AHPSVGKTHVMR
random_12183,HASCLLESPESE
random_12184,FTSHRQFCLKD
random_12185,FKYAMWFLQ
random_12186,RQRCDQYDV
random_12187,QESKAGFD
random_12188,RHVFEGFQP
random_12189,LDANLPWHH
random_12190,ATHENTCECMEQVIFIS
random_12191,MAEWSVTLPPHHPDKGS
random_12192,GYEDDVASGEHCPSIPW
random_12193,VWMNSSWSNDKLAITMG
random_12194,NCKRWNYHNSGEECRFA
random_12195,TYSYEFKPAGDMIMFPL
random_12196,GPKIHHDRLTNPDDHKV
random_12197,CFVDEYCVTMAQEAQVI
random_12198,MKYFMCAVVHQARYYEE
random_12199,VKRDENGGRNISLTWAN
random_12200,PGCATMPVNSCACLIKA
random_12201,PFVINIVNYAQCDDTAI
random_12202,NFCGKHIINDPGVWDNK
random_12203,DSEVYLEWMMDKQQPKW
random_12204,RHLPRFCHIYFEEDQKP
random_12205,QMFWYLIALVYGLINFS
random_12206,SQKSALTAVLSRK
random_12207,SVHYYGTWSNGPD
random_12208,CKCSKMHNYEQAN
random_12209,HVVAD
random_12210,KFPDR
random_12211,SVIIN
random_12212,AVYPPTYTNLNEPSCKRQQRC
random_12213,RATGRMQFFYTRGIEFYDSGE
random_12214,HHVFYFA
random_12215,QMWFFYD
random_12216,WFSFGMH
random_12217,TWDFGPI
random_12218,YGFLELC
random_12219,HQELPDV
random_12220,HPWWDPR
random_12221,AMTHHEC
random_12222,NMTQQKY
random_12223,RVAIMQI
random_12224,RTGCIMETI
random_12225,VKKKTKRDG
random_12226,IKHQTVLAE
random_12227,KLRCRWSTP
random_12228,YAACDKTRC
random_12229,NDDMNYNNM
random_12230,TDHQHHPWG
random_12231,AETGFALPDRLDAGFGRVTVLHFVLLT
random_12232,RQKESHADH
random_12233,QSWYWALQT
random_12234,FFYPAIRL
random_12235,SLHMHEDAWPD
random_12236,NEFMMHSSKLKTQIY
random_12237,NCHPMNNQHFLYASTFHQA
random_12238,VEGGDANPWDFFPFCMQ
random_12239,CIGADCHWCPFSHQLDI
random_12240,QHTTPKMLLFKTTSVHY
random_12241,HHNYGK
random_12242,DTMYDVRAG
random_12243,NRYLVRCQP
random_12244,EQHLTIFPS
random_12245,WYTNVLWNW
random_12246,EYYLVMESA
random_12247,CNGGKRPFK
random_12248,SLDFGKCPP
random_12249,NHTFFVDRHKWDYNIMFRLPE
random_12250,VYVHNHA
random_12251,TIRAWPW
random_12252,GMVYHFI
random_12253,EHRNDTD
random_12254,VFHQEGKW
random_12255,WDGQMRI
random_12256,YGLIFCA
random_12257,REWIHPSC
random_12258,PAAIWQL
random_12259,AIVIKHRT
random_12260,YHFYL
random_12261,QVQWQETVM
random_12262,MAPNFSPKR
random_12263,ETIYRSSLR
random_12264,LKWTFDISYIAQYITWYPQ
random_12265,SMNSGRAQGYM
random_12266,FNHMLNNF
random_12267,WHSDEFHPLRNDCESQFHC
random_12268,YPLHHLSP
random_12269,PLWNLNGTKALNPDAPWIS
random_12270,GVGNRPIDKRH
random_12271,CMAPTLDM
random_12272,RCIETDGMINCTMQPFMDG
random_12273,IWKILYHLRPPQNSR
random_12274,HEWCCHFWQ
random_12275,ACQDFFTWK
random_12276,YRLVWLLGN
random_12277,GAKDHWGIK
random_12278,SPPANGHHG
random_12279,WYEQSIPVW
random_12280,TGNNIIGE
random_12281,PCCMMWT
random_12282,YPAMPG
random_12283,FALEC
random_12284,EEYRMYQEIRYTFWT
random_12285,QWSKFRYLDNFARHK
random_12286,INNNPDWIPHNPPAV
random_12287,GCNDNIAGNADWAC
random_12288,CAKTYHDLVHVVF
random_12289,YANDIYFLGCIYG
random_12290,CQQYYAGSFC
random_12291,IFCGDDTKPQ
random_12292,PKLDSDEKNN
random_12293,VFLWANYQTNG
random_12294,ICSVDADYCEMVGKL
random_12295,SSFRHHPCLE
random_12296,YLGALGTPVF
random_12297,KFRGDPCVAW
random_12298,LALWGETGPV
random_12299,YLLPCSGMAM
random_12300,ARADMWANVR
random_12301,WAQGMHKAWG
random_12302,YAFCPQWIEM
random_12303,GIWNLIEDR
random_12304,RMSQHHSCS
random_12305,IEMEKKEVC
random_12306,SYMEARIHY
random_12307,EARSDTRPV
random_12308,WWQNLICYG
random_12309,EKLAKGLPA
random_12310,RHGCLSHAP
random_12311,MATYTPVMPEFDMFMHASRYENRISQSVVF
random_12312,VFWKSRRSLTRYDVYDKKPQQC
random_12313,MCMSMLFILYPNEHVICPRW
random_12314,MFGWTLKARQDF
random_12315,DSYYTGRLRIE
random_12316,IDLYWGK
random_12317,GEMAMWAL
random_12318,KTAQMVTWTIYGIFMIFSMHFRIP
random_12319,VHLTDEIPPFADKVTDWRINW
random_12320,ALTIWGQWYSYCKDQDDDCWNL
random_12321,TQIAIFPDHPYVHFADITCM
random_12322,NDNTNAWWERMFQMPNCVPNFRIP
random_12323,MFFIEDCMYLYD
random_12324,VGSCYHFGSIKFFE
random_12325,MMWWQVHCRKNHHIM
random_12326,CTEYKHGHLHCPK
random_12327,QSSNIYYVGCTTMIDRFW
random_12328,WMSVHWCEVNMYAHHFMHNVGNEIN
random_12329,VRMILDMRWTCTYKFAPSLYMIS
random_12330,VDSVCLNKGWAVSQWGTRDPIYK
random_12331,PTGGGQTCPMVCGAEMDQPNLC
random_12332,HNLVKHCDEEFL
random_12333,ERFPHWLCTRTR
random_12334,MQSKTAWFCCIV
random_12335,GNNIGHQLLPWL
random_12336,KDCHACLCYGNM
random_12337,VEMGSNQGYTKW
random_12338,SLPKGHYPDQDS
random_12339,EPNPMNFEPH
random_12340,FHTHMRSTNS
random_12341,HQAHGTYTTTI
random_12342,KEPGIPDHPFN
random_12343,YFRMGTACMVM
random_12344,MGGERMYWAEE
random_12345,IIYRIRIVHSE
random_12346,CKRAATEYTV
random_12347,TSWEYDSVNPN
random_12348,EFHCLKPELRS
random_12349,FEHIKPEQWM
random_12350,AYPQYMDKLQ
random_12351,MAAICFLYTF
random_12352,IGVARMFYQV
random_12353,VHASKGLCQT
random_12354,GMMDGN
random_12355,FEPQYTR
random_12356,PMSTCY
random_12357,YRWTWPQY
random_12358,INLVIRNGWMWW
random_12359,KPHVKESGFCA
random_12360,EWGNTQRMYCN
random_12361,CFMLCDFAKVM
random_12362,STLKRPMSFGW
random_12363,CVLLKHIQLEC
random_12364,AGEEQNSAGEQ
random_12365,GRVSLLRIQP
random_12366,KERTTIKIDS
random_12367,QWCALMTNKY
random_12368,GQVCQDTWCRKHTEPFALNEELGLFEIAGD
random_12369,MLYLGAAKVV
random_12370,RTTEAFFPPI
random_12371,SDTVDPPVYE
random_12372,EQFIMHCWYD
random_12373,CRCNKVQVHM
random_12374,IMFNFPFKN
random_12375,NCNNIAEQSI
random_12376,NMFQLKTLGW
random_12377,RAWYESDI
random_12378,LGFYNITKL
random_12379,CIMCVRPFLH
random_12380,WTILHATHVL
random_12381,TYMSSHHFWA
random_12382,WTPDNRSSQ
random_12383,RINEMFDQM
random_12384,SCVFSIYLTY
random_12385,MENKWVQGSLGWCI
random_12386,VFYWMWPEWSKVLS
random_12387,HFVNGQRVRDNMMD
random_12388,FWPEHLATGPKHHR
random_12389,ICYMVYRTFEGCNCVV
random_12390,CQWPMSWRLKRPRFSVKDT
random_12391,WYCTKPDVHKKICEWGD
random_12392,TNVHDMLEYCACGRFDWKVH
random_12393,WDWYEVQWCNPIFEYADYH
random_12394,TYFYPKEIWPLSYCIDFEFDIDFCRD
random_12395,VLPLWFSKPPMYYSSEMNYCKMINQNLCD
random_12396,NPKEGHHAYDSRMI
random_12397,IIPPYATDPQWLLHQMLFT
random_12398,CDAPCCYRATVAWFEDR
random_12399,VCCNWNDGL
random_12400,PFLTWKIPC
random_12401,WLFHSHLG
random_12402,GGYNHNPTVN
random_12403,WSSTASISIQ
random_12404,RAWFQGRVMFLYFNPMIRNQYY
random_12405,HQAYWAHRCHACC
random_12406,TTFGPTQLGLVFL
random_12407,FSHLRAFSQTAMA
random_12408,SVIYQHMNANPIH
random_12409,YNRTAIKTPSPPH
random_12410,CMLEVLMPYFGHI
random_12411,NVEWDQQWIKEIDQWIVMISP
random_12412,FDVHVTGRFR
random_12413,IEGKKGWSL
random_12414,IVYENNQFY
random_12415,NAYAFWMHA
random_12416,QGMQMMCHV
random_12417,ACRAHISIR
random_12418,WDYERNVGH
random_12419,LDIGIDYNI
random_12420,LRNRERGFT
random_12421,SLVIWP
random_12422,TDDSDYLRS
random_12423,NIAMWWSNQ
random_12424,QCSCCRLHE
random_12425,PMLISHIKQ
random_12426,CFAEPMLDSCGIMT
random_12427,FPYMEQHHRSVLLP
random_12428,YPVRDTIANDDQGRIGITT
random_12429,GELGFYPDWRMIQASFHQE
random_12430,YHPAYETWGGEITRLFDEF
random_12431,QFTQYAHHCRFFPHYNK
random_12432,HPWWVPDRVQCCIFHEYMQG
random_12433,DEYKMKTRFASHAYNNVQDL
random_12434,SKGVVTKSNER
random_12435,FVQHIMKYIIHNTGV
random_12436,SSNHGHVESMLPFCD
random_12437,CSTYMNCAILMRPWT
random_12438,SLCRVCMMPA
random_12439,YCADAYKRVPRAIQEEYQANK
random_12440,RYETGFFRQIWMMQIFEDALTWTPEW
random_12441,YYNDIIIVLVWWICCKKERMTFPDCQ
random_12442,LATQGLLFAKR
random_12443,QSRMGFHW
random_12444,LNVPLNGYNVRHFSDRWVYGTEDQCT
random_12445,GISVMFSNTIWE
random_12446,LCAFSMKDDWQLKWR
random_12447,ASICMNKDIEGWDKNDATY
random_12448,PSLHVCSYYFHNNTKVNSDEVIEGKVQNE
random_12449,EASKHTEWSICFTAVFKS
random_12450,HGECRCWYIFGHNMQ
random_12451,NEGQLRISRGGMVT
random_12452,SNNLINAGHCMPKQNWQYTPQQV
random_12453,PIERCQMCMTNIYMYPKSTAMVQYA
random_12454,CMHLECMAIQWFMEQYRMN
random_12455,WHGDQGN
random_12456,YTIRQQEVNFLKAQAAGHDK
random_12457,NVMRWEYW
random_12458,HDVWQGEEACVEHGDMTANQHIWME
random_12459,YGLSVRRYW
random_12460,NRPMLLLYWS
random_12461,KGSPKVLAEK
random_12462,KRVCTTPKFY
random_12463,NFTGMFITQS
random_12464,QTPFAGHFGM
random_12465,HLRYEIEVYI
random_12466,PSHANRCIFS
random_12467,TPYACM
random_12468,TMADSRDCKEDIHHA
random_12469,VRKHWINPIMTWMRI
random_12470,IPYQGYRRNPTKEMV
random_12471,YEGMHNARWVAAQAK
random_12472,YMVWSIIWFCSAVKM
random_12473,LPHHIEFKASCLNNM
random_12474,RAFSHCIFLPCVADN
random_12475,MAEQDTPAVRLHECF
random_12476,TWIIMMMLWCQDKWI
random_12477,ATYDYFKYSFGIKAN
random_12478,CMFFVLVRPQWYVGR
random_12479,GKRPTFNTHNSIAVE
random_12480,SWWIKVYWEVEVNFE
random_12481,YWKMPKEWHGKKFLR
random_12482,RITEYAILKGFPTLV
random_12483,LPYHFKRLPKMLLYR
random_12484,ANRFHIFEYQSDENR
random_12485,RMASTFKLDHFCTMC
random_12486,YKTHIKSYPGSRHCA
random_12487,NYAQWIWKCHEGPKN
random_12488,SLSSTPFVVCWEAKA
random_12489,NEFQIHGYPFRSDQV
random_12490,PYTQCQQHGGHVPFM
random_12491,AQTKAVIAEQMMCKY
random_12492,KLDVNQCECYDYDQP
random_12493,NGDHLQFGDWHKKDF
random_12494,WIYLYYEYNYHHMHM
random_12495,KQAKNGSWHQAHGRF
random_12496,WTFVLRRPHRIWPFT
random_12497,DCCAIPRHIWEH
random_12498,YVFEMNQTYR
random_12499,VFMMSYSGAPHIPHCLTGC
random_12500,WAGGVARQGGDHW
random_12501,NHCLTHGRRDKKLK
random_12502,GNDGYIGKMMKNYW
random_12503,EQILTGSQPNTCRQCWVEDNNIREYQPTPC
random_12504,SINGGPCLFECHSGRMIDAWEIVDW
random_12505,VYDRYYMNYATWAYEKNIAKRKTLMLIVW
random_12506,NWSDQMYFEQNIDFDPHCWSACNCWPPLNY
random_12507,FMPSDQDCIRLDIHTYATPYFKVK
random_12508,LHNVKCWHMRMEGIHRDDLHYIQMGEWAWY
random_12509,FPTPVICLHVLRCTCSGETNRQ
random_12510,GILSYFELWTEYYIMVSWYIDKMNFVH
random_12511,NHIEYKMAPVNVMGGD
random_12512,IVSEPCGQMESKMWLSSEPPWG
random_12513,VHKAEEMYKSRNSGRFCCPLK
random_12514,FYWWVNRYGHYWLGTKIMGEQMFF
random_12515,VQWFNCVTPSGDNKRWIMR
random_12516,SMDQAMDDPGDMEEYQYRK
random_12517,WLSPGFAGHGPVSLVPRKQ
random_12518,TLEMAEECYSGITFVARMCDPNAN
random_12519,GKKGPGDEYSTLNIPKS
random_12520,AFVQRVAQMLFHHVPVTCYTSIFAINFFIL
random_12521,PLIISDW
random_12522,NVNGLFCMETFMEF
random_12523,QEHPMWGWVYEEGRTVIHLRTHYKGC
random_12524,KSSHTVYQYQIQC
random_12525,PQMTVRPFTKFNYGPWWDRQTA
random_12526,PYDWINAL
random_12527,GLALGNLQIWNEINRGGEAPWDDWD
random_12528,LLTWYVKIG
random_12529,IKTHKYQTTNG
random_12530,MACEDMFHNLDLWTT
random_12531,VYLERTKPW
random_12532,MWFNYLEKLGIRTKVETDTGDH
random_12533,DQNETAQQYGTSFGNCVC
random_12534,LTCDHAWPKEILADKKLAA
random_12535,VYEPAYYPVWDDECV
random_12536,RISSCCGTNWCPDKA
random_12537,FNQNNEFVPVMKFHE
random_12538,VGIFIMMFTDAECGM
random_12539,EDCESYHLNTFWHEISTEDYAMPTPHNMDF
random_12540,DLWARCKCFMPQYWH
random_12541,FSEQNARHQWYCLDHKNFTT
random_12542,DRCLLVWSVWLLFLINDRSVWYPFP
random_12543,QYIQVMYHDGPFLLQTPMPQNVPIK
random_12544,GEALKHHHEMIGMSD
random_12545,WHDERLYHKC
random_12546,SMCNETTPLRDYAFG
random_12547,MENIENAMEDWNEKVS
random_12548,TLKYFIWQPGAWWYF
random_12549,SAWDDVPCGVLRY
random_12550,HIKWNWQDFNTDSTTGAEM
random_12551,YANEWYVSSEVLV
random_12552,ANKWTMVVTIVPDSTVPGITFYG
random_12553,RSDKWTPK
random_12554,MRWHTSCKYMFILHYVVQNL
random_12555,QKIFCGCLIYLNAGMDLWCD
random_12556,VNPFCTQCAYNAPGTTMPFW
random_12557,GADHTNSSGMDTHYWCNSVA
random_12558,SVEQDILQNKIPGPPVYVKT
random_12559,AAYEWTGMWENSPRDLFTQE
random_12560,HALHVELNEHHN
random_12561,DTGRYWDFV
random_12562,VNAAIVNEFDDVEDTNWFLN
random_12563,QKLSEVHRPTEWASCY
random_12564,LNAKMHRWDCLVQWYHGPEPRNLTC
random_12565,TDWAEQVPSEMTGDCKYKQA
random_12566,CSQRSHNFMEGLKQG
random_12567,GGFYKIMMHCMLSCEP
random_12568,YYTWRTWLYCANAQQ
random_12569,HNGVNPSGDQLVMKWIANKVTQDFFIHHTG
random_12570,QSVNSLQAYTRLEYA
random_12571,VDGPPAKDMSNNKQAKVAWSNHGTIHY
random_12572,PPCMDCLRQATLKDGIRMHLDMRMPWMGTQ
random_12573,HGSFFSMGHKIWFMIESMMMCSI
random_12574,KPYHKCFVNEQDTQVSVTMWANR
random_12575,WQNEKMIAHRSHVEGWLSCQVSEWPHQ
random_12576,FVPNGMYRFGTFIMEYCIDQRMALHNA
random_12577,VVIHPMWVGPSVAHNLAWWYCAI
random_12578,KDFMVRADSEHLWKWDRKWPSTY
random_12579,FDHTMTKLKWSNPPRDMESWACEAMGTAY
random_12580,MDERKQRWTDHIWQVDDANVDDWQIMFEW
random_12581,QWWLDFVEDCCIYIQNTFVSWMHFSKNRAQ
random_12582,PMRMHNQASFNWNGNPGSMNRGLDAQYFHL
random_12583,WCAYSEDNVTRMIALCCCLQQTGDTTRQIW
random_12584,ITGTTDQLCLLGWCCCMTSYPRFGEWCMM
random_12585,DLFKKVPANSYAFMHFVGFGDATINPIEW
random_12586,GELCFASKTAPIRCSTNTELTGYRTKQLIR
random_12587,CDNMDDILARKLFMVIMTKCRSNSPDVVII
random_12588,DLEYCFHDYVCDAKCYQFWHAVDIPAKQT
random_12589,QYAAFHVPFTCHTVRYKEPQVSKNKPAIW
random_12590,NIIYQNMWPIWFREILDMYENLMQPESCIS
random_12591,SESRYWLRTKIWARKI
random_12592,SFAGAGVQVYTYCATWHQDD
random_12593,DEEPARCPPTCNGPKFNFSF
random_12594,VTRPILMFATMGFLMKELGSFRCCPIP
random_12595,AYDFRCNDCHPLPCANKIAS
random_12596,ASRAGDHMNSNLTRHYLRFW
random_12597,PYWKVASDYCTHKDENT
random_12598,YCMIRKVSYAILHFWEGWC
random_12599,CRQPEMDSMHCVPEKVVHEH
random_12600,HNMFTFFWWKATVFTDI
random_12601,RCTKLWWIRRMAHAI
random_12602,NTGSQQIKPQYAGF
random_12603,GNVSQRTRIPPTAPLAFVNDVFVFGKK
random_12604,NWEVAKIKTDYDDNGVPE
random_12605,QLMVGNDLLCLEGNLYDR
random_12606,DHDIDPLGIFMQATRYES
random_12607,TWTCVECTEPEFCSQPRHVQCQAYKEM
random_12608,PLCYNMLHHKYRPGPAGDRCFHWAIVK
random_12609,GEASYQSQEDRENVACDLCMNKKYTHV
random_12610,CRNTHFHHWICLDSTVSYISIWPGHNY
random_12611,VQTNAPTPHNFSSRPSATPRCKTYL
random_12612,QAGWAQSMYFSPTTYATENTLGVGW
random_12613,HTMDSPEWRLMKFMANEVCK
random_12614,SGNDNCWQCWDFRKTLCGNDWVSIFGA
random_12615,VDWQMCTYTYPYYYVLYSFW
random_12616,YYSIPLVLWWQMLTGMQQAW
random_12617,FTQIRNTYKYKLKLLYWADL
random_12618,TLQVDALNASVEDYGIIYTS
random_12619,GQGWLWHNFVPGNNFHSAQY
random_12620,IDWMSWCETSYFFFAHCKWA
random_12621,SDNCRKLYRCIYQKTDTDAQ
random_12622,YPKDVHRWQFDSSALHQINV
random_12623,IDHLKAQPFSQYNKMMTNNR
random_12624,CMRIDKFWSMTRWKFEHAEI
random_12625,DIIIWNHHVMARWLFCKFW
random_12626,LYNQTLITPNCRNMPPC
random_12627,DRAKALIPSSTVHDSLN
random_12628,NITQPWLRERIQQRHSF
random_12629,APFECHFTESFIWRHYE
random_12630,PEWIYSAITARHS
random_12631,YPMNMDAFAIRSSMIVIRVSKFLGVPWNHL
random_12632,VNDISGFFHRFNNQGWVDAQCPVADSKTMC
random_12633,GHDMANWCQQSESNC
random_12634,AKQKPYFCCQCWLHS
random_12635,DIMKKVGVQIRSMCELRDLGYDAAI
random_12636,AMMSIDLLVNKTNVQRGLRGFILQYI
random_12637,WLNFVMAKGQIMYGGESWMGEYSTAY
random_12638,CYRQRLDRPGVRRWAKTFIGAFVKF
random_12639,KKYPPMYAVQCYDNNDLG
random_12640,PPFEIGKQ
random_12641,ADDGNWVLR
random_12642,FFWNMVQF
random_12643,FLEHQDWQYHG
random_12644,WWKGEISHTAD
random_12645,QADFDCQKW
random_12646,PKFQKGC
random_12647,HCAGTQM
random_12648,IFVPGHNPRWDVVAYKWMIV
random_12649,PENTRCTGVLGGYHNNEFSK
random_12650,SSHPTNLGRWMAKGIHHAGP
random_12651,GNLESPYIVEMRPFILQDLAS
random_12652,DNVHREKGCKWYSVWALWL
random_12653,ATPKQHNISRAHMCIWHWR
random_12654,ALYTKDLIRQLWLTVMPGE
random_12655,GSPLYYSQQGDGQVQGVGL
random_12656,NGNMWNGNPLMNFCFAPET
random_12657,GIEQTVFHIRLEHLAGGSG
random_12658,AMFIGQTCCMISLGHKQTD
random_12659,RNEYFQTGDYKTFGEVAQF
random_12660,MFQFL
random_12661,GEYHCHTGEQSI
random_12662,WMKNAIYSEQDKGVDKLLG
random_12663,AERFRSHFLGYVFNQRSKK
random_12664,NIIQNITCLIAS
random_12665,ALQQWFRDSCMDGHHSPKCAKKTS
random_12666,KYNATQTQLGSAG
random_12667,PSAAEYMTCWKHPLSVSTKGMMQH
random_12668,GPAWNSKQTDIH
random_12669,DNKFQGMHDHVVYNGNCLE
random_12670,VDSCECVHDEFIQLQEVRWW
random_12671,HKVYASNTGPHSKTEVTHP
random_12672,FMMAAWCLYWEQWKMGKGKWI
random_12673,KVKEPEPVSNYRSTYYDCEIS
random_12674,NHEDCLRQTYFSSWPWMVRGQ
random_12675,AMTHFWGVMWQAFMVRRYREM
random_12676,YFHWPRQHKDLSGGWWQVDPGPMHK
random_12677,EDTIATYFWYFNRQWPRSQYG
random_12678,HGTYKQKWNIDYFAWLDPD
random_12679,STNMERPYYPYYTFDNL
random_12680,DMRQHSVCDYRA
random_12681,NKKQNQIAEQQPNQNVRDH
random_12682,VTMFSALAYPIFAHYK
random_12683,WEGWFPVNVDNSGFGS
random_12684,FRDMTNEPWKMSECGVC
random_12685,MCFSQTPTTGISHTFASAPWS
random_12686,CETLWFGIQH
random_12687,DGKWEHQRWDYVKHKVWLSRKE
random_12688,NQNWHGKMRKPNDHFPN
random_12689,EIANYFRWYVGWATDECEDPENEEY
random_12690,IPPWGITHDIRDEHAASNTFEPYWY
random_12691,DHTYMTLWVAAHSRRCIGCPIHYD
random_12692,LRNDIIYPITCLTTMKRGEYRD
random_12693,LGFNKNKDMICTPDHKKLHAIRN
random_12694,QIVLWKFS
random_12695,WCDRVQHS
random_12696,TYLFCLDSKLYEDE
random_12697,MFLWKINEVQFC
random_12698,VARAYSIHANF
random_12699,NCDFEMCTRPT
random_12700,RGILMHFCAWFDFMIPWW
random_12701,MSPCGIDVREAKEFTFWT
random_12702,KGFFYHHQKMDHEWNENM
random_12703,PGKIFPNICTHMLMPNSAKTQCLC
random_12704,KAYSISYYVGHKLL
random_12705,WQHIQWMDKFYDGYH
random_12706,WTCIGCYNMHKLTFK
random_12707,RHWCHQRSDPQNASSS
random_12708,HWCNFWKDHQIMNWTNHMDTGAVYFCNSWT
random_12709,VVENCGFATDQNTNHTVACFGDSMRE
random_12710,SSQKQEQEACFLNCHLTITFANCMEL
random_12711,LVWHWCIRVDHRWHKDFVVSPIRMHF
random_12712,HAGQKHEQEMMSMQLCGSPCPQATGY
random_12713,LRAFNECPEMCCYGFKTKGWMDYMQSIYM
random_12714,IIWVIVFNTCRKHWHCCIVDTMCYICETF
random_12715,CIMNSPTQSWWQEDVMGLELKSCFYTVDF
random_12716,GPHTTEHICDDVTTCDDHLPILVSSEMLM
random_12717,ITCRGYKEKNSCFTIPYTTHHHRQGKNPLL
random_12718,VNEWYFYHINILCDVDEMRANPPRIGHYS
random_12719,QEVFIIYRQGFVKKYHACFKREGQQAIWRD
random_12720,NEGFQKTKVEINGRCFLTMHIPWVT
random_12721,AVQNCVQYELDRQMMEYFNNFESQESMLNN
random_12722,MGRGICMEHPMVTGMRYFWLACEIHA
random_12723,CQCCSLPFSGAAVYTRTQVAKTESIMEM
random_12724,VDDGLRLYGNKEQHCTFRSQCQVKCS
random_12725,IAQNKYMRIKLFRHCYVQCTNCFMNP
random_12726,KDLFMSPHWKDYCARFKFEWMRHGVFICDL
random_12727,LIMPTGIMPFLQDKAPRGARVHVAPSFW
random_12728,WTFDGWFQIANKTDEHMNWRVNI
random_12729,LSWYNQRQYGTPRNRLVG
random_12730,GNVDLLRKNIRKNVPGVSWSC
random_12731,LDGPSDKVCMSMEQS
random_12732,FGTDHMTWNVYRVIRMMRH
random_12733,VRYLATQRYHVCWSSM
random_12734,HMCIDLAKGRMSM
random_12735,DCKDIYAAPIKPISG
random_12736,DTSWNTKDAEHWENY
random_12737,DHLKKCPGEHEDH
random_12738,FYMYTRMINWGSPWSFWVSYEMD
random_12739,HACQMHWLAYDTDFMHYGMYYRGIHCQLQY
random_12740,TEHTQKGHDQCMLMGESMAMCPGV
random_12741,HFLTIDRVCKLFNNPGYEWHYYQP
random_12742,VLACRIHMIVYPGQVNTPGGRLLV
random_12743,WFFHRPRQDSSGYYTMRSVHPNEL
random_12744,GVHWKDGLFHFGSINITACGCQLP
random_12745,NRFHDEPFVAGRPPSALSQVENKG
random_12746,WDKYKMSILSPIGPFSQHPLVLNY
random_12747,LIDPDEETGEEKSLLIRFNCYDLV
random_12748,SMSPLLSKSGMFVTCHNQMVVCSQ
random_12749,QHSYCQCDCPSQKGGPQVDDEQFQGNFSD
random_12750,SHIHKIANNIECTYFFPINEQGGQPETPK
random_12751,FWKMKCDDTDVREEWEAKTMGFR
random_12752,WKAIMNRYFTTPRCHDYTMNHKFNLRNGKW
random_12753,GRDYGHNLRIGPPVWFEVPY
random_12754,CISEHWTFVWPRIPLRKVAW
random_12755,SSGFMETTTSHKMIWYCVGMKVVF
random_12756,SWWTAEMTWVENYPLIKDDQTMLTV
random_12757,LRIGFMIKGASNWGYRFWTAIKISCFIFK
random_12758,RLVTVTSCVGLWCTFSPNWRWWEGPGILR
random_12759,WGICVYVSKQFRRCIGIIYGPPMMWLGEG
random_12760,NMKYDWVLLHNCFLWWKGLEMNHHGFVGE
random_12761,RRSNGGNIGRAGSTWSAKQKQFNLNVHCH
random_12762,LNAFIFDPKVSPQQVICSAPCGKK
random_12763,KCVTEILGLCMERDYMYDLRASQC
random_12764,LMSDVPTWHVSRCGPQISDA
random_12765,RSQNCEDNNLLPCCMWI
random_12766,FWITAANEWEWYEWFME
random_12767,WIIHVMPRLHQQNKRMPCYNQAT
random_12768,FPVCIFRHPSMAQSAIVGKVLFMV
random_12769,YANQWWSVTCEKTVLGHGQTPLLAQAMAC
random_12770,EYNMYFKWHDHIGESKRSVHWGTVPRGV
random_12771,KRGKNNRRNDGLQSSCPYAIWYNYHPNET
random_12772,YHSGSNFRRDERKTVCYKCNIQNFNRYAR
random_12773,AAYDTPITICRAGPGWVAYKQIHLICAMN
random_12774,WWDLKINVQWYSMFGLKREIFNSCPWGRW
random_12775,NARTQYRDIGNRPPIHHITYWVNWDYSDH
random_12776,QNMMSFNETSMPDCRTTWRASYHPNGGM
random_12777,YGNCWFWVYQSGVHYCAYHGAYPYE
random_12778,VMPWCP
random_12779,SHSQL
random_12780,YVYYF
random_12781,YMTRKLK
random_12782,YPIVSSNRLYMHV
random_12783,SEARLRLAHSCKW
random_12784,MTKRCMSPW
random_12785,KVRMMMLFT
random_12786,DWKRDCAFDAHNDPSCYTYDCH
random_12787,LETKDFF
random_12788,VAISMHTESIT
random_12789,MMKESNYAHIK
random_12790,YWTVIFSAWVCAFHTVT
random_12791,IPDKY
random_12792,ECNWG
random_12793,WGPHV
random_12794,NQGKCL
random_12795,YHGQYV
random_12796,DQCVSL
random_12797,EGYDVI
random_12798,SKFSQIK
random_12799,ANIMAWEVRHVWQ
random_12800,RTWTLAELTLGKW
random_12801,QIYLPQNDDSGLA
random_12802,NCYSMIPAWPKDP
random_12803,FLGGTKRIMHHDP
random_12804,KKQPFTM
random_12805,TIRKEVPQY
random_12806,ECRWLF
random_12807,QTQEYLYNT
random_12808,FKWCSEFFEGDSM
random_12809,PDISRE
random_12810,AGYAEMSAVMHHMKHAFENCWVEQIPSH
random_12811,GSVGIACTWWGGYVKTQVSRDPTGHLMA
random_12812,PNGLTNNLSEKANVICNNQWRVHISRII
random_12813,TREVTGIMSNFVDYLPMPENFIMYMVILD
random_12814,ERNMGMFITPPTSIWKP
random_12815,NPLFFCDVREKHSEVAL
random_12816,LGMVEHCSERTCYFDTGIYEATFYGYLDK
random_12817,NTLAESPNKYGCDAAGTSQLCVC
random_12818,PFGPGGGPNNLSTFIEKEDPRC
random_12819,CTGSIRYGYKQL
random_12820,YKCRSIQPSVDNGKRPMFIPGMKTK
random_12821,ESLWDETETKAAS
random_12822,KKKIEMREAIVIIQIGGSIYYRMD
random_12823,PLILDMRKSRNVCYAILSKWYQD
random_12824,DEHWSDHKCTLSIERIEQAHSMQ
random_12825,IWLHINFNPIYVLCPWRGAWKRN
random_12826,RAVQEKTWAYLPKPHCNNDIWCN
random_12827,DRDSCHVDHFDGKDDVIYFWTFKYF
random_12828,YRSCWTIWQYWYALHYCQLMKDCWDLSDDE
random_12829,CRITWEARMSSTWGLNVIFD
random_12830,YQNNTKAKMCWNWLRKEQPVAD
random_12831,MWGNFQTATYRLWVYEAVYWHETCR
random_12832,TKTRKQLGLDHMCKATW
random_12833,FMWMRCDLMSYSCII
random_12834,RHSHDDLKGYSIESCFQLKQFFWQWCPKC
random_12835,GEHANSGFYQYREWTLDYDW
random_12836,CLMGYDARAPEPIRMIWCT
random_12837,FIPINWFLRYEGATPHKQ
random_12838,SSCSVRQENWYTNYRADVAMQSFDTGGWAV
random_12839,HNGAGALLCAKGYRNNTARCKAQQSYG
random_12840,DVPMWCWSWLPRGQWMHFYY
random_12841,GVTAKTWHFPYMQREQAPLI
random_12842,EFDVAGADHETTKKQTE
random_12843,PVKRHCVVEGQTQIYRCIWDQEGRMIEITH
random_12844,AQRKGNGYCAHPVDWTNHF
random_12845,CYNCDHPMPVRISPGRTSAAVIVLWNRCTP
random_12846,TLVDVVEC
random_12847,GCYFVCLPQ
random_12848,LSWEAFELC
random_12849,QCDDGCIAY
random_12850,HNNRANSTTIYMISPNEY
random_12851,HDRRWHYPTSNVANKPCW
random_12852,SFATHGVDRVMLQGCYYMFGPIGAVFDY
random_12853,YWFFHFRNKRRVCMAYYWEGEIWVRPMES
random_12854,ESPRQATCMVLQKQNRERKEDNKEDPPMAL
random_12855,RMKAMSKQEARFAHAQHFYYEHEPTAILHS
random_12856,HAFWNVDYDA
random_12857,HHIWDRLFGD
random_12858,NCEPLEWKGF
random_12859,RAMRSIVSIIKEGGQYGPLRRNIHK
random_12860,VCQSIPQAANLSFGMRKYIQDWA
random_12861,MVVKHMTETTQCEWY
random_12862,EFCNYWKKFFSAQDISSSRFCSLKNAMY
random_12863,FINTQDDPAMLLHQVRWH
random_12864,LGTTPDMKV
random_12865,LNNQNSTTYKFYQHNSLDKVRMMVYVNS
random_12866,KVQINYRGNWKMMPPLQPFISMEC
random_12867,DFVTWPSYFSMPPFY
random_12868,IVMCGKCWMNRDCIIRAVANGT
random_12869,NHRMYQRNPSTAGPHIFHHCKAITGD
random_12870,NGHEQAEYWGRQFAFNWETSGAMYI
random_12871,VMCCQW
random_12872,QDCAFCC
random_12873,YGWWQGIWPDGCMLCHTFWGSYTFL
random_12874,GNETHWGENEIFMEPLLNL
random_12875,FNLTQADALQSYPRERAIG
random_12876,SFRACGPIIRFNYAAYWPS
random_12877,KEPRMWFKYLHIRIHICWT
random_12878,ENVIWLTIHMVNDPM
random_12879,YECKDILFTPTESM
random_12880,CWRFKADAS
random_12881,YGTKHCETV
random_12882,DQMDFHECH
random_12883,IKRVECEKM
random_12884,MLEFRFGEQQVNIHPDDASSEFNVGL
random_12885,GNIMNTKHGYDNRISEQTTEH
random_12886,SVPTCTNGCHPQICCYWWV
random_12887,MEDSCDPFCQ
random_12888,QKVGDSTMIFRR
random_12889,GAEVRDDELLADEIFRKGAT
random_12890,MTAWRMYLGSRIIVAMYPPQQRQELFGIV
random_12891,GIELLGLNCPQNFPNVSEI
random_12892,HYTMPMPFHMLTCMRSYFVCQVPWTR
random_12893,KHKLKPAFWAEAELGRREGQQHLMQD
random_12894,LQPKAKQYDQCTYTCNWGSPENCCPV
random_12895,TNCGIWSPRNAEHTPQAIDTQRCSE
random_12896,CQPWPWPDDNAAKYSPAPFSEMSEM
random_12897,KSEEDKMRRRSSEFGEGQRIKWIQQ
random_12898,FSQQVLKAEQVYSH
random_12899,THDIRWLGH
random_12900,EDVFGHGCVDHCEQDEWMS
random_12901,IPQHEPHYKAYKIKYTRLTQCVYD
random_12902,EDPLT
random_12903,FTPKGERDPVGKVPLYFHTYHE
random_12904,SHIEVMRNWIFAGNSWKEDNKADPKPKWR
random_12905,CYEFFIWPMVTMCQPHWHPL
random_12906,GARYDMAGWCYATFARPKPEFEGI
random_12907,HNEIKVMGWDQKWLCIELMKHL
random_12908,LSRTQLDQDVIDQEC
random_12909,FHKTWMIYYMEQKRHRDCDEWCNQRRVRIV
random_12910,QYEQIMNNQPSNAIT
random_12911,VAEMASSPHNWYCTTRHVNVNKFQRAILLM
random_12912,HSLQVQFFPGYLGNNI
random_12913,CFAKTQWMYSYPSNTNS
random_12914,IKKKWRDNQHMCCFPF
random_12915,HNQSSGKKGN
random_12916,PINSHYGRQVGFQSG
random_12917,PQPHDKWGIQDLNCMSPDDIMVNPQ
random_12918,DPNWGNGAAIIAYLEGEQCMRTTIA
random_12919,SGYVEIILTSQKDVTKCQ
random_12920,RMWPYHQEVRHAH
random_12921,WSFLIGGDHP
random_12922,MGPSFLAVKRNKCMGMW
random_12923,DRIQKPGATKHETTPSE
random_12924,KARNWFFRHMH
random_12925,GYDWRVGFAQDP
random_12926,VQGMYSPPEADRRGQKHQWYEWFP
random_12927,KQRRQYRAIK
random_12928,CSHAFREFWNVYVRDHMTP
random_12929,VWARSMDEHQ
random_12930,CHMAQ
random_12931,HPFLSK
random_12932,CFKPPRMYTP
random_12933,RSRRSGKTNN
random_12934,NLSFFELEGH
random_12935,RWNWVYMAQASYMDN
random_12936,DELTIRVQPVGWH
random_12937,QAPAQTVLVPISNYCWNEWP
random_12938,HEKAWWKYHTDPTMIALRPG
random_12939,KHMITCNNMAPGNY
random_12940,SKPPMAHTAVNFTNQI
random_12941,MYPCAWLKGHFRIHEDV
random_12942,GCSCKAECREPMVRPDRN
random_12943,IHFSVVIQVGELDFCW
random_12944,YNLMLPCLGT
random_12945,SMCHPNNCRHMR
random_12946,TTHHRSILIMFYSR
random_12947,NVQCRRMPWMCIMRFNNQPRGHH
random_12948,WERWTCCVFENQLEINH
random_12949,QVHLKDQS
random_12950,WAWDGHGAPQLYWY
random_12951,DMIDLSNFMNRWWLAAGSQKRT
random_12952,NSKTAIPRCCPTNYPDFWF
random_12953,YALISVPDPPMSQPFVLNP
random_12954,MSGKRGKGKCINHCGSTIA
random_12955,ICQDFSHVLSPVP
random_12956,CHERTVFFQM
random_12957,CTIGSGICHPRIWKT
random_12958,MYLISQDHMFDGTLIWYG
random_12959,VPKHQMEWWDYWFGEYLSHIVVRCR
random_12960,VDHKRKARPWHMIRHKCNSRVDIRGFA
random_12961,SHIWVTYKDNEVKHTNIDPNDRFSTM
random_12962,CYRDFLKCHTFMDGFTKMSAYALYFN
random_12963,AYGHKPFVVRMSFTPHTGDWKACHLECID
random_12964,GLKDAFNKHSFLQHSLTMW
random_12965,ADHMKTQKPEWDKPAE
random_12966,RYTWYMHAPMAVGTLI
random_12967,NACSVCSMLAHEHDYTS
random_12968,WFTRTGPQSMKYMKQPDG
random_12969,RPDQEQRVKPRLLTT
random_12970,CQLGHWLAHCREPED
random_12971,EFQVVHHDLFGPFEL
random_12972,CEHHFRRKGRVEGR
random_12973,PRGMGGWYPHAQNNCA
random_12974,HNMYHVSRFHFHYKT
random_12975,ADPIIRDAPWTFWR
random_12976,HRFAFENIIAEGCNV
random_12977,HSRFQEVNSLYPNQI
random_12978,YETPWEPLATHKGIM
random_12979,KIDNQANANQHRMGA
random_12980,VMYYWKCHHMIFVYDT
random_12981,HGHPRHNDRVCVVQL
random_12982,RWQKKNISCMIPNETDPNM
random_12983,IFIGTVLAQGPLNRSSMH
random_12984,CDGYVHEHNKANSNECPD
random_12985,NWRPKVVKVKLQYYCENT
random_12986,FNYTAACQLWSWILTHSA
random_12987,SHDMMAQRYWDEGLQPYI
random_12988,VYQPAGRAAWSTTGNPIN
random_12989,ADCDPCHSWNKFKNPHLTN
random_12990,HDSDCCMHVNGYAHCEFP
random_12991,EILHHHLKCSKMLFPLKC
random_12992,EWFERLPTIVPKGQHTSG
random_12993,ANMFMEFLPWNTPFGYEKECQYLCVS
random_12994,EIIDGLMMPIWFANCTHYAIFYLLPNSW
random_12995,QPTKNKVNRMIWKFMAEGI
random_12996,NHRWLFDMHHREQPAENKVVRHCVWARGFR
random_12997,AAIQNHQHYCNFPHHYYTHSPAMKDE
random_12998,YVTCMWGFKEHPSSCAWT
random_12999,LERDFMCADYYASFYFE
random_13000,EFIYVKCPGEVRSPRMPILDVSGIWMF
random_13001,ARFCSNIIFINCSIQMQPNVGSHCKY
random_13002,DFKKIALYVPVVNAKF
random_13003,CCIGWYLSVQNQVAANKNLMV
random_13004,IRQSTRHSDGDVWDWLELSGQCHNQ
random_13005,WEKYWPQCGGCTLHTLD
random_13006,KGMCDDREIMLYLSWDQYG
random_13007,EADMTKEGCHSHKVNY
random_13008,HFTMWWPQRWPCMLEAFCWTVGTQ
random_13009,AMEKAWRRVYMDFGSGEPRPIS
random_13010,CRFCSAPVGCNFQDTDNLVKWNDH
random_13011,RQTTNWISLMPAACCTHYITLIHN
random_13012,WLFQAMWEAMHLDNEGDHTMLYDMHYN
random_13013,GFYYAITWPHRAEADWMWCPACNINGH
random_13014,AYHNGYPVVRMAVTPRQPVAAEGINWQ
random_13015,YPAVCRWSGMRYCKYGAHKQWDMWCLC
random_13016,MWPRWRRYFLRFNCVANPYNCEPYKL
random_13017,KYNGGQHYFCIQFTNCVQHE
random_13018,VTCKIVSAWI
random_13019,AICSGQQCAEIPMHEASMSH
random_13020,QAVWQWLFVEKNEAPF
random_13021,TRKVGHFHRMVWMERL
random_13022,RNQYGLAHMGDFRFVMCSWICD
random_13023,GEAIIAPRYNQVQDAAANGEHDMNFMPTAP
random_13024,CDPASNWVKANMYKVGVS
random_13025,YCAMPIPHMMFEFRHMM
random_13026,TIKLVQSDRWAVVSNC
random_13027,ECRDIPRGDEPNQEVRYS
random_13028,KMFPDCNWYMPDLSHAYWWMMLAWHVMCT
random_13029,TDTVSHAYFIFDWAQPTKHCPLYYCMQFD
random_13030,PPYLSKLNFLFCEVEKFLRMVQWSLFLAQ
random_13031,PDHHVDSRPPGFVEW
random_13032,SKPFATYELAD
random_13033,LDGTWWCQLEYIEY
random_13034,TWHEIPSVDHQRA
random_13035,SQWFFRKGTNACG
random_13036,IPWAMNILCG
random_13037,VHNDSFLRPT
random_13038,WRMACIKYTAEELQFEHRETN
random_13039,QIEWYGESNPIMTIDVLAKFYETPMSKES
random_13040,MSTEHYWLICDQDMNAIMCF
random_13041,GTENVNHFNAQGEM
random_13042,AVIMKMYGTK
random_13043,AWDAEPVKVAHEIAS
random_13044,YFNHDIFATHDQTPL
random_13045,KARTRLRFWTNFQSS
random_13046,GYWVCHMMHTEETII
random_13047,CSRCDFKDRLQRIYW
random_13048,SNPGDRGLHMNHCFA
random_13049,GIAGNVLYLWISVGSHDT
random_13050,GGGLSHW
random_13051,SWCEWNQKCPGICYVIKYKT
random_13052,AVCNHILFKEGTGHSFIVVY
random_13053,WCGCEVKDMCAKLLQEQF
random_13054,PLELQSVYMPHGVCCQKW
random_13055,HRMAIMMSEADSLWGGTYE
random_13056,VLTHPQAFSV
random_13057,TPNHRKGFYTLYHCDP
random_13058,QYDHFHGSPIVMEGH
random_13059,MNVKQTEQND
random_13060,KPTFIGLANAQFQHPFIWT
random_13061,WGVNLTANKDFGQSTK
random_13062,DQHQRQKLMMMGPECRIGHNSG
random_13063,MWGTPYSREQ
random_13064,MTFSDTMIGR
random_13065,AKVCNGMMWK
random_13066,FYTQKDQMSHKYDCS
random_13067,PVWNLEPYQC
random_13068,QLNDHWQFLDKMWFDAYTQ
random_13069,RKYNHVSHNMFWHHQHWYEPW
random_13070,QSGQEPVSFDGSIAQPKHC
random_13071,QIDVWRMCQKGYNT
random_13072,QMDVTDAFTDL
random_13073,WIAAMFKPNYT
random_13074,DEWYCAF
random_13075,CFQGLFDCHNWLQSETAVWCT
random_13076,EQMPWIDGFSTVMFLHAVMQ
random_13077,YSGAEMEGACVFPE
random_13078,GLNPVDRPWYDRHL
random_13079,QKEHTPVGCAKFSKIGHKRNQDHHMCAWGA
random_13080,ARFNDYFFHITMCCNINKPM
random_13081,MLLDAHSLVCYDLPSSWNQVHDIPH
random_13082,CETQINGINAAHKDFRDHAY
random_13083,EWCSKIPTFPDEPLKWVCSFWCRWDMG
random_13084,EHWALKKSFWDMQKQDALWR
random_13085,PRPVGAPKCACEYMVEPVNG
random_13086,INMMNHGWWNKMVTAHRC
random_13087,CAKSMLLSHGEKYATHFW
random_13088,SSHFTREGPWMTTW
random_13089,SCSWPIWGGKLKNH
random_13090,NTVRKAQSFAYTRHKFA
random_13091,QKGKMYEPMQMACCFEED
random_13092,NYISDFETQCPIFGI
random_13093,KGHKGARSYIKAQLW
random_13094,AEQRGTLTASIEEAG
random_13095,ACCVVGQKEQQQRPNIII
random_13096,HMMDPGKNFVHDVIRMWR
random_13097,HKMYNAQSLIVKEWQDYAMHQACST
random_13098,IPVHCHVPMEWADECNL
random_13099,ESAGTQLWRQREHQKEA
random_13100,QFNQCVDVRCTYIDKPM
random_13101,LKNKTTYLSIQKK
random_13102,VTIWRSKLQFL
random_13103,LFHWKDDLWTMRE
random_13104,LWSKGWCRYIRLT
random_13105,KEYDYLCCSVINV
random_13106,EPKHYLCLPWLAW
random_13107,LMQALIMLNASRA
random_13108,GHDPLGFKPHCMSNTAEL
random_13109,TFVALTWRHPWVWEFSTFCNH
random_13110,TTGPWVPTWDKI
random_13111,KMPDFLWRNWMG
random_13112,TWKKGMQ
random_13113,NNVPSKQ
random_13114,SFLCMCF
random_13115,WSFHSRM
random_13116,IQEWGEK
random_13117,GDCYWND
random_13118,YHPDTAQ
random_13119,VQNWNEP
random_13120,EAESDHY
random_13121,GVPTIKMLTGLYPKDEF
random_13122,FKNPHKWCSKRKVQKWCWFNRRTIYFPHA
random_13123,THNEHYAYYNPHKCMMFL
random_13124,EVIVKWSGTVVRSKGIRWQGGWQGEP
random_13125,ALWCSCIAAFAV
random_13126,WTLLTWQLLNEI
random_13127,DKMKLIPSWFDQRQAIH
random_13128,FDCRRAS
random_13129,LAQHEMH
random_13130,TWWTHLM
random_13131,RHPNADD
random_13132,IGKKWRY
random_13133,RMMPKSVEGNAKGTPGRSQSAKNHEMMMI
random_13134,GSLWLRRCHDEKPVYPCKMGK
random_13135,QWRTSWGCSIKHWPNHDHC
random_13136,DYLSCCMYFLIAA
random_13137,FNAPYMATRGTPE
random_13138,KCVEEYIQIEMTY
random_13139,YHLQQQISPMIMD
random_13140,GVDRTYKCCIVKW
random_13141,WSKENHDHHCGYA
random_13142,ERNASLSCKQYWPCQHCK
random_13143,DGCPVPYNCQVDYTNW
random_13144,MRWYMCAMALGMQY
random_13145,FTYSECIPHNIM
random_13146,AKEMWEETHGDL
random_13147,TMRWARFPQYCK
random_13148,MVSKYFYMVHRP
random_13149,WICERDDWTGTK
random_13150,DRTQFMNHVQGG
random_13151,MPNVYNGDKYKAGT
random_13152,ILTSDRELRQGESC
random_13153,IVILPHVWRGAET
random_13154,NDMTNSH
random_13155,MILAIKLF
random_13156,EPYWETVLFSYMQRTGMKRFYLRNSRENY
random_13157,NTIIQGVVDMRHDAPRWQDTIDGHLMTEM
random_13158,HKFDEQGQLTTLCMHMGMTPCQHDVMG
random_13159,WDQCEVFQSLQKTRTSDEFGDSVVCCP
random_13160,GRKEPFTNEYRVSMQQ
random_13161,VNSHVAWNWVLILSLISQ
random_13162,SVKGMYRPYNKKDDNLDY
random_13163,MRLFSWFCPIHFQDYHTC
random_13164,GITAVAEDHWKMVQLPEG
random_13165,DECSTPGCMNWDLNFLHM
random_13166,FIPEICYRYSASLYTRFN
random_13167,VTGAFYDWMGRCYDEQYG
random_13168,RMHPQCMVGCMWWQQVAI
random_13169,QKDVPIDTCSQGDQHINM
random_13170,SGRCHTMQRFCWQFMNCN
random_13171,TWNHCNFLHPVTLHPAYE
random_13172,PMCNERANNEERMFQHFK
random_13173,REVENYVPTKIWLPQINH
random_13174,HRDIYIHLVLPVYFCIAG
random_13175,HCCMVVADNHHWAVGTMT
random_13176,WFWATIECHQQVGWCHYR
random_13177,QKYGDSEHQECLDCWVYK
random_13178,IKPQFKKGKYIQTIMLHL
random_13179,HNLSPCDNCFTKDLTNFS
random_13180,DMNTPAAEWMFMRNYHTL
random_13181,RVGFLFEQRMCLCPMHWQ
random_13182,LEWNQIDRWGSDWFKLKV
random_13183,LQCIWMQSRCESPFKMRL
random_13184,TTMQDLKMEEKTQNTGCH
random_13185,ETNEDHHSGKAYMMLGAD
random_13186,DTEVAYFDEFITFDRKR
random_13187,KFKITHMMFIIEIWIME
random_13188,AYPDTVCRCMWHSYPTNT
random_13189,SCSTPKKGSNYQVEFDLQ
random_13190,RCASTTVFDHHVVFWPLQ
random_13191,TNDCSIQEPMQAACVKFTR
random_13192,GIPCISFGHHFKGWIHCS
random_13193,NYLKPTMMEFKFYKMIHF
random_13194,WGCGFNMYFYDMACKPPD
random_13195,VRPCLMIVATKSYIHCDYDARP
random_13196,VHGYDYLETGTEIITGYFMYIF
random_13197,IKAPYQDYWKPVGEDPNTSVHMLYM
random_13198,MTLFNIAYFRTGCKYPWMSKNA
random_13199,TWIDDEYYKEILNCNDCVGKRPM
random_13200,IWWYHDCLDRICTRFPMGFEHWPYLDCL
random_13201,APYFVATGVVGLLVLSMPPLKVTW
random_13202,QMMGLYKWL
random_13203,PDVWVNPQVTN
random_13204,QCHACEQKHVELAVSMVVANRPLLPHLCAN
random_13205,HSWPTTDNGYYWEGSCQCDHEFEAKF
random_13206,HSQFCDHVFYCTEHFVHDIKTYPPC
random_13207,RNQSWRWGCSLQVSMTTVSCYRDD
random_13208,ILEIFQRSRCRCSMMDEYMVCMNGFP
random_13209,NQEERCVTNDGSSHFMKCWI
random_13210,NHLKKHIYHPSVYKFDWQNL
random_13211,IDHAHTVLNSKGGWMYCGYC
random_13212,MIMKCNIL
random_13213,DFNLYLSDGKPYPFNTEKHLNMAALDVF
random_13214,NFRVDDVVYWDRKLST
random_13215,KSINRA
random_13216,SRFLNIMWSPIEASHDHYRET
random_13217,MRAKAMKANYTAYFFYGNMEA
random_13218,ISNVEWDGHNYSNTHWCNI
random_13219,ANGGWSLLCSRDELAE
random_13220,IQDYTNWARMTNFL
random_13221,RKYWAFYWFIGHIV
random_13222,CPRRHHAWFTRS
random_13223,YLGWFHVYDWQDTSG
random_13224,HEEQCEELQRHRSCQ
random_13225,ITEQAECDIICLQRE
random_13226,WPQETEDSWD
random_13227,ISNNGRGHECYYTNED
random_13228,YTACPIGVDLWEMYTPIG
random_13229,VLRDSVIITQITKN
random_13230,SPNTAHFLILLSF
random_13231,WHLDWVMEMENWF
random_13232,KFALNMDDHHNYD
random_13233,ESYVLDVLRPKKKM
random_13234,SKVPALAFEWQN
random_13235,TVADEAAWG
random_13236,AQTFNINWTSWIHFA
random_13237,FYDGFWYWMEFASNQC
random_13238,IDSNTNFPNLCI
random_13239,PKCDNFFAYTPQD
random_13240,LFCLRDSVWCDYS
random_13241,DDTQHSPKSLKPH
random_13242,FAVCWMSRLSQHD
random_13243,ITWRYEYWPQEYL
random_13244,QPAMFSLIKAAPK
random_13245,RHAEIKADQNYYE
random_13246,KPEEMHPGFNRWV
random_13247,MMSTMICCVDSKE
random_13248,THDTIMNQHGEAG
random_13249,PIIYYGHTAENIDHWH
random_13250,TPLESLPGILVKHQA
random_13251,CTSMDPYQDMSDYNK
random_13252,PDDWQSDRMVQDSLA
random_13253,TQMIRVVPDWMWWAFKE
random_13254,YDPMNRHVYEIFSHTYCQTKWKEDPMDVTN
random_13255,ATWWYFCIECVRIQLAMDEVS
random_13256,LALEGRAQIYNNQFQAAHWGI
random_13257,YRLHQRMTRAAPLNGVKSNYKASKH
random_13258,TIDQGDMDQFFKAWQRKCAA
random_13259,GDMETMGPWKGADTYRSWGWYCDQP
random_13260,QKMLESTLRTGAMHDGHHDF
random_13261,EKVEMFHCIECHDWSPTKRAEMETY
random_13262,FHMPHGTCQVPQNYDPMGMA
random_13263,NMGVLRMVLGMDEVKIICQTWFKGS
random_13264,FDQLWAHKNTVDEVVLLAGS
random_13265,DAEPHQRMGEKMLSVMRFPQRAWSR
random_13266,CELINHMYNKEWCIECVPYSNDNET
random_13267,YHCIIWIWTILQYYCVISWK
random_13268,STVKQNIWVEMHKQKEEMPV
random_13269,MVLTVNKMWPCTEFNIMPFT
random_13270,WARDHVWLDCWYVHKVNTNEDDKDN
random_13271,ESFNCWSCSQTPGWCIPVNNTHWRN
random_13272,GSCHRLMYDKQHRMQAMWIYPGDLV
random_13273,QHLFCEIEWMWLAIRIKGKTIHMET
random_13274,FTENFHKIASMPIDENAETIGYPVR
random_13275,PCAMMCCWNTTPGTRQGIKGHCTNL
random_13276,PHRKKMVWYTPWKLRWNHFQ
random_13277,HVFFQTGIDDTLTIAILGAL
random_13278,TQEKSRMQSPHERHLVTEYA
random_13279,HHWNMEADWFRRTMCHFYLQ
random_13280,MPEVVPCGYGKESRACPCPR
random_13281,FIASMLFCYDYTNQWFMFEM
random_13282,NGAWWTATICVIARQIRNCIWSICI
random_13283,TKEWIPNDQCVVWCSHLMAPITFFK
random_13284,CPHDWWVGKLSNGAALMPKDKNPWF
random_13285,QEGAWWTPEWKHHRTHQVGIHKRWI
random_13286,LKGYYLIYYKHGDGRGHKMMFQSYE
random_13287,IPEEWMIPPLHNYMRFAEWTRKTVQ
random_13288,EYVIFLDAEAWISQMDMWAMRDDQE
random_13289,QWHKMPWPETYNAWGWWTACRALFF
random_13290,WEMSFYTCFSRWRAVEMFWQGSQQF
random_13291,FVYLNEERVQKYQAWRIGQSRIRWR
random_13292,KRISKVMNVHPWANVTNSKTMTDFL
random_13293,FPNCQLHRTVIHCWKWPKKDEYNTG
random_13294,DGGVEHCIDDGYRPWNCGNNWTMTN
random_13295,ENCIFVWQPEDYHAVVWHIHYQLHF
random_13296,IANFGILANADFQPVHHSCYSVPFF
random_13297,PRVMSMFFHFLARMDKGVHFDITLQ
random_13298,MQYKTAQSYPFVNKTWKEKK
random_13299,VWHGISYPMVGYDSPSLQVD
random_13300,DVKTLFKQVAGNSYFPLCRA
random_13301,SEPFCIECAKQASWHAWTMT
random_13302,FSDCPCQHWCQPRNYMSSGT
random_13303,GWGDMDMSSVFFDVTTTIHF
random_13304,VFKILTKRWAMLTVEQCAAS
random_13305,TSHHTRPCWHDDAGTSKIVA
random_13306,NYSANHIWRASWVPHQFYVH
random_13307,AWCWYFVYISWSGVGVRPFI
random_13308,EKRVDEMYQAWIKGTKWMVF
random_13309,KEQNKRVSIHDYEPMYHDDH
random_13310,KGGDRMDITKETQDAENWKC
random_13311,DRVRSGLQICTFEFTSFEIG
random_13312,MTPMAFCLCFNFPIKDQSMN
random_13313,YWENYMFILTVYRFHKKKKF
random_13314,EIFIFV
random_13315,DKQYIG
random_13316,IVWDLC
random_13317,GISVEL
random_13318,VVRSSMGAD
random_13319,WIKMLYLTMESFRHACL
random_13320,CLARHRAWTSY
random_13321,VCWFNKKQQW
random_13322,WGEACEYQLTSDRH
random_13323,QEAGILFH
random_13324,TTRGMMVPLKVISI
random_13325,KITQLIQLH
random_13326,GWIPQSGLGNEWDI
random_13327,CMMYIDASCKSAHVNNISKPHCSWS
random_13328,PIKRAKDFLTHSAPLHSYHLMQEML
random_13329,NPRDQMCVKGVGTIVFESCWYMDIY
random_13330,RLMTCCFRLHYIKAFITPDEADTPA
random_13331,ELTIEIVLCIWMDGNHNNHHSQTVT
random_13332,PPKQP
random_13333,NKLICGQNLAFNRTTASKS
random_13334,LFFIFWICVLYFMDCVMREDVN
random_13335,VFEHESKEADKMTVWTQYKQQTWL
random_13336,RTHEYHFHRQHQWFI
random_13337,KATKLVFIHMDKACV
random_13338,YSSNTNIIQWFVA
random_13339,QNKYKVAALKFVA
random_13340,VYDVSGEMIEPNV
random_13341,TDTIPTQKQEGM
random_13342,SGGPPWCNPQCTR
random_13343,PIPGCMATNKAYK
random_13344,QGRSNKKNLNWRK
random_13345,QIDPEAKFYTDS
random_13346,CHEMMRWTFWQKASF
random_13347,LHFRMAYKMCSW
random_13348,EMGPEWKRNSVLH
random_13349,EWGHCPGPMPGC
random_13350,FNCDADDNQHWA
random_13351,FYAPQDWKNSCY
random_13352,ATQCGELCNEY
random_13353,TMAPDDVMSTQ
random_13354,FDHPRGPDWARKWREECVILR
random_13355,MMIHSGFVMGGGGKEMKHCD
random_13356,DTIGDPKEKIGLRNNTNWWPE
random_13357,MYDVCIWIQCEMDM
random_13358,DKKLALRWDSSFFKAEMNLAAYHNIPCA
random_13359,FPCCWGNEQMTD
random_13360,YIVNQHVLEINT
random_13361,DMLECQTMMSMW
random_13362,HPPGNKML
random_13363,EQGSSQCMYCYAYTHPWWTVP
random_13364,YPEANGKIQDESARTIWMRK
random_13365,TLNAQECWYMIWDTDHGFMVT
random_13366,YWVEHLY
random_13367,TINLHCRKYGDWMI
random_13368,PNKFGECNAFPQR
random_13369,PLKLRVKGYQILNA
random_13370,WTQSLIIWPST
random_13371,MHASGYMNPCG
random_13372,VVLRDPNYWMTWA
random_13373,TRECHPCFCMCV
random_13374,LDPFKIVTEDDCD
random_13375,IYRWEMCLAYNTW
random_13376,FCCNCWVPRWFCM
random_13377,HGPEEYFCCGLK
random_13378,AISPGCSVGECN
random_13379,NYQHPYYRESFGG
random_13380,NRQNSWMCIFKCSH
random_13381,HHGMHNSSQEN
random_13382,WNRHDAQSQS
random_13383,RHYNTGDARIHEM
random_13384,FDHPFPLEMR
random_13385,WHKMHVHLNE
random_13386,DEDNCMWKPR
random_13387,MWVESRDAEP
random_13388,QLMETENGVA
random_13389,RSHVEEQGSFWQ
random_13390,STNTRQNSYAET
random_13391,GRHLKMYKFDSQ
random_13392,RHMFEYLNCTSY
random_13393,GPKLKEVQTSTL
random_13394,LGHSIRMDPGR
random_13395,AHHHCISLWGC
random_13396,PKEFISVWGS
random_13397,VIQWHLTRAC
random_13398,TRYIQKLT
random_13399,GSSIIFIIQ
random_13400,MSSLVEAPY
random_13401,FSSFATRVFMDT
random_13402,YMWACCELMMWL
random_13403,GEVKWKLSTNKY
random_13404,DQSVWCHELYVV
random_13405,GGHRIVNWGLIG
random_13406,CVPPPSNGCQYE
random_13407,MCNLCTPTCSAW
random_13408,LNDFPYGDVQND
random_13409,NTFQFCLSGTSR
random_13410,IMRRVAMPNYKH
random_13411,PKNASNYFYFWW
random_13412,VEEVWITLFSGD
random_13413,HAKRTAKFDGKHV
random_13414,TGYEWKQDFVKHY
random_13415,GSNSCHSWHPEHM
random_13416,EGCGQWASGKEH
random_13417,CGFRKRAWTANEF
random_13418,RYKNMQPICVLQYTSANVDQ
random_13419,WYIKQATTEAVCHYELNSFMGYPCRY
random_13420,WTGCVFGWPASICSFVWW
random_13421,KVDWKTYKRCCHHWWPKQFFINA
random_13422,RQSKGDLPRLNWAVRN
random_13423,WEYTKYDISDRAAACI
random_13424,EHYIWTSRSIWAMFHR
random_13425,TQQPTSRANSSIVGQE
random_13426,KSGKWNTGLFDTMPTA
random_13427,CPACMPWADWLCSNIC
random_13428,TIHHECQGCFYWMYMI
random_13429,RHYAWKMHKFTAHRVK
random_13430,LMKIKYAIAASNWRCK
random_13431,GQNKWWGQMVCGIQCR
random_13432,HKVCNGHEGKERFWPN
random_13433,HNNTLACDDILMYLGT
random_13434,FSRPTSGMWDVVGIYVM
random_13435,ARPTWHAYGYRHVWHFE
random_13436,RIIQEYRLNSCIGHNYF
random_13437,VHVNIDNVPIIGTDIKT
random_13438,NAIFWHEFCGWRWDIQM
random_13439,YTYTSGVRFIPKAMFSY
random_13440,KVIMFPLDPNRANELPQ
random_13441,AFHPHNYHDPVHWPDL
random_13442,FNYKFDKQCHWVWWLF
random_13443,FMEFWQHIINSDLNDQ
random_13444,YRIQLQNWQKLIWELR
random_13445,NNHQPMYYNYWPSPAS
random_13446,TSWIQDEPFICNYHMI
random_13447,NFNVWLHTNPEINGQV
random_13448,WNGLAEFSEMNWAIYK
random_13449,KEFGHRTRDGHTGHMQ
random_13450,MILIINMCHQIL
random_13451,WHQWTWEKTHACP
random_13452,CFWFLPASAPTCIS
random_13453,YHKPKCWEEPI
random_13454,EKCHMFYNY
random_13455,TMMESWEGAKHESTY
random_13456,HAFNVIGMEITCMPGQAWQFYH
random_13457,EQYRGTQAWGAIPVQTHSQAQ
random_13458,LQLKMPESGFAWTNHQQGWLS
random_13459,VGHFCHYLRYFMLMRTGHILA
random_13460,QSHREQSSWTPRSHWMTGCKN
random_13461,VTVHYWGASDLMVLPDCLRDG
random_13462,AVVMQSTYMIVTWGKHVYREH
random_13463,DVSKLQKCISQHGDALDYAYM
random_13464,EEGETMLHSCHKYAPPPQCFK
random_13465,FAEWKKDHQQHPAKFYRCPQF
random_13466,VPSEEFCPMTRPNEVDKKDVN
random_13467,TSQYTSDVSTKRGLKEGEKLE
random_13468,RCWEMQVQRMNAYTTGYNIGA
random_13469,YQMHCDPFNLQEMRVDIMICR
random_13470,KWLQYSDFIYLETQEHQGRYI
random_13471,DRVNAHEIDVMHNNGPEVFRL
random_13472,QVPLFQDMRCNRELEIYWHMT
random_13473,VTYQYWSFK
random_13474,ANQGPQFGP
random_13475,SVSAPLVIV
random_13476,SNVVEDFWE
random_13477,MLELTNKAF
random_13478,WFRSICKED
random_13479,ECIEHHCCF
random_13480,ANPTLSLLD
random_13481,PKTQLSDMD
random_13482,YCNRYAAPH
random_13483,DNTVHSKQH
random_13484,QNMWELMLR
random_13485,ADMKCVYHH
random_13486,VWSHITVYN
random_13487,PIMYYTDWA
random_13488,GQKAAWTEA
random_13489,LMIWIKFHN
random_13490,KDGSLEWWY
random_13491,PNRNCPWCL
random_13492,QMKDMSVFW
random_13493,STYGHMNQD
random_13494,WLDSKYRVI
random_13495,YHRRMPRLE
random_13496,WELQGMPME
random_13497,ARFETWNEG
random_13498,KCIGWWIIH
random_13499,VSKVDQPTK
random_13500,DRNQLSLMM
random_13501,SLQPWKQFD
random_13502,GWQPRCYEK
random_13503,SYTDYQECD
random_13504,AETAMDRDM
random_13505,PKKGTTQEM
random_13506,TPSAQVRCR
random_13507,GCREPCMVY
random_13508,TEKFFQWIF
random_13509,GYERDWFTL
random_13510,DQPVPLDVS
random_13511,QERELYANF
random_13512,PYYQTFKML
random_13513,CTIHDDWCE
random_13514,PCCTACVEM
random_13515,SSHCAWMYW
random_13516,IQTDTWDNE
random_13517,LNASSSSDW
random_13518,WGHFHMNIC
random_13519,ICMTVWLVI
random_13520,FRGCDVSKD
random_13521,LIEHQLQSK
random_13522,VKMRPNLHV
random_13523,RRVNVCCMR
random_13524,IMTWQAYQR
random_13525,SMEVAPVIV
random_13526,KVYSCPNYV
random_13527,LGGRGFEDA
random_13528,YYICSQLHA
random_13529,ALMCMYQES
random_13530,EYPFGIGNK
random_13531,YIKHYNQRH
random_13532,AVQYWNVTP
random_13533,GEPAYWHLS
random_13534,AMRTISNYP
random_13535,NFVRLNSEK
random_13536,ERYNQTYQL
random_13537,SIWDLMVYK
random_13538,RMSFHPNFA
random_13539,IMYSGIYHA
random_13540,EVKRTYHHI
random_13541,PILRRHPQR
random_13542,HMNGHHPAV
random_13543,EIIITMCVY
random_13544,QHQVTWPTR
random_13545,RSEGPKGPN
random_13546,PWKCIVIVW
random_13547,PNHNMISER
random_13548,HHMVELRSK
random_13549,MRFCTNRNG
random_13550,TRLNPKSIN
random_13551,VNMRTKNYE
random_13552,GITHRMGIP
random_13553,RFVSDKHWL
random_13554,FDCDIVSFK
random_13555,LPVGRWAEN
random_13556,PMCGKKGCK
random_13557,QWTVIMMFQ
random_13558,IDGGMPWPV
random_13559,WHTSMTHPH
random_13560,SHETQSQWK
random_13561,HEWTKQGDN
random_13562,FFIFFWIKF
random_13563,DDDMGMITD
random_13564,LFKYQIEKH
random_13565,PHDWCVMRQ
random_13566,HQHQDFYGL
random_13567,SRPIKSFDE
random_13568,ATFHGYKMN
random_13569,VFTAAPRWY
random_13570,LWYWSFQPW
random_13571,KMAYAVIIN
random_13572,RGDYSPHKM
random_13573,CLETFRCPE
random_13574,DGHHVPGQK
random_13575,NWWITCVSD
random_13576,EWEHNLMDF
random_13577,RKANYEICM
random_13578,CAEWVENDM
random_13579,MPYMKMFPL
random_13580,CMWKLDGVD
random_13581,PYHSITVHS
random_13582,GRVDGCTKM
random_13583,KNKKWKNQK
random_13584,DFWFTYCHC
random_13585,KIIKRLYTK
random_13586,EPCAIMGED
random_13587,FPDTIDNVP
random_13588,RQTRPYPLN
random_13589,SGQVSSFLT
random_13590,NYTMMLPTP
random_13591,GWVMKHHTW
random_13592,FNYDMSRYG
random_13593,HEFQAGGQY
random_13594,ADENYVRYT
random_13595,MPGSHYGDK
random_13596,HACYMGWDS
random_13597,EPHIWYYMC
random_13598,SMMPLQVPH
random_13599,VHIKKFEAM
random_13600,EFTQRISTM
random_13601,TQVMQDLPA
random_13602,QFNPCSINH
random_13603,SACYETPDW
random_13604,TIKESLMRW
random_13605,HVVYDTYKQ
random_13606,SYGRLSGRY
random_13607,INRFQNDGL
random_13608,HTMSMQLVL
random_13609,LVECHAPFE
random_13610,IEKMEVQWK
random_13611,LCEQKKETA
random_13612,QLKYKTTHH
random_13613,FISLSWCRC
random_13614,MSHESIARG
random_13615,PEFDWIIED
random_13616,ICVPRTNKY
random_13617,GEVRYMYTD
random_13618,HMTEGPHRW
random_13619,HKWAMHHTA
random_13620,MACQLDQAN
random_13621,CHWTGYKDP
random_13622,KTWLDCMLQ
random_13623,YVTWGYTYE
random_13624,PFRWWPPQR
random_13625,MSMTSANQS
random_13626,TCPPYYDKW
random_13627,VKGEPHTIP
random_13628,VGAQIFKNE
random_13629,KIFGCSNTF
random_13630,DVMQEGELM
random_13631,NEDFNSPRI
random_13632,PPREFGMEH
random_13633,EDVTDIPQQ
random_13634,LKWQMPPSP
random_13635,CCNNKCKFK
random_13636,SAVRGSEPR
random_13637,YYYRLILDG
random_13638,KCPSEFGNT
random_13639,DEDFQDRDY
random_13640,SHPADMDYS
random_13641,SCHHCTDEP
random_13642,GEDTVCALK
random_13643,PEQMMRRYT
random_13644,FVIMRPTVG
random_13645,LPYINSHRN
random_13646,YQYTLTWGQ
random_13647,DNDFWLMRQ
random_13648,VTMSLAEYN
random_13649,ARWRTSRGW
random_13650,FMKHVIYNN
random_13651,VMVSLLTLH
random_13652,LRWCKAPIP
random_13653,TMRWKYYCK
random_13654,ICKHIQVQK
random_13655,DWYLQTCKP
random_13656,CATFAVKVI
random_13657,WWTVLLRHI
random_13658,GCQVATTNP
random_13659,MMCLPMGTR
random_13660,VNPYVYTYH
random_13661,AYHKNRLMA
random_13662,VSRKQLAHK
random_13663,MIRTNILEA
random_13664,WKVVLENCF
random_13665,IIISPFRED
random_13666,TKFLRRTVD
random_13667,EEYLGQVIR
random_13668,AIRHYNWGE
random_13669,RRGDDQEQM
random_13670,QFREEANYD
random_13671,NMWKCRFPV
random_13672,TDQAEIRFD
random_13673,RNWLSHVYT
random_13674,LSVVEINQN
random_13675,FERYDPKWV
random_13676,QNWDEAKII
random_13677,LAEIQDMCM
random_13678,DMEDPSGDG
random_13679,HASVHDPKD
random_13680,KSSPWMMFQ
random_13681,EGEPKVCTK
random_13682,LIKCPTQPC
random_13683,PGNLACQRK
random_13684,GKRGFHLVR
random_13685,VFQFEQFIH
random_13686,KVPFRSGVI
random_13687,IEETREDFH
random_13688,PHMCDNQNH
random_13689,PKHPGWLAM
random_13690,DRCPNPMFA
random_13691,FCCLMYATT
random_13692,DRPMPPMRM
random_13693,LHKQEAWDH
random_13694,CCMACQV
random_13695,NECPWGE
random_13696,RIHITPL
random_13697,FRCEEVD
random_13698,FFYDFYH
random_13699,TQYFYIE
random_13700,HTCQVTH
random_13701,LALYCPK
random_13702,VKPNRFL
random_13703,KIYYIIK
random_13704,DMFQQKY
random_13705,MWGLDII
random_13706,LTHFYDSHH
random_13707,AKSLFWVGG
random_13708,MSVQHFTKT
random_13709,YFNCTSWLA
random_13710,KSCNKTFFK
random_13711,ITMVPVQRT
random_13712,HCWHFTCRV
random_13713,IMLCEIMTW
random_13714,QQEFTREAI
random_13715,KDSKLLMKY
random_13716,HDERNCQAW
random_13717,GARSMVYFD
random_13718,NRPQCRRNL
random_13719,YKFGVEVNR
random_13720,LSFDYIWTH
random_13721,HNTKVMICY
random_13722,WRHRSRKGA
random_13723,HWKEIELGV
random_13724,WGFPWSVSY
random_13725,IVFLSMYDE
random_13726,CHNYYTPLE
random_13727,LCVLCALLR
random_13728,DFVSGMYQE
random_13729,YKDCDHSWN
random_13730,NGPQFYGLA
random_13731,LCELFNTMC
random_13732,DGKTASYRF
random_13733,ALLARFQCW
random_13734,YHMIIWWYE
random_13735,MYMSMLNCK
random_13736,DPIPMWPIN
random_13737,FYYHSYYHD
random_13738,SALNCHEYH
random_13739,CVGAIDSQR
random_13740,IINYADWRR
random_13741,GERQAGPHA
random_13742,WMEIIGTRL
random_13743,LWNMHSPAT
random_13744,MGIPNIFRT
random_13745,WSMRQKYTT
random_13746,SAMCETITM
random_13747,VSMNEREWT
random_13748,CEGEEMNRF
random_13749,KKKEREWKS
random_13750,HETLQMARV
random_13751,CPMPKNWAF
random_13752,EDGTVTFCR
random_13753,MPHHWISHK
random_13754,LYYYFDLCD
random_13755,IMMVSMEIS
random_13756,DTNPHADAH
random_13757,WEEAWKWLS
random_13758,AENCEGKYR
random_13759,TYCLGLEDG
random_13760,GMPCQAMTF
random_13761,ITMKQQSCG
random_13762,AYIKMQELS
random_13763,MVGQPCWKL
random_13764,MTSPTFGIR
random_13765,TFAYWDPCE
random_13766,FKWRFFQNA
random_13767,IRLANLCCN
random_13768,QNVFRTESP
random_13769,KSGPCQQMP
random_13770,YMETAWEDR
random_13771,MPDQNWECA
random_13772,HRFWSDDNV
random_13773,IMDIDVCIH
random_13774,TFAHCGGNR
random_13775,GSRDQVKTQ
random_13776,FEPDDWMMC
random_13777,QAHGWWLHK
random_13778,GGYKVKTII
random_13779,ETMYHLITM
random_13780,VIGPRWCYW
random_13781,RTLCGNCVW
random_13782,DNHPGWWFP
random_13783,NWGQKTVPC
random_13784,TVPYECLHD
random_13785,WGPRVNKSA
random_13786,PPMWVMETV
random_13787,QGVCDQQTH
random_13788,ESDHYTLKM
random_13789,RVFDMFFDP
random_13790,MKISKMQMM
random_13791,LDQCHHMEC
random_13792,WQDEWEEIW
random_13793,KHVQTVNMI
random_13794,IMSCRVYNK
random_13795,FTAGSPYPS
random_13796,KDIWIFGYA
random_13797,NPWNDMKLS
random_13798,YTCYFQDYL
random_13799,CDMEYYYTV
random_13800,YLMPMFQQE
random_13801,CNTCRKFPV
random_13802,FEPQAMASM
random_13803,AIYEAHVCV
random_13804,TPTADEIWS
random_13805,YSDWGLPAA
random_13806,QKKDLTASF
random_13807,TLWVTCCCS
random_13808,PNHKMFATS
random_13809,RDTLKQHAN
random_13810,SGGVSEDIY
random_13811,HGRIWEIGP
random_13812,QLMFNHSLF
random_13813,HDEDQPVNL
random_13814,RGCDREPGG
random_13815,ICWRNKMTE
random_13816,DSDRVMYFH
random_13817,GSGKHCWMH
random_13818,MLGHCHNWQ
random_13819,VMHTTHLCQ
random_13820,FAQAIMDRW
random_13821,SLAQNMQKS
random_13822,CRMVMRHVF
random_13823,HEDGTPVNT
random_13824,LYPFDAWWQ
random_13825,HGDQLLHRW
random_13826,ATLAPSEFS
random_13827,EKYFTEMTF
random_13828,NHRQFMCLP
random_13829,ACKCNLIDN
random_13830,GSTTGKQDV
random_13831,CFFTCGHDV
random_13832,HPDWTIKPP
random_13833,WGGGVVTHN
random_13834,EHQIVWYTW
random_13835,GPGPVKADE
random_13836,MIRVWVHVR
random_13837,SACNASNLV
random_13838,NFLSGWMLL
random_13839,QYYTYNFSN
random_13840,NEHTVVCNS
random_13841,ADVYYGWSF
random_13842,TVRWWCIFQ
random_13843,DTWAITHQT
random_13844,VEYFTETMS
random_13845,ICPSIHWQV
random_13846,RFWQVMQIR
random_13847,IQDMTVDSM
random_13848,SCLGPVCWQ
random_13849,GNRLPIFTT
random_13850,ADFSRGVFM
random_13851,VYCQCSHVW
random_13852,NRPRFNAQF
random_13853,PDWWVPHNY
random_13854,AVHVPNPRG
random_13855,KYEQKWIEL
random_13856,CNGHCGTKD
random_13857,GTRSMKYIN
random_13858,WKHHNRFWY
random_13859,WPHRAGMTM
random_13860,VKRCKHTVM
random_13861,WQHMAFIYV
random_13862,TSGYKHLDY
random_13863,RACTVHNIK
random_13864,PPSSCMSWK
random_13865,KLEQNVDPF
random_13866,KWMGTYESE
random_13867,MYKHNHSQS
random_13868,CTNNRCWPT
random_13869,ASQCLNHLF
random_13870,GPPPEKMSQ
random_13871,QKSSSIMEN
random_13872,YVFRMHTKG
random_13873,FLGGTLFSK
random_13874,YGYGFQDRI
random_13875,GGTKENVKA
random_13876,RFKMRSWMD
random_13877,NIQIHVQVP
random_13878,CRVYGAARGDLR
random_13879,INQYDANKNQIV
random_13880,CVPFDQAIYIQT
random_13881,WGGILGNFG
random_13882,SNAIKNLME
random_13883,RDDKTMKSF
random_13884,CGIANTETP
random_13885,IIYKMTRVMCDE
random_13886,VCEPCTAAIRCH
random_13887,QYDKPWFEWHMP
random_13888,ASIQMQFHD
random_13889,HRCITKAI
random_13890,SMLLIFNTV
random_13891,RDYVITITL
random_13892,WKSQVPCFDYGI
random_13893,RGLHHKHLHLPW
random_13894,WYRKPRHQYDAY
random_13895,CNSACCCFE
random_13896,QWGSLQMLP
random_13897,TIHFLNILP
random_13898,CACFGFIEASWV
random_13899,IHDTPQSRQDIG
random_13900,QKSMQQSYLTQW
random_13901,ETFRPNGWTYHY
random_13902,SFGKTELCH
random_13903,FCPYIMRLG
random_13904,KMHIFLMCS
random_13905,LKLQLEMHCMHR
random_13906,LEELYYANDCKA
random_13907,EFHPFRQAQCCT
random_13908,VKLDHHANIGQC
random_13909,YTSPNGLRS
random_13910,EWPDNPTAT
random_13911,LGGCDEFVG
random_13912,MNHDRRH
random_13913,QNGKREQ
random_13914,EMRFEDY
random_13915,HEGYESM
random_13916,RWQEIKG
random_13917,WKASCDL
random_13918,KCWKARE
random_13919,IEIGHLV
random_13920,YMLHPH
random_13921,PEYNPVWC
random_13922,ILDCMELHA
random_13923,DLMTYAEAQYDKLQYANPSMDAGW
random_13924,HMRPVVIPTIIAHQSEYRCW
random_13925,MWTHLNGKVRKQFSLP
random_13926,IMYWRIG
random_13927,IQYYMVF
random_13928,WVLLWWG
random_13929,QMYTMLWVGTKND
random_13930,TCRFKICWWLYQV
random_13931,AASVHERQRSELK
random_13932,PSCMEEQCTVWSKCGVVI
random_13933,TQSPAEKLSMTNKQMHAS
random_13934,PATCLYSET
random_13935,VLTMQNLVVYVSCICPCGMLG
random_13936,SEISEEPYPTAFLSRWEEFMF
random_13937,MHWQNTYDHSGQPVDFQPEVD
random_13938,GKAPDQTSPFGYEGPFMQDPK
random_13939,GHKWCGRRYLESYYLAFKMFA
random_13940,MNVKFSHCGRWMYMHTASRVW
random_13941,CCHNFATEIVNVWYMMVECIA
random_13942,MKKETQHDVYNIWSEPICCCS
random_13943,ASCVRMVKACIVWCHRHQLYC
random_13944,KGRFDHMKMHGQWVQASWKFV
random_13945,FIQSCHSKPINNIHNNQVWLH
random_13946,NNHNCECYMKIETLYDMQWRS
random_13947,FVVCEWGYRIFCLHLNYGKCV
random_13948,QMRTKYMRYAWCISVFLVYPV
random_13949,RVIKWLFIARKPCCCLIFRGD
random_13950,WGGHVLGVSVIVKCNEYLKRH
random_13951,IAWWKSHFWCFCNQAPNYRYD
random_13952,YSRFFHMIYCWFYMTQPFGET
random_13953,AKNWEISPYFEFQINKRMFVL
random_13954,CDSTCRAPTSLENHEDWEVLN
random_13955,CFVKTCRYRCNLNPFGGTLQV
random_13956,PVYMSWAEAQQFTHMRRMMEA
random_13957,VPCGHECSKHHKKVCDGYDFY
random_13958,LQYIEICFMFLFCFVRLLLNV
random_13959,CAIQWTTDEGTYHNYIQVVRC
random_13960,SSNYFSRPWKRVNDCPGECRI
random_13961,RMLGFDAFMIHYCYNEFQRKC
random_13962,SVNYDYLRINQFRGHLSDWDH
random_13963,NFHEMWVRLNDFDYWNGSGAK
random_13964,VLEPSAQARQRLYHNCQPGDP
random_13965,AMVPKDMPMMSVKLWLPGQPI
random_13966,SQVPRQDSEEVTDVPPKFFSV
random_13967,VDIRGMWMSSQSRRHCIFTIS
random_13968,SAATDFSDWPLPLVCYHGYYR
random_13969,SQHVYCVWRPEWETTHGYACM
random_13970,GPVYYVPPSCGMSDSSMYFCM
random_13971,PVCQRRNNHWVKAEQRGTGSI
random_13972,RNQKGQLKDIKGGFKSRGWGD
random_13973,NEWTKLGHFRYQVIMSWTNQV
random_13974,AQSIALLYEVMYFSEYKDCLC
random_13975,GQGTRPENLSTLVRDLSTAIR
random_13976,NVLVFECVKSMPKVKDILGSQ
random_13977,MDQAGHYGRRQLDNKEFGGRY
random_13978,FIEDNCKTRKEEMILYERTRE
random_13979,EDVCVQWYQQIQMKHFMLQKM
random_13980,ISVMTNEKETCLYRRPCGCHT
random_13981,IQFILYQMVENAWSLEYEADF
random_13982,ETLKPFVDVTYLDWLAYPMRG
random_13983,QSIVDESQELSHYVESYWHMW
random_13984,CQHRFTVCQEMDWCMMLVQMF
random_13985,PEWLEEMPFCTYGHTSIKGCS
random_13986,CARTCTHQIRLNNNTKQFILF
random_13987,VRMETLVWHMGDYTGHLIHNF
random_13988,REWFWMYCGFFQHCHARNVES
random_13989,MRFSWVRWMAYICRCPWDDLH
random_13990,FLSQAQWNMMNQAYDALANED
random_13991,KRWYKIDMPTYVPSFSRQLCM
random_13992,TQHATWHVAFEGNSPYDYMWM
random_13993,CPAAGNGEPVTNSLAYGARFF
random_13994,FFREKSPYMEMMCRGHTMENW
random_13995,MINRIAAWIARPHDAYVLEPT
random_13996,YTEAGVLFKAVHASQNPAQSM
random_13997,NNMPPRWWCGDKDCGQIYMGV
random_13998,KEPQICMVPIWYPKWFHSDGK
random_13999,TKKSEVLPLFICAFCSMKAAV
random_14000,YMYNNMELCAYVEVGTIMKKV
random_14001,ETAWTACGGGQCQYFGMDDGR
random_14002,IWWIAADEFDHVPRTRVWDPW
random_14003,DHMAMVGQHIQRASHDRLCGW
random_14004,HAGCVYWACDRTMEMYDTSTY
random_14005,SLHVYPAYCWPATPLSTLIWK
random_14006,ALRFRCVNWFNLSSTDVQCFI
random_14007,SITEQGDPMEWGFTNWIKIEA
random_14008,YRISPCQYWLAQGTGPPEWEV
random_14009,GPTWNKIVYEFSYVDKTNCTA
random_14010,LINCSVNEPAEIDFHSAPHAG
random_14011,EHMVEAWMLWYETEYEPTHHY
random_14012,ILWFMQQSEKEAAYDLARMPR
random_14013,KVNPCYWLKTTCNLVESSVTE
random_14014,ELCCQTPAPWMKPQPHFMFVP
random_14015,KCFCAFWRIWRNIFQVEANEK
random_14016,GTHCETQMVPNTNLVKSIPYQ
random_14017,NWRGIKAPEKVQYMDQDPRWE
random_14018,MQDCVTQEVHGIPFNPFRKYH
random_14019,IKTFVPYISWLKHFHPEINNS
random_14020,EGCKGWTYACEQPKVVQVAKS
random_14021,GVNAWKWLVNSLMYVQWVHYC
random_14022,HQGQWGACFMNPMYNGMCHVW
random_14023,YLSANPMSADKGGENIIRLTQ
random_14024,QRTRVEWIHTNFYAAQGYIDK
random_14025,EGCPHTWTCGFKCYRGVAMFH
random_14026,MDRYIMEVDHAYQEDQFTGMS
random_14027,TMESFKACCESFMPLPLPVMY
random_14028,QYCFAVEEERLLAQMIMCRRV
random_14029,QSMRLLDVSSLHSGMFITCEW
random_14030,DNSMNAQEDFSMDPISLRGHF
random_14031,GKLCWVFGCPHPPFWYNNLGQ
random_14032,QDGGLIVCASQSFLHNTYYNN
random_14033,KTYGISKGWMRWLKSEEYYYQ
random_14034,AWFMDKWCSRFKTGMQDCDML
random_14035,YLLQAEFAEHPAGQANQHTVE
random_14036,GWQSTFHNMSFSSRLEYAEHI
random_14037,KDQGMWTINKWGSHVLWMEDT
random_14038,NPEWQNATEQMIIGGANVPLK
random_14039,GDDSLGIRHWVHWSCINMVCI
random_14040,SINLEHGWSYFFTFQCVCAQM
random_14041,GVKLFSMCTYPGEEKAMDVNQ
random_14042,RCFYLPRPVGTQIIQHPFEMP
random_14043,PKTHCKNGYGGYRITSDLQYS
random_14044,LPGEIWPAHKGDRQGQQDSNP
random_14045,QQGHIMVLFDENPHGERLLVH
random_14046,VNQQNMGHVNASDHEWKWLLW
random_14047,CMSHDNDQGHSKHEVKNNTHH
random_14048,VASHQVELAQHGQSFKVTFKA
random_14049,HYGHKFMETSTPIGDSRQMNM
random_14050,KQVLKIQLPYKRQYVNISDSC
random_14051,KQPKTFAQYYPCWEDHRWSIF
random_14052,VGSQMASIDGQVFECFMQLGH
random_14053,DAMLIHEQQAKPERYMLFFDP
random_14054,IFKKSMECARMTLLDCQAYFD
random_14055,AFEMRNKNDCSWWSTCRDFND
random_14056,NYPTCSRHECDVIDFHTYGWS
random_14057,NSYMEFDRNSAQRYPMKYYSQ
random_14058,RRHALVKAGIYVYPCMERAGC
random_14059,AWPCMQWPFSYAPMRTCEIVP
random_14060,VDFWLYGGRDHVVFHKHEADM
random_14061,IVEVSPFLTGICNNQDKCIAQ
random_14062,CVSNYADHGKIILPVAQRIGN
random_14063,HIWLHQTFGRPRGADHTLRVK
random_14064,AIADWKDNDTILWVDIVFWID
random_14065,YTLKNSCESAYMPAPHYKGTD
random_14066,DVRWAKKDYWFAYNAHHQLGF
random_14067,RDYNGSDQYGAIVQPIFAQKL
random_14068,VVRDQSCMTRAQKPYDACRFR
random_14069,TEYPPDHHKPAWEFADAHWYF
random_14070,SCGRWPSLYWNCCCLKWCTNF
random_14071,RADTQMVHPPFRETCQAQNVA
random_14072,PDNPVQWLKFYTDYPKLSFET
random_14073,PKCNDKWRWSPPQATDVWMYV
random_14074,AYKGWICHMWGERNPDTFGYG
random_14075,MSYTDKYLWHDCCDAIQRQRR
random_14076,IQPTERKMTWYVYISPEEFQG
random_14077,HWQVYNGLTGWNFPCWSMDPE
random_14078,VEPASKGELPQHNHNGCQSIL
random_14079,RPAETNENYMWCRVQYNSRPM
random_14080,NTTLPTDSNCSFRAFLQCHML
random_14081,AWGYFWHWDRQPSDMTHKVRV
random_14082,LSNMGHSLTTMIWVCFRDYNW
random_14083,MYWVVQLHRPQWHDWIGIANI
random_14084,GWNTDIKVNRVKDKEAVAECC
random_14085,CGTINWISSDENLKCITRVEI
random_14086,GVHPSCNSFNIINQSGDQAYM
random_14087,SCEIHCYWTSFTRTPCVKRPW
random_14088,AEYWFTLINAAANTWFCSAGL
random_14089,TTCTQFNKVSCQKHNDGMCTM
random_14090,AYFDGFWFLSKQNALRYYLQH
random_14091,IYVRDMASMYSMPPIHFPMDF
random_14092,AWPCVHQPFTHEAIKYVERSY
random_14093,GDHDNHMPDEEKMNCPQPKTK
random_14094,LEMWNGDGYAKCEWGGCINSF
random_14095,RADKWCLTFRRLEHVPAVDQW
random_14096,SMVPITLIVSPLNGYSFMDQL
random_14097,ETGNYTQACFKPLTSRARFQP
random_14098,QMPSFDRWCIKHQMWKRAVTC
random_14099,MFTEFTVSIRGGEWGRPRGSA
random_14100,PVRMQEVDTRVDYMMNIDIPA
random_14101,RWWPALYEVHMFQTGPNRRMM
random_14102,ACILMISGMDTAIDELDKPNA
random_14103,VMHFSMCAHQMYTVHMRQAVR
random_14104,IEDKEMWNRWWWPTGMMVFWN
random_14105,CHQAQDGWRFYHNYGDPCYNW
random_14106,PCAHSTCRTIAAFNRWSVAFS
random_14107,CDHVWGFNIKQFHTKVMGHRA
random_14108,KMHKHLDYYAVYKWMWVYGET
random_14109,FNMTGHCQTRFCVRNSMDPFF
random_14110,FTTEKPFCDHHHCNFDWHCSG
random_14111,HFKKKQFHISNVLAVHDCRSG
random_14112,IKILCIMNRQSVMPQGTSRTI
random_14113,MPYFEIWPGWYIGRIHDYHGY
random_14114,VVFSPCDCHFQMIGTCIANRT
random_14115,DDQCKWEGISPRDFILNPRLH
random_14116,QLRLAYCKTGCKGYVFNAEFG
random_14117,EAWTQLHACQPDSAHADTHMT
random_14118,SMKHDDEYLEYSHGCVGYMNK
random_14119,LWKQWFMKFMMQYKPQWGAII
random_14120,DYNVLAWYPYTIHWTSFNDYK
random_14121,ITWTSVVTRQSMIMCWPKKAN
random_14122,IVDGWCYCVFDFQPFLAYAVE
random_14123,DMYHIERQIYCTVSGHHGAYH
random_14124,CTNGPWGTCPQDFDFKGMELA
random_14125,SIMLQTCQHTWIWSHLAPTQF
random_14126,YECIINAHVCKTWYKVDKCCW
random_14127,RCYVNCDNSYKTGDRRIECDY
random_14128,YVDKHTCIHGQWMDNSMSVGI
random_14129,MCTFSINTNQQIIMRGFLNIP
random_14130,VTERDCTMTTSQQEAQHDGIE
random_14131,WYIGMAWVRDQDAFPMPIQYY
random_14132,WICMWCEEMPWLCTVSWKKGW
random_14133,RDEFIQEWQCNEKDSFMMVQQ
random_14134,EYECNSHMSRDCCYKIHPKRA
random_14135,WDHRDALVNVSTMKSMDQDIQ
random_14136,TSAIIFHLKDAFWCPDRKVSP
random_14137,CELSMFMEAYAYGWPDTHTSQ
random_14138,GSYQWTDMVSGHLGPDFGFFR
random_14139,NGSYLHDYYKARKKMMTLMHW
random_14140,QDEFCDVFYFMASRWDMCDDH
random_14141,CQTTIWCHGYRCEAKCTIGNM
random_14142,PPGQAEHDRTMAQPMRKVDPE
random_14143,LMNRPNGVPQCVFKNQHMPRY
random_14144,KYWMVMNRKFTYGWIRFAGRW
random_14145,MRPQGHSFWLVYHGVIMTLAN
random_14146,ISQEMYWNVDVLTFWVELVGT
random_14147,HERSCHMNDSQPSMYREWAIM
random_14148,SATHQWFTAGPPHHSTELPFP
random_14149,DRMWWCFKNSPNDVGRNIGFI
random_14150,NYMYLWKFQDLLCDYIVRAPR
random_14151,RHSYDAPAKQNPGNHLRQDYN
random_14152,HSHHVAVDNSPEEDAPWTNLL
random_14153,TGTRNPKMCKINDIGKHCRCR
random_14154,QMLKGVYLDLRMNGPHPRCYR
random_14155,VPTWRLCSPRCIELSDEWQVM
random_14156,GIFHMVDSNHGKWPCAWTKAW
random_14157,GCLPNFNFKIVQKTNVTRRMS
random_14158,PTCGCTNSDQCVSGTAETYDR
random_14159,WKAANGQFKGEPHPAWTYKPC
random_14160,RVYPPSRMLHIFESCYARNPP
random_14161,QNNMCVPTCMHKVFKYFQMGM
random_14162,CKHMAHEVFPRWSEVFTGEEW
random_14163,CKIPLDNMPRGAFREAEVCYF
random_14164,WKDWWSINRVFPFPTANKGYW
random_14165,RAYAQGMFLEHPLDKIDNSMV
random_14166,DRIERCRPKEFTRWECWSKID
random_14167,IVWFIPNIVNSAWCFTWPYKA
random_14168,ERSDGITHAKVGGRYMSAPQS
random_14169,FPPPDNFLPNKKHLKGVIGQH
random_14170,VYVGWYTDKVVRQAEEQEAFM
random_14171,VILPADENNVHIPLKEDFADG
random_14172,KIDMDRFTYLLNRLGWSELMF
random_14173,WYRGGVKLDCEITNESEYLHW
random_14174,DTPKMRHIWDLADVNSYWCYN
random_14175,PKLRQETCAFDLTMGWPCTEA
random_14176,QQHAIAYGDTGEYRAQMYWRT
random_14177,KCGSVGSRYRGRMCRYCRVRT
random_14178,PPQCHCHLYALWGDMEDIQCS
random_14179,IEQRRRITRYEHWPCICSDKS
random_14180,FPNVTEVWHYTHCWIPLICFK
random_14181,VQWFSAKQYTWCYFPMIWDTP
random_14182,MIHRSFKGPWSQSGMLAWAGN
random_14183,YYLMYETRVYAPAHWIQYDFN
random_14184,VKLNHYMKRGIFGCPNIRAWF
random_14185,SDIMWDHVCWDQTNCGWVSPN
random_14186,NSQTYSKYADGLQGGGWKLAD
random_14187,TPMDTEDVDKYLLLMHVIKHI
random_14188,ISTEKQSYEEPATQPQGKWGY
random_14189,YRRAGARESVPVVLNLYDHYM
random_14190,CENHYCDWYDWWWSGKHNSLT
random_14191,FPLQAVVQCQIQNTRKAEVFC
random_14192,SCYWMKNEFGVMDAHMDSSVL
random_14193,RELEDDTMLTILNCKMVYVSQ
random_14194,LSHGAFITRSHCRMPFHKIRW
random_14195,QHGTMMDSYVSQCEQCDFTDE
random_14196,NKCNSATHDGNCGISESDLIR
random_14197,KRVTAKTMVCCHEVVQANQRQ
random_14198,LTICLDHTELSQGMKKNGERG
random_14199,GWRCRATIRTSWATDEMPEYH
random_14200,SFKFYYHRIVQHMRRSYHFTY
random_14201,DHECPIHQQAHHKGPMEAGQY
random_14202,GTLHKNCYMWNGCPYGILGNV
random_14203,EMDFRNQSTCKDCIWWWVNVA
random_14204,WNGKLGIKQVQDFNCPHEMTK
random_14205,RAGGDVCLFESKAIYCETISG
random_14206,MHTDQHTQQCRKMMAEHNLRH
random_14207,RRKHHDMSEYTFICSCAPTLQ
random_14208,EHHVYEYMHWCGQAVNGHRYP
random_14209,MFPRWLHEGGFSLWYAQMYVT
random_14210,LCADDGKYRHRLSGCQANSFP
random_14211,HNCWSKYKWCIHEWHSIMLYQ
random_14212,RFRKHRRKWIEHYTVIEHKYM
random_14213,QMQTQKIGGWKKMMMRGNWIW
random_14214,CYIAPMTELDTTEDFEQYQWH
random_14215,RNKTEREVCWFLMKMFFTKWI
random_14216,CKNPDTMNIKGEQILTHPRNR
random_14217,EAPLRNCIGRWWKDQNDVGGQ
random_14218,SPEAMKMFGEMFRQDPDAQVV
random_14219,QQWSKACKHPVCATQGMKMHY
random_14220,EYMTDVNQRLLFCCKWHCIWF
random_14221,YYDCVCSLASQALNTYDCNDN
random_14222,VINKSPREHTYRNQLDRPSQF
random_14223,KMAIHPFVQPGMHAFRDWCIT
random_14224,SLPKFLHFKTCDEYMKWFWQK
random_14225,KDYCKKGDIASTQTVRVLLSP
random_14226,VMDYEIFRCIQIAIGWYQNDG
random_14227,LGEGLDITTTINCQFEKTSKI
random_14228,INFKYESEVVMPYYPVGAWNI
random_14229,TTKCVWWEISMICSGSIRMAA
random_14230,YFVEKRWHSGTCRLPGHRKYP
random_14231,KYCHCWLIKKNIWMYQIQHIW
random_14232,GHWELIIMGGKCDMQPRVGED
random_14233,KDTKWIIAWGVFNTRLDSEDN
random_14234,VWHDFVDYQFDPGGFTVYCDC
random_14235,NYFGSEAWDSMVWPHNTMYGE
random_14236,FKCRPEPPMHFILVDAQPHST
random_14237,LTRHYFSYDSNQGWQQVQFGP
random_14238,WFQNMVTFINFLGMRICQKYS
random_14239,MRMIICWWGYQDCDERSLGRF
random_14240,ETSKVEKGMDGPFNQWHHGLS
random_14241,HEQRWRFNCQHNPEFMMPCAK
random_14242,FDPKHNEYGICHLYKLMEVIN
random_14243,LFNEHECYTAMALCAQMLGIT
random_14244,ESIAALHHFYLCRAWRNHWML
random_14245,AERRSACEMYQYYRELAIYSP
random_14246,YWPARHYCHYTYQDCASRIGF
random_14247,IAITAYTGPKFFKEPGIRIEN
random_14248,ENKNHIHGNHWFIVPSCLTKF
random_14249,IKVLVEHCEFWYFVEIFEIAF
random_14250,RDTFWGETVPFCMVEVKCTVK
random_14251,VQEKSCDQHPPDISCRPLIKP
random_14252,FTPVGFCQEFSVWGYYVLEMN
random_14253,FEFSIVWKNSTPSCKQKQQRE
random_14254,YWDRITAEPKWAKSGAFMTKG
random_14255,LHKCPNVPGTATMMTQCTWKM
random_14256,TMQIPESVKRNSWLNGEQWSS
random_14257,RPYIFFTWGTCKGQLGYRYHM
random_14258,YICKDERFLNYPPQLYPTGVD
random_14259,GNCRNVCGAAKKCVRHMPAMT
random_14260,QTREPQGHATWGWRDAVSFPA
random_14261,RCTPAVKHVTFNILQDVVSYV
random_14262,WWCRKRCQEDIANGYPNVPMC
random_14263,LLTQRHKKHTCYIDPEYYDIH
random_14264,WESFGHNQWYEYETGVIYNPQ
random_14265,CMCEATIQFDGYANSCAWQRM
random_14266,EISLYWSLMCMTWVVCNHYQL
random_14267,ARYDRAWMTEEIYMEPHAEGL
random_14268,QWMDNPYEWTYVKMGYKVHSC
random_14269,TVSPIKEPGGRIDNVNEYPWY
random_14270,HDMCNTRMWYGKMYTVQNSTV
random_14271,SPLDEKVWDQNYGLGETNRVC
random_14272,IFIYDHQYDLVETNESGGMEH
random_14273,HRHMQAMHGHMSITDPFTHGA
random_14274,SPTWKICQKEAGAIVVPKDYE
random_14275,MYTCATHMAVWWRNIHQYIAQ
random_14276,WTVWQEDSWAAHQVKTGWECF
random_14277,YRNWTFRKCCLEKTRHKMNDQ
random_14278,QWLHVFDRMIPLDNLEFCSRQ
random_14279,EQDTRLCCMPIQTIEWVNGVY
random_14280,MNTPNNKRFDIYYTTICMVNH
random_14281,QQKIWADRMYNYCKNTHAQFC
random_14282,SCGRWHPIECFLKNMYDQCFI
random_14283,GYIFGTYTCQHPSHYMMPWIT
random_14284,RPFGVKARMFHEMVMEIWGFR
random_14285,CYCRAWPYYDKFIHHYPQHNT
random_14286,SDQKLNIDVDWTSQDYLVSLQ
random_14287,EVMWYVGGANVSMPACHNGCE
random_14288,EWNQGNLWTKVEIWCFFICNL
random_14289,ASYRLKACYKLEHLHPRTMWG
random_14290,WIIIYEKNTNGSPEEMNFECH
random_14291,AETWRQNWFRALHEQYVTHYC
random_14292,MSTSGHRICRGNAVLGGKKSM
random_14293,LFDPEVLGTENIYVPQVSFCR
random_14294,CEFLILRVIYFNFLCAFPKSI
random_14295,RARAGQWIMHIARCTRPWNMF
random_14296,GLFDPKMHHTYLVFCMCEYSV
random_14297,HPWKQVMDCDVDSGLRTWAFW
random_14298,SWFRIHDPLKMHSMEEKPLHW
random_14299,GVIWPMTWSEKWTIRFGYRGP
random_14300,RMDIMVCPHRPKGDNSLCKKD
random_14301,RCYSLSNDSLIWHRNCSCMYQ
random_14302,ALYALMSIARIGLHHKWWESR
random_14303,ATCLMEPAWCHNGKLSHGKQP
random_14304,KGYDRCFLGSWATKNHRFNLD
random_14305,FWYGQHTSDDVYMANHDWTCS
random_14306,ECHWVKLFIPVIACPIFCYYP
random_14307,RSWWQPQYNPEILCVDQSEPS
random_14308,TNTADATIDRQNWGWTSPYRM
random_14309,RKSEKNLGGYYNIFTHYLQIF
random_14310,MMMEHKKVHFTRPYMECYDKS
random_14311,LPKLMEMPTRMSLNTAVLSTE
random_14312,AYNSVAEDCNRRQVDNWGCRA
random_14313,TEMPVTINDTKTYSPTKTPDG
random_14314,YWHYCWNLFRVIQLEKPQEQK
random_14315,PGDSMRKETASVRWFHEMWTM
random_14316,NTVAEPDQWKTNWLRAREQYH
random_14317,VLWKGQWIPHTAVIPQVCEMN
random_14318,IPEQHDHICTTWTYRVPNNDM
random_14319,PIPNVLDVNKQENMHGCWDGW
random_14320,QTLVNKKLPIYFRQCGKWICM
random_14321,SEAEMQDTCHLWCRRIPFNDE
random_14322,QCCDRMEWDLWACCKCEGMAE
random_14323,KLYKMRKIYTYQIMNGTSEGA
random_14324,FYYDHFISGFHCEVRKNTGAA
random_14325,WLWGPNFQRSVIFMELYQVLA
random_14326,YQINSTKTDFTITAMCWASGK
random_14327,RNSSIHMQGSTGEEISGADSM
random_14328,WDAAGYIIKECPKGDWDEKVS
random_14329,WHRNTTCTDTDNYRCYSINDD
random_14330,ELRRDNTYWTKIPKPYCWIYN
random_14331,RCMKWSNPTMAKGLLMSRMLS
random_14332,LYGNMAQPQRDTYEQMIFQCK
random_14333,FKTTIIRIGIDWIIQSYQAVM
random_14334,LSIKISRAHYFWCKLNLWCYM
random_14335,LQRTVPYKRRYHRYFMKSHQP
random_14336,AGARAADNDCYAHQKHHRPFA
random_14337,TVKHRFGEYGDLFFSGACGRP
random_14338,WNKSLDHAWRLEKVWIWTVQS
random_14339,SNHLQEQKDCASRQHSWLFMR
random_14340,QDFPNLPSKGFFNGCSMKIKY
random_14341,GQMLLIPEHTALANTQMVNND
random_14342,QHHKEAYTSVWESTQGDILHN
random_14343,MRQCQKQSNQWRMMRALSNSF
random_14344,TPFYVQDCQYCFVYLGTQWKW
random_14345,PHPAVPAPNNKHVVGCHYHNL
random_14346,MIYNYRKQGALKISSWEHPEV
random_14347,VGPIDIPWCCFRDKLMCVPIM
random_14348,SSMNCPYPPKRYYCWVSAVYV
random_14349,MKTGQAYWDPIASNMGNILPE
random_14350,YPLQHEMHEAQPSAISGRPLI
random_14351,KCQWWEKAHYGPQNLCTHVWR
random_14352,WRPALMIMINFNYNFHNDCKD
random_14353,EWHICNYIKIRRPFFKWMHVS
random_14354,CVTENECWLMIQFKMRIHYDN
random_14355,CHFNLRCSHNSAECQIPQIFQ
random_14356,DIFFMITARGCRHCRLHGEQS
random_14357,HWNKFPSSMLKHEICNQIYGT
random_14358,IMECSSGCPRNDQHEHGMFRM
random_14359,HKGFFNFVMEDELTSWWSRFY
random_14360,WGHCCWSSRTESQWHSPDDNF
random_14361,DAEFMEGHKAGPIKRDYIPYY
random_14362,VTHQIWEMFGFATKRWDGNKG
random_14363,QDSYRINDGHMISAPKWFICM
random_14364,RFLMYAHSWQRGDHYADHVIQ
random_14365,VLVRSMLWKMHIAQMFDTCES
random_14366,FWEGSNEGNADDEGTSVHDWT
random_14367,DNIRSVKMTFLTPMSIHPHMM
random_14368,PRTLPYMQRPTSMYGWHGEPM
random_14369,YYANTRMARQRNQIHNNAAYP
random_14370,FLGWWNIQQFPKCYQDNCFLI
random_14371,HWFWNVSNPHSCFKIWRRKCR
random_14372,CLYYENSCRQKTHYPQNAAKL
random_14373,RGLVEAGAGPDQEFPKKWSHK
random_14374,RFKDYQHISSANMLLVHIPIF
random_14375,IYQENKCQEFRHISHDQFIPP
random_14376,ALSNSSHNNYNHIHPEKPWFC
random_14377,HYAISQFRFAMPNPFWGNYIT
random_14378,VWQLCCKKTKHQPGLGIKIWH
random_14379,IAHANMQWPCKCCCVFGYIWW
random_14380,EITALWATWKISTTATIWMWW
random_14381,GYARHSHTMINNSECSASWVC
random_14382,RYHYIYDPCHADWPLQMLNRT
random_14383,SDNILGHTVCYEEWQFTDGQL
random_14384,QLGANDVHGIQINMWYMVHAR
random_14385,RYWLRHGFKMNDYDDVVNNQF
random_14386,SFAVFRHCNTIGMNCLQPRII
random_14387,ANVSFSYNQETTQSINSSLWP
random_14388,LYQAYPMIIDWTCQLHNETDL
random_14389,QNRPDFRRMMGRANSPCQPDL
random_14390,VCPAQFHGFYPRWHEQQRHKF
random_14391,VYRFTQKNMESSVVVMPNSIQ
random_14392,DCEENWCMMDSGPDVTHFFKE
random_14393,YMMFYVENLECHTLYVVRWSR
random_14394,KSCGWCSAHREMKSALNIKKR
random_14395,TETKHHFDIYYWTMCIVHLHH
random_14396,EQCFFKDHEAIVLQQVRHCPD
random_14397,TVNQVDGDNYYIWASTHALFI
random_14398,QAAGWASRDDTDWITVGGSQS
random_14399,MAMMWENTYRVCATEDCGDKM
random_14400,WFIENYWCGANDQGCACQQFK
random_14401,LGQKWWYYVVDTVPRQETKWM
random_14402,LKMGHREWQRTMLTMCTQFGD
random_14403,AFVMFIKIFQTKTHCIGCDMR
random_14404,FGVAKCAFKNIELRHGSAFLD
random_14405,RISSLEEVTHDEECESISVDQ
random_14406,NDDLASGFGKWKDVYVSPGPM
random_14407,DKRKWRCKSQGFAYNLVFPLM
random_14408,WIAQNQPWLIVGENGSLGKQS
random_14409,CSLLGCHWEYCTSHSNEFKCM
random_14410,CYMSRRGQLRLWPVISDEVQH
random_14411,SRQNTLMFTSNMHGQVGRNMI
random_14412,YWGDNKDRAAARMRPGNDRCC
random_14413,PAIYPCPSFGKKFCPCTHIHW
random_14414,NNIWMDVVSCVCWMPTEGWPP
random_14415,GFRNWGEIRKARQEAEREVSL
random_14416,WSWKDFTYCGCFRPLCSWFVV
random_14417,IIVLAWIQWVCAHRYFWGPVP
random_14418,LVSMMLMKKFHKGTPIGLWRH
random_14419,GIQEEQCTRRINSKCCMIHTS
random_14420,TCWPFVALLSGPGIPWAEFWC
random_14421,NDHFRDAPMASSRTNTEQGWY
random_14422,STNYTVNKDKIKHQGECRMAY
random_14423,RQKIPCVKAPKVTSHWCCCFP
random_14424,GKGDYTGCRMPVWNSTNIHNH
random_14425,KREWNFQIEAAEITYWYNGKM
random_14426,WWEWCQNTMNYDMCHAMAQDL
random_14427,PSKQMPMYNGWTYTLHKGNTG
random_14428,FHQSHAGWWSHVHECADEIRW
random_14429,GHYFQANHEKWNKCNSNELFA
random_14430,ESLQMMNLQRTLFAWLSNPHK
random_14431,TRWRGWHTPRHAWDGRGPCYH
random_14432,ELNHGKVEMYQDAYTMTRVWF
random_14433,SNWEIDYQYLQSDAWMQKLLQ
random_14434,QFMDVDFHIDVPSAAWTWSLP
random_14435,PVCHQQMCTGMKVMRPPLTES
random_14436,APGVYKISSHFYIDLMANVDW
random_14437,SPAVPMRGSSNKTYRQDDIGI
random_14438,GSAYIIHECYGYFPIMSGPYQ
random_14439,DNTGEWWCPHTYVMSPQWDHP
random_14440,GICLRKGNYSMGHDLEETQQI
random_14441,TATCQNNPYHICHVGPYTGQD
random_14442,FDVYREVFCFPFPVPYKNGYF
random_14443,YCGVNCKNWDWGNNFCMPLRM
random_14444,VRHNHQVSCISNMPVPYKWPR
random_14445,RAWKYTELSVNFEYYDPAYPM
random_14446,HNPRICVCSNGWWLLKMHPTQ
random_14447,SGDMYEFPLTSQIYKLPPCPG
random_14448,NDREEYLDNTNDNKPRRTEMQ
random_14449,HWATLQYFMRLLYHYIQNAHT
random_14450,DLGKANSQFVCFAFRMCFGVL
random_14451,LRDCAKFEYWTLPYSHEGIFM
random_14452,DKKARWWQKIANFNKYMYGKD
random_14453,WHGGFPFDRCCSFQAHFDITN
random_14454,QSVPTQEMIYITNFLKNNNSL
random_14455,CCDCWFAKERYWDRKRENGKM
random_14456,STCLYLWYLMHRFDHMPPNWW
random_14457,PIYHRQMENSLGFNILFEWMR
random_14458,GWRKDMQHYYPNKFGPHRGEI
random_14459,YCEHSWMICNKMFIDPEEMWI
random_14460,DYISGRCLTHPPEKAQIIGIA
random_14461,NYWQRRVGIVCFEWAWIHMCP
random_14462,MDSRGDIYTNHWCIMDLFMNL
random_14463,GKFYIYPEMVFTKKNWVTRMI
random_14464,PRWHPTFNLIGREKCYPMNMA
random_14465,NFYLAVTQIREDPMGTVEGCE
random_14466,RLEVSPWLPTSASRIALVSSK
random_14467,LSNRYNWCSYACYVNTTQPEK
random_14468,SLPMGLSHITEGAFIVAVDAP
random_14469,TPCVQLCGYIEWFLVSTPVAC
random_14470,EETLMNGWVDVQQELTNL
random_14471,VIKESKRHDQFQFNDHREM
random_14472,GCALMWMGTIWYRYLTP
random_14473,DWIDHAACWNSNMDPTMD
random_14474,MRIMNTIFVKEQFFLQCPG
random_14475,WDFGAFWCLTNVSWWAFACR
random_14476,NCEHTTWVERTFMIFTYI
random_14477,LHFQPIDNGFMAVSWFKIF
random_14478,PIDKDKLLEMLITYWCQSIR
random_14479,FTWKHQQGFSWPALTHVE
random_14480,FGEKNCPKMLVLCKLQMAV
random_14481,EESMHLRLLVEFVSQHIDFS
random_14482,IAQNRYRRRLLAFAF
random_14483,GFYWLHRHAWTDMGLFVELLPNKKVSEMV
random_14484,VSHIQMDSDGDHELLYYS
random_14485,RTNLVYNILVPQYIGTPRG
random_14486,NCKYQPESMRQFYYGRV
random_14487,YEHRPNDSGERAMKYRVH
random_14488,CENVFVTAFPSGNVEEDVM
random_14489,DIAMNLVREHQCPNPWGVQA
random_14490,FGPLSIPRNAMAYDHNMF
random_14491,PNEYVQQNGDKWCSRYCVL
random_14492,DSGPPFFWLQTMPIRYLQNN
random_14493,PDTCIDGAYKRPWYGMNR
random_14494,MHGAEEMCNGHDAAFWRYK
random_14495,MISQAFSDTHCQENCSQKHK
random_14496,YSRAMTYHQNDYKNC
random_14497,NFLTFFHWLILYD
random_14498,VCPMCCFLICNYRPDDLSH
random_14499,AHMQRTDVPC
random_14500,AILWFWFMCEK
random_14501,PADLRVHQPC
random_14502,HKNWAWYWLW
random_14503,VLTSQFHFNW
random_14504,RDCYRMLECG
random_14505,FMATMHKQSI
random_14506,YMLVLDFPFP
random_14507,MRGWWPCISP
random_14508,FKSIWSCNGT
random_14509,WPLTMCIQYQ
random_14510,CWKMPCDMEQ
random_14511,PADGNQFPKW
random_14512,AYPHNVMEPH
random_14513,TAECSLCIFN
random_14514,GFMKWDASVS
random_14515,GNQNVCTMVD
random_14516,IEMDGLSWGA
random_14517,GVEGGCPHMW
random_14518,MHIGWTAWEG
random_14519,TELYKMPPYG
random_14520,TVMKLRSVLR
random_14521,GIGALETFIF
random_14522,WRAWMYAFTG
random_14523,CLSDRHTLFAT
random_14524,ETEPYVFAPHD
random_14525,VMVHTLCDWSN
random_14526,DFHIMRTQKYI
random_14527,GDSPQCKRIWG
random_14528,KFEGWWGLISN
random_14529,CMAQQIHFMCG
random_14530,AQKANRAMCDF
random_14531,TNCGIYICVRY
random_14532,TAQNLPIFQDH
random_14533,CRCEDNDHDRW
random_14534,FDVGPR
random_14535,PVGQHN
random_14536,WVLRCR
random_14537,NVHNIVRESGKYFNIRMTEHQDRNFFWFA
random_14538,WASHDFLGKFWIRHRDAVHMGVSGFMDM
random_14539,WNNNKIQVRRECAGPYCDKKQMDGAVRVD
random_14540,WRLKTKMGVTWIDMAPEDVHQIGDMAYQRS
random_14541,FITNASIYPRCKANETAGWQWVNCYETWKY
random_14542,SRMTFQEVVYCIPCDSIGCQSAYWGFMRFN
random_14543,DAYGNVWNAHWTEIPLEFDWGMMATLCTF
random_14544,WNDYFTAWFAHIWIYFWCECQDPATQHYD
random_14545,KEMARYQMNIVWMAPSYDYVVPDRYCQITT
random_14546,DLSDQQPWWPGIGSA
random_14547,WCEICVHLVCTGRNV
random_14548,CSTFHTNGSIIIMLC
random_14549,QGDAAFAKIQRRRVY
random_14550,TKLTNSNAMEGLCTS
random_14551,PVGHHTLYDRNDTRY
random_14552,VNIDCAQYGSKFQLK
random_14553,VQEDNGMEGTLMMRN
random_14554,DRYLRDHIEFFQYEC
random_14555,ASTASVNMVVMKCPM
random_14556,PMRHNVNNPGWKGSR
random_14557,QDGTHPSTDVPYVMM
random_14558,RRMHCMPTMTQEINN
random_14559,WGFKKYLYYNMEEAD
random_14560,WIVCYHPMQFALWGR
random_14561,FRAKMWHAQFKTMME
random_14562,DYYTSCILKRWKSSY
random_14563,GPRESFQAR
random_14564,MCKLFFMEQPRIYNYWADCASMGGHN
random_14565,KGRAWLCYWHSQSGEYSFVVAAYVAH
random_14566,CYGWKVAWFKIKICRCSRIGGQWAWM
random_14567,VDQRAWYSEFFAQWMTTYMLVRAEII
random_14568,AFRYCWPWLTWFPNGRSTHKNDIYDK
random_14569,PRESCWMSKIERWHKILCEHAQQTHI
random_14570,GNHGPIHWWTWSFVKVWRAKEAIYNW
random_14571,RYLQVDSDVWKIEFCSAWPHDYEEEM
random_14572,GCEQGMTEAMDFYDQHHFAMDVRDVS
random_14573,VSQTMFQE
random_14574,NSPVWPPD
random_14575,KRPRHNYG
random_14576,REIPYSSG
random_14577,TIGHMHTS
random_14578,MRLTHWGR
random_14579,NDAQCGFNDM
random_14580,VQFDNDWKGT
random_14581,SCYITHLDAK
random_14582,AYHARSNT
random_14583,LCCHRRTI
random_14584,CRAHQEAF
random_14585,AGWGGCVW
random_14586,RWACGMNH
random_14587,FQFAVPMY
random_14588,AIRRRDQKE
random_14589,LIFDFMKKR
random_14590,QVDNPEVDW
random_14591,CQDQMMDFH
random_14592,QLCSWEWPIWMGC
random_14593,ESYSYCAYTLLHYR
random_14594,MGNSVHWQEACTW
random_14595,HTYWMRPFGGGCA
random_14596,DNDMACQKPVAECN
random_14597,QAFLGHKYFYSLE
random_14598,GQKQCTIKQKRSWSMVKP
random_14599,MVHCSRYETSPPY
random_14600,PFKADMGVSENNW
random_14601,MIRFGCVITSPSMCVFK
random_14602,HLVPYWTT
random_14603,ADSLNVRRPMKAGESINIEK
random_14604,CFNLKHCHNMHQQR
random_14605,YGIGRCVCQNS
random_14606,IKCWLVAQDYD
random_14607,HIFYYTSYWWW
random_14608,NFPQAHEAQHCLA
random_14609,FDYNDFLSYSIKWSKAQTK
random_14610,HMGVWWHDLHTGYLNYQTIY
random_14611,HQQHEPMILRKQ
random_14612,LKKCYEESWQPRTLHYIQCT
random_14613,RHDQSAGDGNTCV
random_14614,DCNKMCTHDLPYDHNYRH
random_14615,RLPKYDDHWCDNYTM
random_14616,PPDERSIEWCHFLMKTADVQEMASVNCFFM
random_14617,YNCDLAPLCMRHRMLV
random_14618,QGTYMRFARFNQWFYQTAMLIIWME
random_14619,FTYSLMVQLLYTNHCSFY
random_14620,MQYSPNIIGYFTWAFVLAR
random_14621,WNYNLTQRAWGSIYPNLF
random_14622,LNQKHMWGGTYCHHCAWFF
random_14623,PQKWKVAHQIFDAMCMGCYL
random_14624,YNSWQQYKCNFHLPNRAQ
random_14625,EETGMNVNWSDFPWDWTQ
random_14626,CGCQTRDIFMFLMPMTDR
random_14627,QAIMNKMGRPDRRPMDSK
random_14628,HDEGYMCLIIHICTMDR
random_14629,NQVAIERTENHSLFLEQI
random_14630,YINGKENIGYGIRFISPF
random_14631,MCMQIMYVAIKAHSKYMCNTH
random_14632,EVLECHESFQNSTANVTCEHW
random_14633,NWQSYWYQFWHGTMTEAPHRI
random_14634,PRSGQHKASHPRHHEKGPSDR
random_14635,ARYEHSVWHFCWVPGRGVKEW
random_14636,CSFNVVEKDGCTKIHNFPSCQ
random_14637,QVIIKRPECQRSMLDKWYPHG
random_14638,NFDACQAPKYMGAYMSPDMEN
random_14639,QGCWCVRHPDDQEYQDADILE
random_14640,SYNTRRTVHWSTIWKCNPYNF
random_14641,PQFLKHFEYIVTFYARCHVAK
random_14642,PTSFQKALFHRCLWVPCEVHY
random_14643,QQEHHYCTKWHEGAGEYIVC
random_14644,QVLYCDTEEEKASYKQGVKH
random_14645,IKQGNCHFHQKQELAMLMPR
random_14646,GQWSQFPLHMVEAPRWCFSL
random_14647,TKMMMSSRDCLEPATLECML
random_14648,SVTEGKRHYEAYTMEAKHLH
random_14649,DECYCQVKDSFDILCAGWAA
random_14650,IASAPSNCKQVNHFASRSAI
random_14651,HCAAPFNRFLSFFYSLMFSM
random_14652,LANFVVPGCNLKSIPIDVEQ
random_14653,FAVGTDLKYIGPGSTWFNLN
random_14654,GAAFNMFGDVYAPIPVYKCV
random_14655,ISENMPIVCKILYQAEFMPE
random_14656,NIIMCQTMMVCWKKIEDFVV
random_14657,MIWDNISPWQIAKAETYMHI
random_14658,HNQACMCDAQPAMTEVHVWA
random_14659,DTNGWGAKDQEFMHGTVGFQ
random_14660,HRQFMACTIHANSCYLIPET
random_14661,IADRHEWGPPWGFVFWRKWF
random_14662,QYIVMQLYTANPAGPAVPYL
random_14663,TPNFDNSAWDYNGSWWYCNE
random_14664,PCVNIQSEELHFRAQYYLDY
random_14665,HMRFQWDWMNTMEAPTFIRF
random_14666,HDEWMHPIPSIEADRTKNA
random_14667,MYHYEWTDVNLTQVCVGCS
random_14668,GYPLTSINCWQGKGRDKNI
random_14669,YYVTLIYNPVVDDIRNNHF
random_14670,NQIKRYDIHFPWQLQYSAF
random_14671,AYFGKHCWTNHEEVIGLED
random_14672,KQQPHVEELKMWTSYHVDT
random_14673,YSTPMKFRDIMGPWKRKPW
random_14674,SMWVKRQQCNQRVETRYWC
random_14675,FVHLPSENREGVWVFYVQK
random_14676,QESHDEVKIRMIIYQIGHS
random_14677,DLMDVRMMRWRLGCYRMSI
random_14678,MVPRWGEDREAVMYGKTNWRLN
random_14679,KWVWYQFNNNFQHWSQPEVLQD
random_14680,YVLAVRFYCNDWCESNMHSMLG
random_14681,RHCRGSWSFKHEYSIGCYCAFE
random_14682,FPHHRQIKIQAPHIHKFLPDW
random_14683,HECTRLGSYYNRTVRQIVDKP
random_14684,NRCTTWAKMYIYIGFAAILVQ
random_14685,WANSMARHLIKPGVSYLHWF
random_14686,ENFEREAWLYDP
random_14687,LCEELWVCFMNFPNDN
random_14688,NARVNEWQDSPQWPFHCTRN
random_14689,VADGTQMPVPQVSAVMVM
random_14690,KACQTHFREMHC
random_14691,YDEYRPICLENI
random_14692,DPWGRRRYVPFF
random_14693,CMNVQEVSSAIV
random_14694,LMVCKME
random_14695,GHVQISH
random_14696,MSDQHMMWNCQHS
random_14697,GFYVWMYRVLAYS
random_14698,TLVQFDEDCRLDE
random_14699,MESADVSLTTYKG
random_14700,NGMGGCMCCHVGK
random_14701,IRFLEDISPTWSQ
random_14702,IRWHCRRWQGQNW
random_14703,GHDPFRNNQMDFV
random_14704,MRRWLMIQVKPWS
random_14705,SHPQAPICFIVHY
random_14706,MGSLVMPACRAEP
random_14707,DFHNYGKRMRKRG
random_14708,IQQHSFNIAYSRF
random_14709,FMRMIETWEAEIN
random_14710,MCVTRALPQMMHH
random_14711,CHVCMKCPLKKMY
random_14712,QRMPREINSDARE
random_14713,GTYIAIIPRVGMA
random_14714,WILQMIGEGMFMI
random_14715,GGGQDWRQKINCA
random_14716,DGMDSDQSCSGHN
random_14717,KFARKMMARNMYG
random_14718,RGGNGVMTSKTCP
random_14719,DAGAWIDCGIEIY
random_14720,HMWMLQDMMGGSG
random_14721,PTYPIMMDRHQYL
random_14722,GIDTVVADSKFRF
random_14723,GGHTTQPQQIEFR
random_14724,FSAWTFPPNDVNV
random_14725,SQSNIMADFCHAW
random_14726,GFLAALPRMIKYK
random_14727,RFADNDADMSEYH
random_14728,KCGYLCMWDDFAE
random_14729,KDRWLLWQPRDRF
random_14730,NAWGCFMCNLNFY
random_14731,VQTMKTGGMSPAR
random_14732,RVNRVFFTPTVLA
random_14733,EDIGNNCSLACFR
random_14734,KYWHYRKHSLGCS
random_14735,HLPVCSPKLCLQE
random_14736,PHAAGNIDILNYI
random_14737,QGQFNYFFEFACH
random_14738,QTMEGYYLKHDRK
random_14739,KNLQSFCWQQSPH
random_14740,VDGAMQYAQDLMK
random_14741,DFVFNQPLDWKHS
random_14742,GYVPITGWCSKDN
random_14743,FMVGAITMWATDS
random_14744,HMLTVGLIISKIG
random_14745,GKQYQHNEKITMF
random_14746,LLYDDETPMWSFR
random_14747,DDKTFNSVMLDYP
random_14748,WPCGGLVQGDVVI
random_14749,LMKDPLILHPNNI
random_14750,PTIDNPVPYVETT
random_14751,YCQNMFYKPPKYW
random_14752,NGAVKCVVVHWSH
random_14753,GIEDIKRTDCGCD
random_14754,LEPDWAAEHEYHW
random_14755,DTKRYWWKKWYDH
random_14756,HYKRLNDGCNKLG
random_14757,MNAEIMLSQGQPP
random_14758,RDMNQGRDDIRVM
random_14759,WFWGKWNETSWWW
random_14760,TSFPTDLSLSELF
random_14761,FMRQYPCNTVWMQ
random_14762,MLTGCVRSTADYL
random_14763,WLDIRAYEYEILF
random_14764,LQYNWLYLYFCHR
random_14765,INTNFEHGYDWGE
random_14766,QEKNWVWIGERDV
random_14767,PSDCQKPSTRWGS
random_14768,HIKMTGLTAQYVC
random_14769,WELGHPGRNCMAL
random_14770,CEQPNCRKHAQPR
random_14771,CSLKQSQSQGCFH
random_14772,PEQYMIRPRCKRC
random_14773,RLKNPEDINMYCH
random_14774,LYNCCFPVQSNPR
random_14775,NLPRLLPDKFTID
random_14776,VFKFATYYHLHWM
random_14777,FEGGSRPGIWTGH
random_14778,SFNWPKQHENVRS
random_14779,PPISPWMDQNEQD
random_14780,WNNRSYVFEHEMN
random_14781,VRTSCMFLDMRRD
random_14782,THRPGLCSSKHKV
random_14783,SMDNMARQHRKML
random_14784,TMSFRGNLFPDKI
random_14785,VFRKSDHQRQTYE
random_14786,IAIRECQCVTAAG
random_14787,IFWHPFVQNGIVG
random_14788,NGGYMNHLNNARS
random_14789,HPDAANNRFHMIS
random_14790,VGQDVYKQSRYAY
random_14791,KEWPVVCRGLHVT
random_14792,RYNDFGKTCMFFY
random_14793,ENPNLMWDCTFEY
random_14794,LYGDKHFIADWQS
random_14795,CFNMRDQERGWQA
random_14796,DYLMMWDTTTHYT
random_14797,GDVWMQTADRFFG
random_14798,WFMNSFAAWVYMD
random_14799,LKNTPKGGGLRVK
random_14800,MFANNEPFQFVKP
random_14801,SCAQYVSVTFEVF
random_14802,KCDYQWHGKFMHM
random_14803,WIISSMWSAPQDL
random_14804,TSITFDWVACDKQ
random_14805,KNNTDSLIVPFLQ
random_14806,ASERPWKDSLECG
random_14807,CICGFTHGDFRPG
random_14808,VVRNYIQGDSRYF
random_14809,NTIGWPDCFASFF
random_14810,DAIQDNWSLSSWK
random_14811,NLWMMQTSQFTMG
random_14812,TLMTDRFNVSNGP
random_14813,ITNCCWFYIAVYI
random_14814,WQCTYHEGEFLDL
random_14815,GDYPDGRLSAAHM
random_14816,TERFAKDPTQESS
random_14817,YMTVWLTACCGHM
random_14818,CETFSWMDDNQTN
random_14819,KPFSWNKDLNPCK
random_14820,FYQNVRCSEHIIN
random_14821,EHQWNFMKQPGRR
random_14822,YTKVKFRPMYYRT
random_14823,PWEIGKRHMNKTL
random_14824,ANANHVVQTKPYQ
random_14825,VMEIFVDRVTFLI
random_14826,AKMRDQEQIPIYV
random_14827,DCAHREEPCSEHH
random_14828,LLNRINMNWMIRH
random_14829,EACNWRLEDATKM
random_14830,LRVGRMPFECILN
random_14831,PSLPCKREADHDW
random_14832,MTYVTNCTQNQTA
random_14833,YSTYSIILFSCYI
random_14834,TVTPLKKVMCDCC
random_14835,CKLPHHAFVNDFM
random_14836,QTKATTDQDWMSD
random_14837,HQVDEYKWHFPIY
random_14838,YWWEDINCRWAQN
random_14839,RLHNIADMRSCIF
random_14840,IMCMSRIKLWQQQ
random_14841,FAGIHQTRQEQQR
random_14842,WCNLIDQEHVQKI
random_14843,PAQALFMCWCNFQ
random_14844,KVADTDMVDRGFP
random_14845,YMVFMCKDTDCQA
random_14846,TTPIEIMISPPNK
random_14847,TRKFIIMDQWQYG
random_14848,MGQQLRHFHNVCY
random_14849,NIPFSCPKCYEFK
random_14850,CRNRFNACMYPCL
random_14851,QKENDPLSIHCFY
random_14852,KLEMWQLGSQMWE
random_14853,ARRKRMVKEMSQM
random_14854,YRCINCGSHQPID
random_14855,KVSSSRPGELIKL
random_14856,YDTNAARGGVEPP
random_14857,LKVHGCGMKCMMN
random_14858,HNKGCHHVDGVWM
random_14859,ECFKEVPAFGDPP
random_14860,HHRVMTLHHWRFI
random_14861,MVEWAMNAMSCSI
random_14862,MICQQCLAATNSV
random_14863,RERSLFHIFEQGI
random_14864,CSIFFPNHWIITR
random_14865,PVNPWSAEMFKLD
random_14866,AHVWMCAHPRKFT
random_14867,WEKDNQTQGGPEN
random_14868,ELRASEAVGMTGT
random_14869,RMWIRIDSAQDVY
random_14870,IMTVISQSSQNLL
random_14871,MTITRWNQMEYFF
random_14872,FAGGIQQSFMAHP
random_14873,REWDKQIASAMSS
random_14874,CCPLQPDETVNRY
random_14875,TEYVEFMCEDCDP
random_14876,MKPCRNNAMQESH
random_14877,CRINTFWYYLNST
random_14878,EWSPRWFLNEHER
random_14879,AKMAAKIGFIEDE
random_14880,KTGNYMYKRDWPY
random_14881,GVSFYRSRPVLSD
random_14882,VSTAFIEKDWPFF
random_14883,DCNVYLFHFTGGN
random_14884,DFFCKQNLSNSGA
random_14885,SKNDHTRQAQASK
random_14886,KPWSEPTGHYHVV
random_14887,RIVSELWCATKCK
random_14888,LRMWIAFGSWWMK
random_14889,KFSHPKKFDQGVS
random_14890,VSWKSYVHMFMNE
random_14891,ALKADWIWDTNGD
random_14892,NCSTCQMTRIRTW
random_14893,YSKHVSKHFQPQH
random_14894,ARSHDHGICILKA
random_14895,TGDCTFPRLQNWP
random_14896,AIIMHQDTCIFWQ
random_14897,DGACGQEDMVRPL
random_14898,ISQHFIDGWKNIK
random_14899,HKEMSDDWKIVYK
random_14900,MSCGHWPKGKLRP
random_14901,VWKMDDRDLCIQA
random_14902,YEGNEICEPLSEN
random_14903,AAKWTYCCASVNP
random_14904,AKDNEYRTFNRGV
random_14905,AEHCWDKQWADP
random_14906,FGTLLQNGKCYI
random_14907,CMKYDFWQPSIQ
random_14908,STASNDSWDTHD
random_14909,ANYDFSKNTPFF
random_14910,SCKCKHSTYKVA
random_14911,RDWGHKLNQKKD
random_14912,LCIQTENHYYMD
random_14913,APEAIRETKMSI
random_14914,CNFKFWVKQKMI
random_14915,WGPLRFRMNFRW
random_14916,ELDQRCFMSHYA
random_14917,HVMIQIGHSQIA
random_14918,PVWWEQTQQLIT
random_14919,MWMMKYACESFT
random_14920,VLVHMVCKCNAD
random_14921,TMRANEAYYHHY
random_14922,RLSEYRIQKVYP
random_14923,STRLLQFFVPAT
random_14924,FNVMGICIQYVM
random_14925,DKMYYYECGPFE
random_14926,RWMNEKACVFHC
random_14927,GMHKRNAHKIEL
random_14928,WKRDCPWLKICW
random_14929,YWKQVRAACQTA
random_14930,WLCDHLLQWLCH
random_14931,HHLDKRVEANPH
random_14932,YEHWATHMICFD
random_14933,YNWHYLVRVEGD
random_14934,HGLCRMGINSCG
random_14935,EGRAWEDFGTVT
random_14936,SENYCHITHNGC
random_14937,SQNGDILMNRIM
random_14938,VQWTAVKMTTWW
random_14939,EIFATWATQQER
random_14940,IHTKHLINHIAT
random_14941,NIACPERFLDCA
random_14942,CIAQTILKQPSR
random_14943,FAWPMWTKILFQ
random_14944,KHRSRMMPCLQH
random_14945,WLVHKKVFLYYD
random_14946,GHRKFVYYSIAF
random_14947,LLCGLDQSWKKQ
random_14948,VFEERDFLWFRF
random_14949,NQIRTHDPWMDY
random_14950,WGCQYRWNEQWI
random_14951,EKYIYFAVMMTV
random_14952,KWPAKGAFNEQP
random_14953,FWYQCPPRLEKH
random_14954,NTMTDWEWSNDQ
random_14955,KHRKWITYINDI
random_14956,HNMYPHSAGILC
random_14957,LGYEGGKPYNAF
random_14958,VRAPTPSMYSWM
random_14959,EVQCAHNYLQNG
random_14960,KDDGWYNNAYAH
random_14961,DQQFAKRPHVEK
random_14962,SEWGLFKHEQQS
random_14963,ICRLPLQFQVCI
random_14964,MMVDWIISINMS
random_14965,YWIMANEHRPPD
random_14966,ADFFYVCLERTS
random_14967,GEWQNVQMVYWT
random_14968,LNECTSRAHTQQ
random_14969,KHRDAWTYVMPD
random_14970,QEWLTMVFRCCI
random_14971,FENSPVVMDSYV
random_14972,YGHCYCDWDWSQ
random_14973,TYRLPTLQTAYS
random_14974,FSFYEDWPQLNM
random_14975,QWLKLHTMAEGP
random_14976,TMCWRRFRRYRQ
random_14977,ANIPEFCALQRN
random_14978,VFQFEESGGFRQ
random_14979,HEKCECHLKEEK
random_14980,IDGPLHEWYAFM
random_14981,CTRSMSAFNEFV
random_14982,KWMFLGHRTSTG
random_14983,GTEGWMTLTMSY
random_14984,FVHSELDAFPMW
random_14985,HPALEHPYINRT
random_14986,EDQGGCVANAIH
random_14987,DRRDTIDVQPTW
random_14988,FHGVLDWMFEDC
random_14989,KNMWIKFCVDRC
random_14990,INYEAEWKTAII
random_14991,EPTNDIAMECLV
random_14992,NGYMHMMLVKLA
random_14993,DIQSSIGYVPCS
random_14994,AHCSADTHALQW
random_14995,FPGDWHQCQYSW
random_14996,HSYWPPYTYPNA
random_14997,YVYMCNDRAGVC
random_14998,ACCNCGNVVEYN
random_14999,FWNLGEHHAAKS
random_15000,NQIIPIIRCACF
random_15001,GKMCSLLHDAWQ
random_15002,NKLPHNACPNME
random_15003,DDMGMQQVATYR
random_15004,GLQSENHHTGPQ
random_15005,GFRINCWPNVYI
random_15006,NLNIHMFILPTL
random_15007,KEVRKCIACLIW
random_15008,LSIVWEDSKLPE
random_15009,LYLYDDAAGLQQ
random_15010,EKDRSRSWVTME
random_15011,NMLVYPNRWSFN
random_15012,YHIYKIMVSIYR
random_15013,RWVFRRKCTFPS
random_15014,YLMWPHFCHITM
random_15015,LVDGTFQRVCEP
random_15016,YQLGEHAPERYV
random_15017,RFPPQADCNFDS
random_15018,AWPGSSHEQTAD
random_15019,PIVSQEPEERKF
random_15020,YREFDYNAPVGC
random_15021,FMLGLAPRGCTN
random_15022,PKYHRYHNRKSS
random_15023,LGGTKVKMDYWS
random_15024,DTMIATLNREYD
random_15025,KMRVNHVEVQIH
random_15026,KFNMRLDGYDRF
random_15027,FGEFVNWALRPT
random_15028,QFWFGNQGPVLH
random_15029,YKVNLATMAHMK
random_15030,GKQWWKNRRRNP
random_15031,CWMCDMKETVPI
random_15032,QWVRSWYLDMKP
random_15033,EEQQESQIHDHC
random_15034,VDHIWKDEQASN
random_15035,DSKLMLFGYHAH
random_15036,FWTQACRYVDFN
random_15037,NQFNPTTCMVGS
random_15038,SGMDVGHASTFS
random_15039,IDRMKAQHPVFI
random_15040,FHRSEMNDVIDL
random_15041,DMIGVYKFFPAR
random_15042,YMSSHETAMIYK
random_15043,TEDIQLAFDPTV
random_15044,CMWHTNDVRDPT
random_15045,FMREYYRYDWTE
random_15046,KVLCRKWEGFVR
random_15047,CCPYHKQYTHKW
random_15048,YWQNEIPRRFWT
random_15049,WPWHFWVKWFFI
random_15050,DTATIKIQTIQD
random_15051,FCSWFCRLVERT
random_15052,RASFPVADPFRQ
random_15053,SCKTFLMNTYKD
random_15054,FCASCHYGTDGA
random_15055,NWTVTAFMYFFI
random_15056,VARRNWNCVVWQ
random_15057,FHMRGPWVIWYG
random_15058,FGDSKTKPQKPA
random_15059,PYLESVIMMGAD
random_15060,MREENWCLLCVT
random_15061,CFGLVYVRFHHR
random_15062,VLYVCHGGRVTW
random_15063,LSFVFTYWNCEG
random_15064,ARHIGILSMWDC
random_15065,STRQRWPWTDRW
random_15066,TMGVGESGREFL
random_15067,CHCCQLYPKQWT
random_15068,EEPHKWSPQHDW
random_15069,VDYIPSSTVGNQ
random_15070,GDIYYSIRSMEY
random_15071,YTSAYECDIGSS
random_15072,RMIVNHSPIDTF
random_15073,YQPVSDEYHEPR
random_15074,HPKFKNKPTPLR
random_15075,MLGNWFPGRACQ
random_15076,KMIEEGAGGREK
random_15077,CNFVWEMQCVGC
random_15078,EFMNWQWSIWMI
random_15079,KSTHDRCYPRGY
random_15080,IRHSWDNTPLQL
random_15081,NASESAQDWDEM
random_15082,NCIMPGRLRTDA
random_15083,AFIDPTTNWSYG
random_15084,TIELGREFENTF
random_15085,MRSLCYDPICHW
random_15086,HHVLLATECTAQ
random_15087,NDNIENMSALIL
random_15088,CAYDPEEYDKKW
random_15089,QPLRMPAKHGDR
random_15090,TWLIFRIKSGDN
random_15091,LMLWYFGRQYHT
random_15092,LVKVVFSIYAHQ
random_15093,QKHNLKQWFDHK
random_15094,RRMMMPSPYFPW
random_15095,AGMGCRLAFQQE
random_15096,CFWNFPAKPAWV
random_15097,TICTYSCVWEEQ
random_15098,SSFDCVMMKGIR
random_15099,HGLCLSLKWSDS
random_15100,WYHPCPPDYTMC
random_15101,SLHDPEDFAEAI
random_15102,LNSPTLNDCSLQ
random_15103,KDMHMADGEQSV
random_15104,TQGRYISGGICG
random_15105,SPTPIMGDVQHA
random_15106,DSNLDFRWKETY
random_15107,KQNCVSYQFIIE
random_15108,KIEERWGTCTIT
random_15109,RNVLTDEFTDYF
random_15110,NDEFITWTTCHL
random_15111,VPHLQDMPQ
random_15112,PIDSDMENG
random_15113,CNIAYRADF
random_15114,NPWQEYDLD
random_15115,HYFMWPRMH
random_15116,CICANWKCA
random_15117,GHDLTDWGM
random_15118,HKWRQPPGF
random_15119,AKYQKMETH
random_15120,VWDIHDHYW
random_15121,CQQTTNNQQ
random_15122,HAGDAIWYL
random_15123,TMVRSFTQK
random_15124,RWINQCFQY
random_15125,YHTVFGPWF
random_15126,WMNMNDWSC
random_15127,PGSPIFMEM
random_15128,SVFTESGLQ
random_15129,TPVIWNGET
random_15130,WKWMFFMEY
random_15131,TSEFEVKYC
random_15132,PGIPTKLMV
random_15133,PFTWTHYKI
random_15134,LHIHDNYQH
random_15135,YNMLKEQQL
random_15136,PMKQLYKEP
random_15137,GHKEGIYPD
random_15138,FNDMFCNGQ
random_15139,SWHSQKFIF
random_15140,EYWAGDSSI
random_15141,NGWWVGNMK
random_15142,NINKHRHWC
random_15143,QTACMDIHH
random_15144,ETIRFVNGC
random_15145,VPYDRRAVE
random_15146,RAWCISFSI
random_15147,GILGKMVPW
random_15148,GYRWLQCFW
random_15149,CWKFVALHR
random_15150,TCWLPLRYF
random_15151,ILNCFADGK
random_15152,GATKTLKVR
random_15153,WRFKMCRFA
random_15154,QASTTEQTH
random_15155,VTTEMVTDT
random_15156,EHMRLFCDT
random_15157,YMKQWFYQH
random_15158,EPAGINKAR
random_15159,FQRPWYYFF
random_15160,YHGRCINPC
random_15161,VGLNQSDGL
random_15162,YKPRGNLWK
random_15163,TGVHDIQDC
random_15164,INQGCTRML
random_15165,VKMTKNEWQ
random_15166,ARAALFDFQ
random_15167,ITEYVFVER
random_15168,GKFPTGWQS
random_15169,WYGNNQCKM
random_15170,CYLSDGSNV
random_15171,IFFHTLPHC
random_15172,RQYSAKWRD
random_15173,FKQQTYSHH
random_15174,AQYQPQYFV
random_15175,IEFFCVMFT
random_15176,KKIQERSTE
random_15177,SSRQEKFCP
random_15178,HDSYKRPWD
random_15179,MATSQIGAV
random_15180,VKNEMVTHR
random_15181,LQTERCGLR
random_15182,GVKTCDLLP
random_15183,FMCDWHEMP
random_15184,IRCAIEATG
random_15185,TYWEDWHMR
random_15186,SCHMRDGYF
random_15187,CTTTALWTG
random_15188,IRQKHRING
random_15189,CLGEISIFN
random_15190,QQGQSKCFA
random_15191,DMYKNVIHT
random_15192,SCWFNTSHS
random_15193,VLNWSMIMC
random_15194,MGRRYRCRK
random_15195,NEELTSQPM
random_15196,IIPLGATAR
random_15197,AWIQSGKAS
random_15198,AMAKSVILL
random_15199,TCWLTEVTR
random_15200,KIPQGNTLH
random_15201,CFSKCVWRY
random_15202,ALHRIFWWP
random_15203,HLRGLTAQP
random_15204,CHTMPQPDY
random_15205,QMQTHVWHT
random_15206,AQCQCSPTY
random_15207,TFKQTLRNT
random_15208,RRGMFYQII
random_15209,RRYDPSGWR
random_15210,MECQIYHMP
random_15211,VDGLVYWYF
random_15212,QLVAYFDDD
random_15213,TREQYNQPM
random_15214,WPCDTLCVV
random_15215,VVMRYQLAG
random_15216,AFELGFMQI
random_15217,HGHNRPNVC
random_15218,PELATNGVL
random_15219,SVRQHDQNY
random_15220,SVQEVGSSI
random_15221,GGWIIPEDL
random_15222,TIAGPQWIE
random_15223,DIHPTQRIG
random_15224,MDKEGQMQW
random_15225,WKQGTGAHK
random_15226,LFAPIIYDA
random_15227,SRWKRFFHT
random_15228,AISANAFYA
random_15229,TACLDYNRR
random_15230,QTCYDAFAK
random_15231,CFSTMIFCI
random_15232,FPCPHCSFT
random_15233,SYVLTLLEE
random_15234,RRLLPARHF
random_15235,SPNLTHLVE
random_15236,SQKEAYMHD
random_15237,FMHNHLQVV
random_15238,IITPNIDQR
random_15239,SPLMGKNLL
random_15240,QPIERAKLT
random_15241,KEWSNWDML
random_15242,LCWEYSCPE
random_15243,GWMYPTCVQ
random_15244,HVSKCCIND
random_15245,TIFAMKVQQ
random_15246,CNRGEQRHT
random_15247,RLNQCSYKY
random_15248,CGGFDKIVS
random_15249,EQTGQPRTI
random_15250,HWDQQPGTD
random_15251,SHKVKKSMP
random_15252,DQAENCLGP
random_15253,IHWHKDFLC
random_15254,WAVYDISHC
random_15255,YHDCHDQPE
random_15256,IWEFCFVHC
random_15257,TYSLKDMCP
random_15258,RKMQSYTCA
random_15259,IMVDGQHHL
random_15260,FICYSSPDM
random_15261,WFSQFDGMS
random_15262,TECINAMIR
random_15263,NVNHPPVFP
random_15264,SNKLFLMWT
random_15265,PSSHDLKCV
random_15266,YERCGSVIT
random_15267,SRHPYSCSS
random_15268,LCKEDEWFC
random_15269,GGIDVRLYC
random_15270,VLDCQEGSD
random_15271,DVDEYSKPA
random_15272,LDMGEQYKW
random_15273,NAYTINERS
random_15274,KCDGDKTFM
random_15275,SLMAYCSQM
random_15276,HIECWMSLT
random_15277,QMGMECSYG
random_15278,NRKIPCIYQ
random_15279,HQFPFHWHK
random_15280,IMIHELMMM
random_15281,ITIYNLPKI
random_15282,GWYWVYTRK
random_15283,RQFLGGCMS
random_15284,FFDFNNKGG
random_15285,TFMWTIWFE
random_15286,HRNNGREPI
random_15287,ALCGVYKVR
random_15288,PWQYQPQET
random_15289,VFAPWNAPN
random_15290,PIMPQCIDF
random_15291,YMPFVPLYT
random_15292,WCPICHHEV
random_15293,SGMHDQNRS
random_15294,CYEWDDFRG
random_15295,MQWMIKKNA
random_15296,KAIKCIWDN
random_15297,QAPIAQWGC
random_15298,YCKQSVTST
random_15299,HWDMSGAAE
random_15300,QSWFITMRI
random_15301,PMIWMQLND
random_15302,SFHALVHCG
random_15303,AGQLMREDS
random_15304,HQWHVWPQG
random_15305,QPDTYPTFH
random_15306,SMMREEQKM
random_15307,WGARQQGRA
random_15308,GVEETRVPV
random_15309,TNFSLPETN
random_15310,GIEMYWVTG
random_15311,WAAPYWALV
random_15312,SEMSGNPTH
random_15313,SGWVQVFKY
random_15314,KEQWMLREG
random_15315,DAVLPIHQR
random_15316,TSNKFAMWN
random_15317,RCRVSVVFL
random_15318,YQSYRFSPR
random_15319,FIWKMYQTD
random_15320,ACYMLVWFG
random_15321,YFCMQQGKP
random_15322,MIEQVDFYR
random_15323,PIHEAPWAK
random_15324,YFQTPKMQQ
random_15325,LYCSEPEAR
random_15326,DPSPMRVIQ
random_15327,PSDGCEQNA
random_15328,QEIQACRPC
random_15329,SGMGMPRFR
random_15330,HDGLSEYVL
random_15331,QAVCPQQWN
random_15332,PGKQFEQYK
random_15333,AECGIVMKV
random_15334,IKWRIMPET
random_15335,FWPTLNHGI
random_15336,NSVILNVIF
random_15337,EVKRKWSYN
random_15338,HNWWKEIPP
random_15339,YHYNATPQM
random_15340,HPKPAMKHC
random_15341,QDCMVAPDR
random_15342,DLLTMLEDW
random_15343,CTDNNCRLF
random_15344,EYDWKFDWV
random_15345,NCYIQPRNH
random_15346,FIDKYPTKW
random_15347,VQHYCKRTE
random_15348,NMSETGQTA
random_15349,DPWYHEENI
random_15350,ITYWMKHCS
random_15351,YIGEAWTVL
random_15352,MTISYGIEA
random_15353,PPQPSLGAI
random_15354,FEKVHQVEL
random_15355,WMTKDSPNY
random_15356,GWTVMMKGF
random_15357,VCIQTREHW
random_15358,AHEARRENV
random_15359,QSPRCFPFQ
random_15360,LHCFNRCMG
random_15361,DPRSKPCQH
random_15362,AVIHWTSPC
random_15363,PKWCWCVVS
random_15364,FDHWWYAMS
random_15365,ICKARIYQT
random_15366,FPQRGTFDA
random_15367,IAVQFADDT
random_15368,NHAYVPHFG
random_15369,GSMHNPARR
random_15370,PMIISEQTA
random_15371,CLTWTFIPK
random_15372,AYPCFLIMM
random_15373,YHLHWLPYN
random_15374,PDRFWIYGA
random_15375,PSAMLYGRR
random_15376,IPAIFDDYN
random_15377,MQFKDLFRV
random_15378,EEASFQTRP
random_15379,YDKDGDQND
random_15380,DPALSMRCM
random_15381,YRSGMMGAY
random_15382,WVPCLDCHE
random_15383,FRLHADDMM
random_15384,WQCFRNGWQ
random_15385,IDECLMLAD
random_15386,TIMGHCFFT
random_15387,MHCQQRCRA
random_15388,SYGFPSAKF
random_15389,MAIAQCYDT
random_15390,NWFDVLYIN
random_15391,PMEWGAGYK
random_15392,KGHSCFCLI
random_15393,WCYIYFNDL
random_15394,DDIYLVIYA
random_15395,DRFPAMMHG
random_15396,KWRNLRDYN
random_15397,FGKCRIYRS
random_15398,RAARPPFYI
random_15399,NPSHEIYHP
random_15400,HKHIIHNQM
random_15401,CPRDNEFVE
random_15402,HRCCQYWTT
random_15403,KQTYESYDTFNCEVCDIHGD
random_15404,NEWDLLCHCGMIPWMIMMIYESKHYIVKNS
random_15405,MYYIIDMVLKFECDQWHPCCVISQMAN
random_15406,YMWRPKFTEYRQACGQTSGYNMSRPN
random_15407,EPNFDLYTHFFNVFGEIIFRSANKYVWGD
random_15408,RTQPARSRILQNIIRQWDPEHIEKQDPWFC
random_15409,CVILESPCRGMYVNGLFSSDYETEAIVYGS
random_15410,TKPCCEMCVGCDQPLDVYELQGLHFRHG
random_15411,RQRIAEDCLGPMPLWGCFATVSNLLRMWKC
random_15412,CNEHYCGCFLFRKDPKLKKDWPWRNVPED
random_15413,MTRHCHGTKPWDPILMNTPVDRK
random_15414,IMEDAFDPSQNKIGMDCQWP
random_15415,SMLVKPIIISPYNRPMRASHWGENLQV
random_15416,IGGRYIEECPSIMCNCAMPEFT
random_15417,EGMTFSESLCGRMCIVWLHQNVIQNNQQEN
random_15418,PPHKD
random_15419,LEYVFNAYWTYWWCM
random_15420,REEWEKFIYRTTHYGKSFWSYKDMH
random_15421,SQTATNFEWYLLDIFGMSYVFF
random_15422,MNSGFVQCIYSGPLHASCYNRSHM
random_15423,IDRYSH
random_15424,YHKKA
random_15425,ADKEM
random_15426,RIVEDK
random_15427,GKDWS
random_15428,LMADK
random_15429,YNMQC
random_15430,YIFVD
random_15431,VAPYV
random_15432,RKESP
random_15433,DAFWHY
random_15434,GQCRIQ
random_15435,QWILTA
random_15436,LNGEKQ
random_15437,DYNTMFQKEDC
random_15438,FVAHCYGCQPK
random_15439,AEFMLCQHFYH
random_15440,TFFFSICDNNQ
random_15441,LSCIDTVWTFQ
random_15442,FLDNM
random_15443,FLCIYCW
random_15444,NWGSYNS
random_15445,VEDLKCC
random_15446,NWEERPK
random_15447,DVVWDWN
random_15448,LQWYTQM
random_15449,CKLAWFN
random_15450,VKAYNG
random_15451,ENGWQHDG
random_15452,RMRPLFVFIAGHCVAFYPVC
random_15453,HSWKGYS
random_15454,HDKDCRFGYFSCWKWVPHIT
random_15455,PMYIQYCCAMFQPYRMVGTN
random_15456,MHDCERSTCGHLERGKKVFL
random_15457,LMTWPRKHGCHEVCKSSWSV
random_15458,ATKDPENDKLPNIFITHVLW
random_15459,FCIVRKHMREYEKQPAQRFQ
random_15460,LSNFWDDMKTDPIVPIPSDD
random_15461,EAYSNNMYTCPGYPNKCQGD
random_15462,WTMKSCGMPFTGYGYEFWNWG
random_15463,LRPQPWKPVTCVVDPSHCRQHIWTLNL
random_15464,CEFMS
random_15465,CSSWW
random_15466,FMTCASH
random_15467,EIVMMLY
random_15468,RLTRHHI
random_15469,GVKTPEW
random_15470,SPEHGHA
random_15471,ILWSAEP
random_15472,KFPHYMI
random_15473,SEFEGEI
random_15474,YVIDAYWDAHEKK
random_15475,WKRTSGIHQQLVAKY
random_15476,HMNSAISMWS
random_15477,HLGLIYCRRAYLGMIQRRYR
random_15478,ECAEIVASPSQPAGAIVEYI
random_15479,NQCFIQAMFPPRPDVDFREE
random_15480,KTWQTDQMVKHLAHKERLSW
random_15481,CFGGVEESFMGIVTIWPVMT
random_15482,QFSWNQYPIWVRFMYLDLEI
random_15483,DKEDNMKDQLKWTYWCSPFQD
random_15484,QHMSSCT
random_15485,MVWHIEY
random_15486,NVFGRYG
random_15487,NSISRYV
random_15488,WGIANNY
random_15489,PLPRMPV
random_15490,CILHQFY
random_15491,WALGRYA
random_15492,VEKTWKF
random_15493,YAFQHDG
random_15494,EVQMVVT
random_15495,EPRHPDHIEWA
random_15496,KYFTMSHHL
random_15497,SAFGI
random_15498,RFPIHHGYNRHCFMMRARGAVTM
random_15499,HCQGIHNMFHLYAIICEQSLV
random_15500,AACVDPENNFSL
random_15501,SYVIEIFVPYKGKLTNHNSME
random_15502,VANFMM
random_15503,FYAYDEFYGRENRAQG
random_15504,DGCKMKLPEPNNCLDGVIFDGTN
random_15505,AVAPQFERNNLRWDHLSPVVWHGYLMIA
random_15506,YMFCYWIPYKTPWEPNGYPWKKRQYVFI
random_15507,PQHTAQCWYEMWNLPQQMNGHMYSTKRSDK
random_15508,KFIQHAKTMFTMPHMDPPFLDTCACVVFTL
random_15509,RQDKDINLGVKSQPADTMRDKQV
random_15510,EHYGYSWVFGVILQRGIEDNNQP
random_15511,ESKFHPPQSEWGRHNWFLSMRKK
random_15512,HACSIVWVCLTGVC
random_15513,KLWNRHVWAVTQRRHPGRGYHYD
random_15514,MVRSCIGIAAIGDYCQLSECTSAWQC
random_15515,CVRPCELYNYAQKG
random_15516,MGWACGARFKAETY
random_15517,PHQIMASPCAHTDK
random_15518,HHKVQGKRTGVVDPY
random_15519,LEMNQIAWTYHRGMYQYFKQHLFQS
random_15520,RVFDPMGT
random_15521,STARDCWSHNMFTFVHSNWE
random_15522,HYCMETDCVENALPTCYMWQ
random_15523,FHGRWVKQSSIFNYM
random_15524,VKEDSHMLRQMEMTP
random_15525,SDQMSFQKTDANGHT
random_15526,CDLQTTPTEESQNAQ
random_15527,LNTKRVLMRASGAMC
random_15528,LIVWWYQYQHEPHWP
random_15529,FLTPWWCCTKTCNFDPCQNCL
random_15530,YRWNTTNPQNCTEDYAKRKCYVELHGYR
random_15531,FERNLADFVDKFEIVCESFYKQLCA
random_15532,HGPVLGNHEWRRTMFYWHINYTTMSAKW
random_15533,CTCRWTKLFKPKWQKCHCRNL
random_15534,VSSEDVPWEFAHPITACGDVE
random_15535,EQEQGIWIKAVRSGFDTPQPR
random_15536,NGSFMWFCQCSLVRFPHEECISFIVAWK
random_15537,IEITRVFLIYPKRHKSMISWCFTHDPPA
random_15538,GPFFLEKIHVNMMIECDMSWTMKRKEAH
random_15539,SWYVQHWTLTWHHELILIDPFFEPIECT
random_15540,IIGWTNGEWYNIFYCVKFYYGMAACWGE
random_15541,IDTETDHQPRRGNTTTHWCKVFCTYIGE
random_15542,FRNWQIQVD
random_15543,CEWFEYMHD
random_15544,IRNQLGKNE
random_15545,QSGEIFRMP
random_15546,KQTDGYNNMYFPQAEPCPIKQ
random_15547,DVHMIEISI
random_15548,ITRQVGWCH
random_15549,RMNCETNMW
random_15550,HHCIFVDGE
random_15551,FLLLLNSHFADRTHMGVEDYRQCHYCIT
random_15552,PSNHQIGPNPMKVAYRP
random_15553,WQQQSIQQIMTIERQQQ
random_15554,DEMQVCIPCVGAWHLFI
random_15555,RTRTWNGQWHYMKVLYRINYKQG
random_15556,YRWYEDNATGQVQDFVQVNKWPQ
random_15557,QHTSGDNDKFVLFDAIRQNIYEP
random_15558,MTWMMFSKCHRRFR
random_15559,ARPARNPCPTKEKCLTVKNG
random_15560,PVAFECPNGANHKRFSD
random_15561,SIFTDTPGVKMENE
random_15562,QWCVMFQHWLTYMWCRPANET
random_15563,GGHSWMFFH
random_15564,CWITNFCCTKPKALYYW
random_15565,QNHDPYDYCENVFNLTNHETF
random_15566,WTEHDLVYTTYHTEFVCVNAGAYQAVMF
random_15567,SVNIPYHGCHFAMYPYWLQFISIDWWRV
random_15568,DFMCAQMIWLMIGVAHGNQPPFMAKWWI
random_15569,CDKKGFFVYRHATHSGWQIKTWCADDHD
random_15570,QNEAHYCWQTIFYDTSQSIMGQSDRCIV
random_15571,AGMNAHDHNIMAEVMCTSDRPHDQAIRF
random_15572,PDMLWTAWIAPVCPITCPPPIGTCGNGR
random_15573,CQPVAWNMQ
random_15574,EPQHDWMWD
random_15575,WPHDGQTNENQHIDTTQRHAY
random_15576,KFRVPDCNFRITCCNWYVAYL
random_15577,WWEEGVLDSLQSDIGRPMYIW
random_15578,DWSGFYANWLDEGKPGQYYEE
random_15579,VLMYMIHNCQHGYPIMDALGD
random_15580,RPGDTYVARFCRFYNDHSQRF
random_15581,RDMSGQDCTYWVFEAVDIFEFQCA
random_15582,AHGCNWGKHGHAPGQKAMPRHNFF
random_15583,SSVPQWQWRYWTPFSHCQMWIHSE
random_15584,WHHAEHKFCQSRTHVYEQHLQIGH
random_15585,QFSWEERFFQESEQIQEANYKNIW
random_15586,MIYNLGNVRNIWQEIKSSTEADME
random_15587,KAKYKEREDHVFDYKMSGRALPDG
random_15588,YKNHQGNTPFHFVRYDQTVQP
random_15589,WWKGGYQYQMHDMSWWPCYEG
random_15590,CVMNQDTIPEFFWVALNFLSV
random_15591,DHYNIHAPWPSVNYSCEQQAA
random_15592,NDHFYTFMSEVALQCAVTVRK
random_15593,VLQCRWGAADVRELFWHCCYH
random_15594,FMYHISVYTARIMPWVNRHAM
random_15595,HVQDTFPHCMWDYEY
random_15596,WPQWAIWFEWAHKHNVGIY
random_15597,HMLPKRLKKGGSWTGPPVIPFHEQRQWF
random_15598,WRVCYQVTYPGHCDVDFTEQ
random_15599,DIHSHRKYTNHCYHATAFYQLPPPSFKV
random_15600,PCPMSCQCGAEPFDSDYDWIVLCSIFME
random_15601,NQWNAWTIVTMECADSYQWHWCVGSDFL
random_15602,ARDIHVHTVRPEGKTINMRDKILYAQNY
random_15603,KEVPARKKQPQITNHQQPHGFCSTCHD
random_15604,EQGDTYVGDVKWCGEFSLAIADVMKMV
random_15605,MREKIQTCNGELKHDSTIIQLTPAFHR
random_15606,DGLRTMVQDHRMIHHTFGFIHVNQVKY
random_15607,KKAQTQNQRPHQWEHPTYWWNRSPFRG
random_15608,DLDGRMTHAVEILENCQQNMMEKFWND
random_15609,NTKCGQNYEQKSPNCAKWMRFCKGRYS
random_15610,TSYIHTVGMWKVEEITHPEYFTRECIR
random_15611,YNRNPCCATIAAILLKETRWVSCGGRL
random_15612,KVGHTIQWHYPLPEPWALETM
random_15613,MEMQNVLYCSPARTTTGEWPA
random_15614,WLYRCQDWYCIEKHEPVAVFI
random_15615,PFQAQLCHD
random_15616,RIAAYINCFAAVPTKFGSTM
random_15617,WISRINYTPSCDVLLQVDCD
random_15618,LDIKAFEQD
random_15619,GPPVHTWIGDSIITVQDDWG
random_15620,QGSEEWYDTPYCTRDTLHLI
random_15621,RVFFKGPFCSAVMGNP
random_15622,HGVEWELNLCCCVIIVHKQI
random_15623,PEMDWQEPIGNMFDDL
random_15624,FQIWFAQEMHGESIACNTWY
random_15625,TGKRVCIMQPHPRICW
random_15626,CNPNDCSLNRINSQYTSW
random_15627,ENRSVMRSAESCYMQSLG
random_15628,FRVGNKWNNLIMERDSYWID
random_15629,WCHWTRQKGFLYTCFEKRRMMSVCPQWN
random_15630,MKFMFNFPHTCITQDQVMVLIRTTVRD
random_15631,MTNWHQRNICEFRKCDWQDVP
random_15632,IAKVNPDQLVQVCMLGMGDRE
random_15633,IRHNIHREREFWPMMCDNITH
random_15634,HKAAIMELTKMFHNFQHKWTY
random_15635,MTFNSLACGFEFLMNYAPQAC
random_15636,HKTHKSDGIMVGFQTDHNTFS
random_15637,HYYYMLWDADHYINYHATSCQ
random_15638,NYWFTHHWQAPQQEVKAN
random_15639,FVYEFRYMDSLHRCCPHT
random_15640,WCIGHCWKMVMPYSLCKD
random_15641,VVVTMYKPEFLCGYNLKS
random_15642,VNYAQENVIKYKYMWDAT
random_15643,RIAKMEWADWDAIVDIMP
random_15644,RILFRLQHGQWSIKAPWW
random_15645,HESHSCGRAGRGRDICRQ
random_15646,SMWRAMWEYPMTSCYKAYINM
random_15647,VIMDFTIMMRSAPSFRWA
random_15648,NDLIQDRRDLIFQNNDQA
random_15649,WKRLFLLHEWETKQTNSYDQQ
random_15650,QDLLLDHRHKSFEVVKCLEDI
random_15651,ECPLWHCFPPAMEVETTY
random_15652,SDNGTSGCMWFWLMKRGI
random_15653,FTDRHWSSPDLIDTFQKVDND
random_15654,CNENLSTCNMYDQGTKLR
random_15655,DIWHPYFEPKWFMECHLQ
random_15656,QCELCDPWNYTEKYLRGD
random_15657,HHWSLHKVCIKWHWVQTATDK
random_15658,SFWKLMQFMTQWIMLEKVYHF
random_15659,AHTAPWFRSVSQSKTVKLQKM
random_15660,LPAFFHRPVNRCFRLTWMIA
random_15661,VCQHDARSVHHDVISMTILERC
random_15662,DSHPLVNWTELMRKLYNLMRKMFAP
random_15663,MWECTRPPNPECINMWYKLQA
random_15664,WMNPTCPQKFPNHLGLWWNNV
random_15665,PHQITCSQAMQNDLGMEVWCARSEE
random_15666,YSRVIKYYKYIFLQNQFMFFDEDAI
random_15667,QLAKCQNWNESCPKTTENHDVECVF
random_15668,KNGIFQNFACDCSWWFHSPKIVV
random_15669,RSKCEFDYVNYQRDARVYLFYYN
random_15670,NNSGYYYGLCCVAPGNHTLHMAIFWTL
random_15671,GGSMPIHHCRNKTWWIQCNKGTWCETWK
random_15672,MNHFQQQNHRCSATYFEAIQHWLLTTSH
random_15673,TNDWYIFIESDGAYIYSDHHAHNKSSAH
random_15674,NAREDWVVNWYKYWIHLPPEFDIPQ
random_15675,WYYRWCWRMMCPWSVSSWTWCWQIE
random_15676,ICWDSLLTHLRQMCWDLQTDNG
random_15677,QGINNINVPFATTWMHRIYQWSHRRPIQY
random_15678,NCMHFPECCHCNCWCSGEDYKLSDHRNIK
random_15679,DPTLVHGYMSFVRFPSHEKIVQVALQQGQP
random_15680,FNNKIVGGNIHMTEQMKCNPVFDTRPYGM
random_15681,KFCTLVNRQTTTYNYEDSANSPHFMCQWP
random_15682,KNTPADWANNQDKGQECTGRKVEFGNEN
random_15683,SFEHADYSLKMGCVCHDRWWCKYPWDFC
random_15684,TTHRSMSAGHSINKFYCNWSAMHSQYNI
random_15685,WFHEQFPYPDAGINKDWVWKSSNCIMMI
random_15686,SSKEMCLNKWDQGEMANIKWSIHMHWMY
random_15687,PIISADYMTNVACNQWELEWRMSTG
random_15688,FFHIYPGPEVTACAPAPLNKHSQDTPSN
random_15689,WQHEFMGNTCCYIMRQGCEKA
random_15690,DAACCPRVNEFQIICCARDGYWRFW
random_15691,EVTLEQWTDGGKRHMKGMFHLHNCK
random_15692,EKNTSIRKIDGFGRWYKFKTDI
random_15693,WPYSCKWPKAVSYQTMPPKSVSQAH
random_15694,VNDPKIHYEEFTGEYLLFYQQVMMCW
random_15695,ANNQECEIWEQFFKAQARQGGPSPITCGCL
random_15696,CKFAHVWQTTQYFAVREFAGRGRINPDKAG
random_15697,VYNCLMKVPNFRKIMSMHDWMVCVLCECK
random_15698,AFKLSPSGMDHCPLEACLDQLPSIPNHCR
random_15699,GGQGFLRLDKHCIMCSRWEWITNVRWGTW
random_15700,EHKYFPWREMKMAHIDCPREQLGFYGWIH
random_15701,VRGVQNGMLDHFILMYTYKNAPCHAPDDV
random_15702,MATWKQSCVVAVCDDNQQ
random_15703,IKIPAEQFCCSRAPIAPM
random_15704,HEKINEAFFYKERIIINY
random_15705,RQVEKQPVQQHKFDRMFE
random_15706,KMDDMSSHFLKSEPRMEN
random_15707,SNRQFHWEYGAKCMEDQD
random_15708,RKESQMWAFTGCWITYDE
random_15709,PCHCFNDDT
random_15710,VPNHVYYSY
random_15711,ARFSISIYK
random_15712,DRHNAFVYF
random_15713,ERIWVHTMS
random_15714,WWNDIACEV
random_15715,NGFHGCPRH
random_15716,QNNRNKNMH
random_15717,GPAIKMYES
random_15718,VPLHLALAK
random_15719,QEVPCAMCP
random_15720,HWKMTAACG
random_15721,ELNMSVYKQ
random_15722,QVYVNQEHL
random_15723,ECYVVQTWG
random_15724,ESLCAPCWQ
random_15725,LIEVYGPNL
random_15726,WGWGLYFQD
random_15727,TRYYMKHWS
random_15728,IISRTAPFK
random_15729,KRFQKISGK
random_15730,WLLHILGLP
random_15731,WAVWDRTPC
random_15732,QTGFILIVH
random_15733,EVGAQHSQY
random_15734,KGWNEILYT
random_15735,FNSCHCKDC
random_15736,YGAETWANG
random_15737,LDSSLTFPN
random_15738,QNVRTLGFT
random_15739,PCPDMDIHI
random_15740,IQKDSYHMF
random_15741,TFIVPWMIN
random_15742,YWNKDCVRI
random_15743,AKEIHDQLW
random_15744,FKCHIWSNS
random_15745,HLIKDMWNQ
random_15746,YAFPIRGDE
random_15747,QTDQQSNPI
random_15748,NCDECPHVR
random_15749,LAYRLDCGH
random_15750,QFRADHVDP
random_15751,PVVWGPWMC
random_15752,TSYMWIEHH
random_15753,EKLPMASKS
random_15754,SHKNQHFMQ
random_15755,LGMRKPMEK
random_15756,MSPMDDHCV
random_15757,HMGMYRCRQ
random_15758,SWTQAQEQK
random_15759,CCTSIAKDC
random_15760,PMGAFHITH
random_15761,LRRGWEKPV
random_15762,YCIQGNWPR
random_15763,YVSNCTKYK
random_15764,RSHLGVILG
random_15765,QSAQFCNAD
random_15766,FQFTDIVNY
random_15767,WQDGICSQD
random_15768,NRRSSIPYK
random_15769,NFTLFESEKLGYEDWLAE
random_15770,PYLIGESKVLYGMFCYLY
random_15771,ASSTKVRSIWSTKPICCN
random_15772,DYNPDEIGMHCTHRHCAQ
random_15773,LPTSVLTNFRTCNHYNIG
random_15774,NGVGEGYIRCEYHENMNL
random_15775,RYSMLDVATEMQIKCKKY
random_15776,GPGGGNWLYAYHKKHRQT
random_15777,SGLAYVSKQEEWNELHHW
random_15778,SFVRMDGKTNRCDGDYYK
random_15779,HGGIYGNLEAFMGHTRVH
random_15780,EGQGMQINKKDFQLNLLC
random_15781,RPRYNAPRQPECHFNQYM
random_15782,SQIGCGL
random_15783,MDFNQPM
random_15784,MFVRPPY
random_15785,FACMARI
random_15786,GLEKYCE
random_15787,LGNCLWM
random_15788,MIKMYHE
random_15789,MGFEAVE
random_15790,FSAVWEF
random_15791,RNKPFIA
random_15792,SITWHDV
random_15793,HTYNMIY
random_15794,EMSGMSQHQKLVWP
random_15795,NLQTTAFMGEMTLA
random_15796,STKQQFFSRPWRKYRMYPSY
random_15797,QMYICPMSAWDPVHMLNASL
random_15798,FQYEKRGLMLPGN
random_15799,KYDQKHCSAGVPSCMNHVCMKRDRFLF
random_15800,AIANLGNFFPKLFHFQ
random_15801,LEHGATDTYNTTRAQC
random_15802,HLFICGDSRILQEPFNYMSMRF
random_15803,MHPLECGGVDVVAEYGIQTICY
random_15804,GANGNITEFCQCQADWNAWKLEDCHR
random_15805,SMGFFVCFDYPDGPTPNWRR
random_15806,ITEPMAEWVPG
random_15807,PKMLPCHQKQFFQTSTKLVY
random_15808,CMCCIHQCVD
random_15809,LCYKKHKDSENTILDT
random_15810,ECGDTDIVEECQEIQFP
random_15811,GSICEKMKYESFRK
random_15812,IRNWEDDLIRM
random_15813,VTMDMYRR
random_15814,GMTYRFPHLEIPFGQNT
random_15815,FNMYTWIRNKICYF
random_15816,GVKQAQIWNLA
random_15817,WTQWRQGR
random_15818,VWSAWTWRLFV
random_15819,SRPLLFFHYHW
random_15820,VVIPRKKQAGIHV
random_15821,LFNKYHAKTPCV
random_15822,HRFTPCWYVRQW
random_15823,VDIINWSPAKI
random_15824,HHNPMTCATFG
random_15825,TPWGDVIHRYP
random_15826,AIDSYWPYKCVVTKC
random_15827,VMRARWQTNNAGIW
random_15828,HLKFNDCWRLGCQ
random_15829,YQYDSGVFWPKKDS
random_15830,ICNEIGNMGKVAAG
random_15831,DDWDDIKPRRYNFP
random_15832,FWCREAGMKHVYVW
random_15833,AGHSMEYFLNMMNE
random_15834,NNVFEDVYWYGFFG
random_15835,DFSYGTVYPMCFFC
random_15836,PTIYPQIFDDMIWH
random_15837,WQTMNFEDYGFWLA
random_15838,APETTWIEQDIARINIKIEKD
random_15839,WGTKYWYCTHVCYQQAHFTVMTRV
random_15840,FCHECWQARGMSESKNVWVHCYET
random_15841,INFFCGEITWEQCYTAGDSVPYNT
random_15842,DQCMNFIAPSMNEKIAPIVNNWIE
random_15843,GTTHDSQGMGQVHTDEHNRCLDVE
random_15844,KERHMVTRQPHCMRTDQFEINMIV
random_15845,MMKFVTFDRTCPTHCNIQWNPMLS
random_15846,MPIFDQRTQGNQRPFEEAHNGKWR
random_15847,ADESVTWGRPQVMGYWSDWNYLRF
random_15848,GFDLENFITEKAREGTIKNAFGYLP
random_15849,YDFFGALQNYEMEFQYMQRMMPFMN
random_15850,QVQICKSTTGPNPCRSLIMFLWGPC
random_15851,MMNALSSHKRDWMQNSTCEQRFVA
random_15852,TAGTDHIVILCKWTWFSWSWTLNMI
random_15853,WFESEDAYPVWAMWDNILMHVWSFV
random_15854,NGYDHWTSLCYHFHEFFNPQTYADI
random_15855,IGHQFELKVPNISMEQGYMAYHVMV
random_15856,SKFDGWNMQAHCCIVDDAFMGMCPS
random_15857,VLHEVWCMNQNEPKIETLKGIMLD
random_15858,QSRLAHDAWRVKWCRNDQTMLPTGVKH
random_15859,IHKLSWMMECGEDDQFPQGTLMNSIDM
random_15860,NEGGCHYCIGSFLGCHDIMLHNAHASP
random_15861,ALNHMGWTNQFQPVRMGTQPVGYLGQ
random_15862,IVTTIRCKFYMFYLLNNMYEKGQSPKA
random_15863,WAQEIVAWVPWCQNFYYPCQGLAMQIW
random_15864,WTFITNCHACDCYMNEYWDVEPICCAA
random_15865,IIWQEDKLQLVCRVATNKWKAPFSCTC
random_15866,DAYDDCASRVRIQKEMMFCQEKSHTSI
random_15867,MFEYIRLNWELDDEPYATPLHPKLEV
random_15868,GPCYQDQNPGCTSNHLDFYEFHTSQP
random_15869,IVKYVMSGGDHNRQKCCKCKHFGGAY
random_15870,TSVHERHWLFSAMICGYEYWHNNAE
random_15871,HAIGNLDIFGWIKQYCAHIVQTLTNC
random_15872,PELFHHKCFGKTLLGYFYQAASAWAS
random_15873,WCDVLNRLYPMIGPTCPSFRVADSRV
random_15874,NKECMQSAAYWQRKDIYKWEGTIPVT
random_15875,YYARMKTRDQ
random_15876,YPRYDLDEKEHIVMPGWCA
random_15877,LWAIHRHHLGNSMPVPSDT
random_15878,QRRLTFPLCLQVEDYMTPN
random_15879,VATFFIWTDNVMFLLFYRW
random_15880,NKYDLKNGEEMGLAVR
random_15881,DPENGRAAQGEPQQQN
random_15882,CSSVDVGACSLIRDWE
random_15883,LPRKLLKAYPTRYEKT
random_15884,KYFWYDHFTPTVDDYVG
random_15885,PLNNQRDYYGMTIIETD
random_15886,QCYNHFVDCRCGVTQEQ
random_15887,THETVDATAEEARPCGH
random_15888,SMKYDDGGYKQLLDMCT
random_15889,NCFIMSVIFKGWLVSDY
random_15890,IKSDTGSKGPKYHRHKV
random_15891,VVDNKDKLQSHCFYKQA
random_15892,SCVGVQVLIGKGYKKWG
random_15893,YDVLCYVNTRGGKCVSM
random_15894,YSHHEICCCCYQDNSNS
random_15895,KVRFIHCCINWLPEKCC
random_15896,CYQIWGNVVEWNAYQMF
random_15897,AQASPNKDMSVNGLCTQ
random_15898,WIFIQCFGKAPHHGFFE
random_15899,KFIQHDQLCHIENNGKI
random_15900,VEHFPEGHSKVFLQWVE
random_15901,DQGIFVKVQECLQCAIW
random_15902,KVPFPMTIQAPYQAECA
random_15903,SFSTGDKWTDFNCSADQ
random_15904,QGCTYATEITWEAYHLN
random_15905,NNPPLMYSFQHYCNMNN
random_15906,MKQRWEAPNRMQQAHRS
random_15907,KSFMICNDDCVLHVVAL
random_15908,HFNWTQNQMCYYMCKDT
random_15909,AELFQLPIVTNWCAGRQ
random_15910,HDVLQELWAGAFEKAED
random_15911,RDALGITYWNHARFQQF
random_15912,EKSFEYTVAEDCHHDER
random_15913,GAAIVYQCYNSWALDYM
random_15914,LSAYGVCDFKIGFKART
random_15915,VKDIYFVPQRPCRGPVP
random_15916,WKHLFQGRMRNEDKGAW
random_15917,DKLRPPNQKDFEPEPDY
random_15918,SVFWFSECNLQEGRFAK
random_15919,PKVKSLQKGKSIYTITG
random_15920,YKQHRGPHNPDTIQNCY
random_15921,TTYLVDSLNNFIKWSLFLPYEFN
random_15922,GFSLTELRWAWLNAQLNYIMGPP
random_15923,CWDRMTENQEFVSMLANEQNCE
random_15924,PQFVGNTGGPSTNPCT
random_15925,QVQDVWFPVAKVCPHWKV
random_15926,EKAVNTHPGPAHHYNYSFSLFHHPF
random_15927,IPPMWAWERWACVYRC
random_15928,FPHTEELMQIEGMYYHFS
random_15929,WWYIFAIAPDFLHVVS
random_15930,WVGQTLASWWIDVYA
random_15931,RRKECGTEQRRVVLRPYSKGHNWHH
random_15932,VVKQGQMGDYIDAMCDNW
random_15933,EVFPFWIVCIGGKKGDIYLTDHPAIKEKVQ
random_15934,YQKIKNRVCQEIQPECLEIRHHYGWMFGID
random_15935,ACIKQSHHNPYEFTDHLLFNQCYYITPGNP
random_15936,LKLASIFTVYVYGLWDQLYWKVQDEPF
random_15937,MQFIAELKRVSFHGYEHFNPPLHMGRH
random_15938,PVAWENQAKLVNCSDSKDENRKPYHVVDFD
random_15939,NVHMGNVKGRMWPPWYKQHSVWMAR
random_15940,LSHEDIQWIGQVDEPDICYPLGVHNV
random_15941,TLDWEFLATHALFDDSDVTTMNFLCVV
random_15942,AWKVCRCPRGWKVNYCRYHVIMLES
random_15943,AYYILQGWYEPTYL
random_15944,KRNWPIPKSTHLTNN
random_15945,GGINMMTFVPG
random_15946,QFAMVRRLHIS
random_15947,SSVLMKILIYP
random_15948,SWVPIIHNYAR
random_15949,QNHCILEFGFR
random_15950,MGRAKFRTWLC
random_15951,SMLCMHTERS
random_15952,NWNHLDDDPLIMTDP
random_15953,KPKSESVWIDPLILH
random_15954,GWKMSKYPLLWYPAY
random_15955,PIETSIYQIVGAELN
random_15956,TCAEDLFWPW
random_15957,QYTECC
random_15958,FLRSML
random_15959,AHCEIM
random_15960,HQRLTGKTS
random_15961,LNFGWWSYK
random_15962,EYQCYQWAM
random_15963,FQFLSCADP
random_15964,LCQPCFLTV
random_15965,DDTDDKYTC
random_15966,HGSHEITLY
random_15967,VQVPHVRDP
random_15968,APHMAEVPASPW
random_15969,WCCFEVGFLIRT
random_15970,RVHMQLGTAPIR
random_15971,QIEICHTIVHWM
random_15972,AFGFHTKQTENM
random_15973,GANSSSRVWAYVMTYQEMC
random_15974,QMVGKMGDGMNTPMLQERM
random_15975,NEFAAAAIVGAAQDVLVPE
random_15976,DWHASRPYMYGHSKV
random_15977,MVKWTKSMWIHYGCI
random_15978,GDHTMYTLHCMDCHD
random_15979,QVSHFAIPWMRWTPQ
random_15980,GTPGPRREQFFPTEI
random_15981,GQDCGIGLRCTNSAY
random_15982,HDCEEH
random_15983,EMKDGH
random_15984,MRFEWKFYSYDP
random_15985,IGPLHICTGFWI
random_15986,HWMHYR
random_15987,KHCKYC
random_15988,TWQFMF
random_15989,MYHDFAAMS
random_15990,QCRYYFLQK
random_15991,DVTWLYKDH
random_15992,QTQYHMNTHYKP
random_15993,WNSGYCSGEACS
random_15994,QVWKCPAWWSDH
random_15995,IARGMWPVRCFQKYADPYPL
random_15996,QMWNICADGICFIKDEWF
random_15997,TYRQQRVGGLLGR
random_15998,VYHAAPTHYIYFT
random_15999,TEHFHTGDDTQHS
random_16000,SLEFWHDLAAWFE
random_16001,FANTWCVNRCPKI
random_16002,LTGGMWIHMYLQD
random_16003,VRHIWIWGHNIQN
random_16004,QDIMYHWQSQMHT
random_16005,YITKNGEDSTEQS
random_16006,GACIMIEYCRNHV
random_16007,NHLKIGKPWQPTN
random_16008,SYIKRQDNTHFCT
random_16009,IRYALATMASTGGA
random_16010,MRDINRDWMTPEHL
random_16011,CWRVSSDEDADSSI
random_16012,QATMYSKCCYPTGH
random_16013,RDFFGNKDAQVVSR
random_16014,DEISFPSGKWYGAT
random_16015,SHVCQAHYTNEMHI
random_16016,LNDPYQMRVMCKHM
random_16017,WNNGSNMWSLGWSE
random_16018,VQHFVDAYIADQMY
random_16019,WVCPNNIRVMNMME
random_16020,SPMFAGCMLVKTDEY
random_16021,FAPNESDEQWTFYND
random_16022,IILYLDEMQYWAAQP
random_16023,DKAHLAQDTSNGKEC
random_16024,DTIGGTSSDNTTSTL
random_16025,RGHNEPEPQGTDCTC
random_16026,NDHTIYFCMTNNFPW
random_16027,EARAWVGHMCLTWRI
random_16028,THHGWCTAEHQCYWTM
random_16029,HCWAEHYYNHKWTRTI
random_16030,MKYNNHIFRRTLTSHY
random_16031,VPALLLVELLHWQQNW
random_16032,TNVYICDAQCKDRIIQ
random_16033,CMFAMHEYHAWMCILN
random_16034,YRSDAQRNGTHTDHMN
random_16035,ALFHIIKDRHTQMHYA
random_16036,YFSYIKNFSAGRVIEW
random_16037,FMQCLQGYLCDIMMNAH
random_16038,TSTISMDRACTFRSCYE
random_16039,RPVMYRRLRHFLWQQHC
random_16040,PMTFSHRCAKNYIRNYR
random_16041,IPTDCVEKLYPSIQGSG
random_16042,NQKLRICDCCMSKPVLQ
random_16043,WDEHQGAYVVSWFCTFE
random_16044,LLEITYPQEYKRMRVQY
random_16045,LTPHDWMPMGQLRETNEL
random_16046,LEWWGTMNHDSFDILDDQ
random_16047,LMEASTYGPCDSDDHDND
random_16048,DEKRYDCYYYWRNEANCD
random_16049,GFVRLDVVNRLADPTIVD
random_16050,EDIIDFISFSFYIALTKC
random_16051,DYEWFELNNYHIRYTYNFF
random_16052,LRQNLTHPNRSFRTETQRQ
random_16053,TRWWFCRQDDHDQSSPWIF
random_16054,QNDVDWPDQFPVVWCALFW
random_16055,YPYVMFHVCDSHDEHSIWK
random_16056,CDSNLFGNCSTTWIGQCIMN
random_16057,FLEHEMFWAHDFKERQTSLG
random_16058,VRIGFDQQYGEESMPWMYFK
random_16059,WRCTHEFLEFFVHRAFYINP
random_16060,KTKFTFP
random_16061,LASGFPSLYGLL
random_16062,TSYIVEMICKWMSFF
random_16063,WQQEQISLDWDSHCEPYWRDR
random_16064,PTRVMYILKMIFLDCIAIQTDMQDTD
random_16065,HIGCFKFLGNMVNLQGVKFQQDLHLFDCF
random_16066,QNHPQFRLPVWFDWMIDKDILSTDV
random_16067,FHPIVGLKRSMHICVAYTYVIGMCV
random_16068,LQVIEPLFTVEMQGTDWIILICTTL
random_16069,CRFRSHATDFWGKGKMQRPW
random_16070,QPDHSEERACCCNPLALDLP
random_16071,PAEGVDMSHADSKRMMFEQL
random_16072,WDWKWNAHKNTAHMARCDTWERAKSDL
random_16073,CEPVPDEMDNLMAKYTRNCDEIVLSMSK
random_16074,AIPSHYNQWIHLCNP
random_16075,DWFSDAVAYPRNQASQDWFL
random_16076,NDYVDSCQTFKQCWSRQAKNYRCTSYYGY
random_16077,KWYYNRGYARSWWCFMDFACFA
random_16078,WTCFFLMYTKMYKCIMNHSH
random_16079,MGGTRTCKRSKGLV
random_16080,RCHSHIHALWIQ
random_16081,PECLIHRDLWMHNRGIF
random_16082,WWQTTESVWVFDQWRFTQGAPCWGWGEPG
random_16083,MATLEQVNCSAAKNLNHRLMIKMARWNKTQ
random_16084,SLQCGDAGWPFGTFWCDLWTPSACLRVIA
random_16085,CAMGDHNLSARNRFEMFDYREMPDNVERT
random_16086,QADFLLPNFKPNQTFRMIMFDRCGCACAD
random_16087,FREGLMEIPLIF
random_16088,FNNKMVKFTIWEHQ
random_16089,NPGIEEEHVISKFEKGAVKT
random_16090,IGQLYMLWTMAFSGGLAGNWA
random_16091,NPFIYETHSVSHASGRVLVPSLGMPVNIFD
random_16092,AWCFLKTFLCRSLKWCSIYR
random_16093,GKLEDIIVWLKAMPPSNK
random_16094,TEYDVSIMQLLNCVIDLRYQKMAKHDDEI
random_16095,STRRSHMMNWNIFSLI
random_16096,GTGHVRRWMWKFWFVGDDKCTALV
random_16097,SGMTMMTKHSVKPMMSSVSDRRRMPYCSIN
random_16098,LEHVIWPVNRALEYYNHWRYLVGPKGEE
random_16099,NADDRSLCPEPFREFERGNCLEKFHMCRRT
random_16100,IGEEWECWLAIQDIL
random_16101,IDGSAETPVRWTGVGQKQPTHNRSYGYKSR
random_16102,VDIRKMIYRYWLVMNSSQILIIIWRAPG
random_16103,LVIAMHTMYVSVEAFRKIIT
random_16104,MRVNGKRSMDVSS
random_16105,HLHSKFGRGPTCEGVQRLMIKHLDA
random_16106,GYFFMKMAWNVFWGAKIAMCHNYAWP
random_16107,PNFTSVKMCRIQQCSVRPKK
random_16108,DCRDEIHLHMDFVGPLSWEDQR
random_16109,AELYIRCQSPYMQFVPRDHVVCTA
random_16110,FVYISPDFKDHNTVLTYT
random_16111,VINLVEMMFSAKFIPFDKRFS
random_16112,SSGYHIAIGILDKFAP
random_16113,QVMVMFHQYINEVGL
random_16114,LIFIHIQWLDYVNDEIECYNFACWCHYHAE
random_16115,VQVGWRTMVAFWMCFVVCEGEPLI
random_16116,QATWHAIT
random_16117,RDYSHWPPKSTSIWSWN
random_16118,KTPVAKYFQSGW
random_16119,NPGPGGDGGYAAIAHHSHIFQEA
random_16120,YWIEA
random_16121,THCCYH
random_16122,DILDG
random_16123,HTAYF
random_16124,KFAML
random_16125,LLGRTMRAQT
random_16126,CCSICCSDHVADSFH
random_16127,LYHHTADKYKEHCIWQFRYG
random_16128,MQKRPNPNLQLTIGVEFQSQERTYI
random_16129,HCYPQMCLGNFGGSGHSFSFGGNEGARQDW
random_16130,TQDIKPEE
random_16131,WEPCSMICFIHPMGI
random_16132,SADDGYTLV
random_16133,ARQGRHVQIEPNAFGCQMEAPHKTHDT
random_16134,NRWKCSFNVIAPGERICMATRSP
random_16135,ACYDD
random_16136,AGFTAW
random_16137,CMNWW
random_16138,IWHPIFNGSWHWILCRM
random_16139,VHQSYDSNTCVMMDRLNAFHDLGGMCYR
random_16140,PECNDTMVLIIQSREFTFHMYTFTRLH
random_16141,MYMKFDVE
random_16142,PIMFECECWNVLFDIMDYNRRKASGH
random_16143,VFWWYEEMVWGFNSKIYPHEFTVCTPKCEE
random_16144,CNCTSPFEHKDCAGQWACDFPIWQKFMHCA
random_16145,KSKAPWDIVAEYGNKDCCCWVWQDS
random_16146,GFPSNKPLRLGEHMTGEHNS
random_16147,LPWHFKNYMHIATTGMVMLEDAYM
random_16148,HCIGLHEGNMDRSYTMQIIN
random_16149,NVHKACIEWWGPYKQRLETWFVLQFTMKEG
random_16150,HWVHDEQADSFQEYTW
random_16151,WNMTANPYSKQTRHRGDRLNCGRCWRVRHY
random_16152,LGHGMPSKPMAVQSHD
random_16153,LTWMYLNSCSIGDRTTNVIAT
random_16154,GGAPTHYEYIAIEIFNTKPLPSYRD
random_16155,LEKHEVDIGS
random_16156,FCGCKHWACCWGQGYVKHWSGRVDFG
random_16157,PTIPQ
random_16158,SMLKEKDNHEIKAL
random_16159,YPFGEHQDVSYG
random_16160,GDLTLGNVR
random_16161,ILKRDEVLRPTA
random_16162,RKSKAWDE
random_16163,YHEIPDD
random_16164,VDWTQENPCLSGLPSALQ
random_16165,DLNPYRHPDGHKY
random_16166,NAPEHVNY
random_16167,MIRGVGAINVLKKNCWIDYF
random_16168,SHYKSLWQGYP
random_16169,LRNYKVLFKQMWIFM
random_16170,NVGVMGYWPMAHVNAWLNGK
random_16171,WGCEKGYDDPFVFWW
random_16172,AGDADGKLDTCSWPNRWIC
random_16173,CNHFIHKANSRGKEDRES
random_16174,NIWFANEFSGPVDETANL
random_16175,PEHADQVDWWHCRMQCSG
random_16176,ALTKRQTFWALKPQWQWT
random_16177,HVGSLAEFLPFIVSFDLR
random_16178,SKMNIAQKYPASNFGEIT
random_16179,KCFTSKIIQCPPDKPEKSQADTYP
random_16180,CMQMSI
random_16181,GGVRSNKISQASEC
random_16182,HIYCCQGANFEYTV
random_16183,AQGFQHEFQETIFMAWHSIHDYFFLDEVIY
random_16184,QSRIHKIFDICDMEDSFHCYNL
random_16185,VGMHKREWQDLFNSQMCIMGVSYCV
random_16186,AKNRTWGGKPKIDADCSVLGL
random_16187,YQIWTRCN
random_16188,IDHPVRNAHQWISKRQCFDCWTC
random_16189,EDPFIKDKWVCV
random_16190,DANICGHRPPVA
random_16191,SPRWAWVKHPNQ
random_16192,QMNCIQSEIYSL
random_16193,YSPLFANCDMHC
random_16194,EHGHPTKGNGLAEWLKGSYDMFYNT
random_16195,WTHGDVAYTYRHQTVIFPTYPMMCGG
random_16196,TSAFRLEHWVWERMT
random_16197,GFMLPMTGYFHDMYV
random_16198,AHPNGTTGNEWFINE
random_16199,TEYCSDMEYKPPWEV
random_16200,LHKVPIWIQDPWHEF
random_16201,YSGVHVWDEWHVRPV
random_16202,WERPFKRLFTWIENP
random_16203,NYVCIGRCCSMIFKW
random_16204,AITMPQLYFDAWETP
random_16205,VFLEISRGRGLGHATM
random_16206,MHWCTESRHYRGMGFQ
random_16207,WVHEYCQWPTVIGHLF
random_16208,SVKFVQCRGCKSFFLA
random_16209,KRIGFWSKPMLTEKFL
random_16210,RPLQQSPKWEQMTAQM
random_16211,DPTCWNPRVKYLKFMV
random_16212,TSMADIHMINYVMGLF
random_16213,NTGYMAWLNYNSALDA
random_16214,YREPPFCTETNAMAMDM
random_16215,IPKHHDLFWLCLCDKKE
random_16216,GLFCDTHSNMRYGWRII
random_16217,DDLEPEDRILSNTRHFQ
random_16218,YWRWGWNLQHCNGPRWE
random_16219,RVKQEFYVCHSFGNHIY
random_16220,NTCVTVWGKVEHVHFGE
random_16221,SKAAKESQDQYKLHHQP
random_16222,EGHIHDCCYWMTWVDNQ
random_16223,HSASIWDMWSCSKKRVIIHRVNHEMVMRMQ
random_16224,FCQWPSQRELGTSWHVFSQKNQW
random_16225,NMHGDMERMCAGDSMHLDT
random_16226,MMQVHVKVVGLHVYDFEWFTQRTRKVSK
random_16227,YHYLGGTREPCEVTMAS
random_16228,QAMWEGTYKR
random_16229,PMYTKKHACYKL
random_16230,IVVVSYGLCLY
random_16231,KAGYLAVVLQSNWEIMTKARIPCKMGMC
random_16232,IPWWYDVTRLRKCRQWFEMIPD
random_16233,VYVPWIHMHSSLCIRLHRVLQMKCETK
random_16234,RYDCVAMWWQ
random_16235,WQIMAMAPIC
random_16236,DKCDEYITWG
random_16237,AAIPDTHAPL
random_16238,VCPTFIKCEV
random_16239,IAVQVAVRNF
random_16240,IEHAGRKSTT
random_16241,CEAAQFYDKL
random_16242,DTNMPGRKNC
random_16243,WDSWHPPVII
random_16244,FNWIHGRCCQ
random_16245,AYSPAVIVFC
random_16246,HDIHRWSKVI
random_16247,RDGQNDNAMI
random_16248,QLPYPKEPVQ
random_16249,KTHFFLTLCY
random_16250,WTMPHTIFAA
random_16251,VWVCNSFTCP
random_16252,GWVGLTNTHW
random_16253,IFGAVITCHN
random_16254,VGATATNSFS
random_16255,TQHHSNMLSM
random_16256,GYRGDSAYSV
random_16257,KEQDAIKSSG
random_16258,RCQRPCFPKM
random_16259,ACDDSPDSWKKYEATSVWLMALTL
random_16260,YCHLDWN
random_16261,SYKEHRAIAWGE
random_16262,PDKKYSN
random_16263,SPTHPCNLKE
random_16264,GTCNVDLPMD
random_16265,FPEDFFVMFD
random_16266,EHMVMNYEIWMV
random_16267,DMKATIEQQDYVKAHPMQQQRM
random_16268,RPRQATQIGRVISDMYHTQKGL
random_16269,APGHCGHFTTAWGLGQYDPVN
random_16270,FEIQIAINVTHKWQQT
random_16271,FIYVRSW
random_16272,KKYLLFM
random_16273,SQDGNMSIMHWERLRTLRKGIPQC
random_16274,DFKESQA
random_16275,PHTRHD
random_16276,VLAMTCPL
random_16277,GVWVN
random_16278,GFGLYETMS
random_16279,YSQMRQPQVQ
random_16280,ALDCGWQFIHPLTWYFG
random_16281,KIVTMQCLY
random_16282,PYRLYCKPW
random_16283,RIAKYHWYIFMFCCIPCN
random_16284,RPPYCDGSSTCVVR
random_16285,PKNGQVPH
random_16286,SMGHNAMPAAFTF
random_16287,HHGAHGHVVQPMPERTHCVF
random_16288,GLPRIARHGAQ
random_16289,QSKFGMDGTWCCFQLVIL
random_16290,TDPIWKTRCLWRHIPIW
random_16291,KFEPR
random_16292,GVLDYTLVWRMCLQHVH
random_16293,KMYNVPECV
random_16294,RFISDATHVKLHL
random_16295,YILGEMGEPSCMD
random_16296,KLCCS
random_16297,MHGRT
random_16298,GQQRYQG
random_16299,RQMHKMFFII
random_16300,IFQASAWYDGAFINAQA
random_16301,WVTRLVRHPQFNGKRGT
random_16302,ERQCVFCDIGERWGCGM
random_16303,KIYCFEPIIRYMRKPPR
random_16304,VMEDSEWKKHRYAGPDK
random_16305,LKPGTYCYPASQKLAQD
random_16306,ACKVNSHFKNTIQTYIV
random_16307,ITPWRFDSCLTRRMWFTQFLWPG
random_16308,PSSDSCMWSQSKTCAVDP
random_16309,TIQHKHQP
random_16310,VFEYVKASNIHKY
random_16311,TTSSVFQPPACHV
random_16312,MLNPYHW
random_16313,LRCAYLMRPQDWP
random_16314,DIPWIVY
random_16315,NHDAAEQ
random_16316,RVFVDPIAKCKGA
random_16317,QVMSSMQKMWR
random_16318,FCHYNTNYLDNCHQENDAHQETDYWASVCS
random_16319,PNEMDLNVWECWTQRMDLDVA
random_16320,HHEQLS
random_16321,LLNGQQMYCLAKYN
random_16322,CMPSLLYKIDMAQRNAM
random_16323,MEQREQKNMIS
random_16324,CYVAHATIASVIELYLKGCT
random_16325,AEYLYFVIDFATEEWA
random_16326,CFCPATKGYEDFFQCQGY
random_16327,AGDQIRRYTAAWMDV
random_16328,PEEIFNMWK
random_16329,HKIYRPWILYDCMEKTH
random_16330,ALRQKYDGKLKVQ
random_16331,RFAFNWL
random_16332,GLWRYGA
random_16333,QAQHLNCS
random_16334,MNQYHKF
random_16335,ALGMSKFYQDVQ
random_16336,NIDSRNPK
random_16337,NAGDNHPQ
random_16338,ANYHCIC
random_16339,PSIIDGTPV
random_16340,WKSQPCETRS
random_16341,SWRERVH
random_16342,WFIFHLM
random_16343,YKMPLQKS
random_16344,DWLRDESCA
random_16345,RGHMKLYK
random_16346,NVTSVNANWGAGVWR
random_16347,CDDCYCPYYKTMVPM
random_16348,VHWMMGTQRDQHGRVWCAA
random_16349,PMIGGLESQQFGFNTRIC
random_16350,WPDTHKMTSMELLDIG
random_16351,IENIYNNNVVYKFCW
random_16352,KALVDRCDCDGLVI
random_16353,MGILTCNQCHFRV
random_16354,RQLTWHLWVGEW
random_16355,IANLYTGVYQ
random_16356,RFIHMIVHS
random_16357,KTNSHGT
random_16358,HCETHY
random_16359,KDDVE
random_16360,VIFDIVGYYTWTLTIGRSF
random_16361,VHNQGNRWCGQHVYWGNY
random_16362,CYTRYRTCPLFLEWVM
random_16363,DDKKRYSDPQVAPLK
random_16364,FCCAVETALKDH
random_16365,LFRNVRHLT
random_16366,KTMWMNK
random_16367,AGNEKK
random_16368,CDREN
random_16369,HRSPSWQVHPYPCECDA
random_16370,KGILSQIIMGTAPFDGEW
random_16371,RYLETDCKRAVVCK
random_16372,VNLILDRPFWDRG
random_16373,LNAFKMWTGSDEY
random_16374,WVQWTIEGAWIC
random_16375,KFNWLIGVVL
random_16376,LFCFMGHPSM
random_16377,MISQHIVRPKF
random_16378,NNFQHPDLCHPMH
random_16379,IMQGFHEDMSNMS
random_16380,VNKFSWFKGLYRE
random_16381,NFGYYSHVGFQQ
random_16382,FPTSGTHHAGLR
random_16383,ERVVTHQDCPSHRF
random_16384,MIFQWISTDKS
random_16385,DRQPASETNKIR
random_16386,TILDRFRVCNK
random_16387,TCSFFFEMPERCRGK
random_16388,TYKNIACSWM
random_16389,CCSRDPIPRVMNSLFM
random_16390,PGLCEKHMV
random_16391,AAFLVGGQAKMPPMEEW
random_16392,VMMLDMGR
random_16393,QNRVGPPPQYATAEYVLA
random_16394,EFHWTVVPEQFDLMVEKNMS
random_16395,QGADAPGACSNYMNKVQ
random_16396,PPRVCPNMQSPYMKAVLS
random_16397,VQYPLWGPERFKWVVQIY
random_16398,TTLENCHPVVHHARECYRS
random_16399,WHLSNLQPAPFYNRDKNQHC
random_16400,MVYYSCKFHGQTLEDVLGWDDDILFM
random_16401,RRSEWGIWDWWMHLGNHMRMTCCGLHM
random_16402,YYQVIMIWIIVQIGKGDPTCVYSNWART
random_16403,LESIQLCEMRLLSWKPLLEDMKSWSMEFT
random_16404,VFMNNLMYWELWHIEFHALENQFKQKGWAA
random_16405,KIYVIMFNLMMSGPDMVQEYNCWWWP
random_16406,IGGPSAKDEWCFGY
random_16407,KWAFNGHVYYT
random_16408,ACALSWPGYVSF
random_16409,NCQFVVQSEWHRPPG
random_16410,THQNFFAPAPMLGITS
random_16411,HFLRIELCQWKRDHSKI
random_16412,CKGERRMWATEIHIFDNY
random_16413,CLSMPMYVYGDFDWCYH
random_16414,YYDHVSAMQENTGHVLYST
random_16415,EGETDQMAPCQSQNKFYRA
random_16416,KNYSRDMSADIRFYRISLFQ
random_16417,GNVDGWMLLDYGQKLQSRQSCCECLW
random_16418,CTTSRRDWYQAGIPIRMFEWTAAQMFM
random_16419,NSNSNNCCTLMWGKCAIDPLPKEQMEDR
random_16420,KMDRRFQRQCTNKSMKWPREGSQRMWHDT
random_16421,EYFSCFYEKNDLFHQRCCGFMGACEMPVHN
random_16422,RYTIGFKVHWPDMQGDNETMGPCY
random_16423,WSWHNRCCAMFEHPYTGSPQGM
random_16424,SYGCPRHGGIQEIP
random_16425,DPCAYMGYIGDWWLP
random_16426,LACMHEVHYHCKY
random_16427,MTGHFMTCQAATHHMWLTADKPWDY
random_16428,FAIGKVMCMPDSIMQCAFKNPVSF
random_16429,AHIDYTKMDVDGFCVFSTQYNR
random_16430,QLINYGVMHQTHILVAYWYLA
random_16431,SDTQLCLWVIMVCKPRNHD
random_16432,PVQDTNLPIEPTRTHQH
random_16433,CHKSARPKMCQALMIY
random_16434,WEPSACVHDKCEWPA
random_16435,KMLSWCDYQWMSHY
random_16436,CQNQDVGQANAND
random_16437,WFNTMFGITYFQI
random_16438,PGVHCCIYGSNM
random_16439,TCWAMLLRYEQ
random_16440,LQMVCKWFY
random_16441,GGVTWRMNF
random_16442,PSEFYYV
random_16443,TGYNWMG
random_16444,RCKHRPK
random_16445,AVCPARM
random_16446,MMRETIP
random_16447,YNDNDAR
random_16448,RRFSKAC
random_16449,QDMKSTP
random_16450,IRNVSWSYR
random_16451,FTFCFQQCQIWFSLP
random_16452,HTSKGFSGWKSQWWGDFQL
random_16453,GLRYHQIDVGYFTFHHGIVKYYFLQPG
random_16454,MHEFAHVMVTTMDFNFPEVF
random_16455,WHPMRFRQVQQEKDTRAMKFMHQAGYQW
random_16456,DHNGPHWPHVIRENMNREEWDHLHRDFD
random_16457,FFENGRSSWGEVGAPLGVFSPSQIHHVK
random_16458,MKLQHKNNKVTNNC
random_16459,FISRVFNYADRCAILYWDSD
random_16460,PSHVCLPTISFPPRGSCHNCQDI
random_16461,QWTSWMSSDKECRPICKHQAAAY
random_16462,DRGTTQSCDQSPDSS
random_16463,RTVTQSIGLYLQ
random_16464,RMSAVWGL
random_16465,TADKPMMV
random_16466,NMQEAHGE
random_16467,RCIGPCHK
random_16468,SAIFHNMPDNRHSNHHDS
random_16469,LSEMDWLETALCQNHKAP
random_16470,PVANITRKPPCPMDMWNY
random_16471,NNAKDHIQITWLEWHRYWI
random_16472,QDTTIMFNRFVK
random_16473,IANIDGDVENRMNFMMFEV
random_16474,HWGKPASLPCSQNANTDH
random_16475,MGHSNLMQYLPHPSQFV
random_16476,GYNDPELTAMFRLNDY
random_16477,IEDWPAACRPARYAG
random_16478,LRPSKMMLFSHMLQKIRD
random_16479,MYRPAFPPFNNWLHIVC
random_16480,WYEALSPQCRQMFQKT
random_16481,LICDWFTFCKWRSAYLQV
random_16482,LYQIFSYGVSRQSFVTAS
random_16483,RPTNHMHKILNQFQAEPA
random_16484,QWANHAACDKQPEWLSVCC
random_16485,DPYSEGMPPGNVPWMWPYI
random_16486,TFVINQMQHSQMCPYRWIC
random_16487,PTPISIMGDVYYALETDST
random_16488,IAQLTVHSKNHNCQEWTIW
random_16489,QDMCNMAVRVWFIRTVPDT
random_16490,SGVPHWPWAVEDMKQHRLV
random_16491,TGRYLDGQHSNDCDQMDHM
random_16492,APPQAKIWMIKFWTGNWAH
random_16493,YCEVPGKNHCQTMYWAFNW
random_16494,WHAHPSNYMWREIKLRCED
random_16495,SQQMWMRNKIYQEQHYEPQ
random_16496,YCIPTCGNCAIIYRNNVRP
random_16497,PWLSDIFDFSSWWQFLPDK
random_16498,TSCGQDTPPAIEPMPQFHR
random_16499,TYNYHFKAGVMSAPAEEDW
random_16500,YVEIVPRHMCLYMLGEYRR
random_16501,TAVKWMFTHFLFYEFRGEC
random_16502,CQWGNKDWKYLKWGYCAWP
random_16503,FSPNWFGSEKAVTMQEEYY
random_16504,QCHRMEWKVSMHYFGHLEM
random_16505,NHCREMSVPANSSVTMWLI
random_16506,DMRLMSQYAVAIAGYNGVI
random_16507,PNFGATVEKGQYNRWMTFP
random_16508,PLLYDMEEQEHSVQMIGIG
random_16509,TYHSATFFLGDSIVLLAPK
random_16510,CVFDTYCMQRYFKIYFFAM
random_16511,FIPPENGAERQHGRFCEPW
random_16512,KFKEPFYPDTPWA
random_16513,DQYLIWRDKGYDDFVVHF
random_16514,FRAVEFQRDTTDVCE
random_16515,TQQLVTRVGYIPVKP
random_16516,PIIDKASGMPFNWRQQM
random_16517,WRHPNPQHPP
random_16518,GHTSNFAGH
random_16519,PWVSRIPQLF
random_16520,YPQCKCCNSAG
random_16521,AIQNRDSVHA
random_16522,TGTAHWFSCF
random_16523,LSKIMRIE
random_16524,LSSIKHGQS
random_16525,RKADWTWWMYHPRTK
random_16526,GACSHEHPQGRYPANRF
random_16527,CYQSLKSGHLYIYRGMTSDCIPNLEQSF
random_16528,ALHFGYHEHNCQWSRQECYEILLWVWWW
random_16529,FDELNEDECWDKMHGCSSCSMVNMIQGS
random_16530,IIMVTTWDMVASRYARIHTHFTHYCHIG
random_16531,MVPDNFCDHHYSIRPDTFIITCHWWAVS
random_16532,CKIKYGNADYNAPFHCSIDYPNCEMHC
random_16533,TLEKFMIDHNRAD
random_16534,GCWTMLGCPENIKENVRQIIPMCIDIQ
random_16535,SYNSYYTDMEKQAWHLFIQGWAREHKKE
random_16536,DQFIWMDPPRFAGERMQYTLPGMGQCFE
random_16537,HSIRAPVFQQIQIMTDVPIHNPHEECSC
random_16538,YLCLREPDMFFDFQGPSWMQSEWHPIVSK
random_16539,NATHMTDGWKEQHLANKVY
random_16540,PLDTEYQEEMIGAEEYLKG
random_16541,DWWKNAYDWNMSRTTVNEICV
random_16542,HKMWQPNMRYSPGHAYFLMDGPEDEFFT
random_16543,CWMGCYAETQHCSVNSLCFKWKGFFHEN
random_16544,EQNRTRLNFIYEQEYNYSIVKGTKASYD
random_16545,GVLQQPYHMCRSAYKFIQPSVAREWHTS
random_16546,QLYHPVCGNKLSI
random_16547,VACYQAYMVRDIQIIVIIARGSFRPFIQL
random_16548,FESLRLEMRNLNCLGVPKEQEWLAWCGR
random_16549,LGYLGWVWKCMNTTGYCYWYLLIHYNHN
random_16550,WQHMKFILKTIVSEACVDQVIMRQQGHH
random_16551,RFEAGPMHAMVQIVYFNNPPLCWPFSEEDF
random_16552,TFEHTHCTVSDEAEF
random_16553,IDAEDEMNWRCITKE
random_16554,WTQPDRRPCPKCQGK
random_16555,MPRRQVASTKENQ
random_16556,FGNACAYPQSSKY
random_16557,YQALMMQLCLQTV
random_16558,WAFMNYYISDLGC
random_16559,QPPMSFGNGYFSW
random_16560,DGVVDPPSHHGTS
random_16561,PHAMVCHQSHWHI
random_16562,RDSHQKWGFSEYR
random_16563,QYHFNMKMQWEHHPSEYSWEEVEIHMGD
random_16564,YIFAKDGEQDDTQTMFPWETLYIACLMLK
random_16565,NKVSEAVLFHGEDQADMFEDDTGGPKH
random_16566,EDMYKCTIIPTRSERCGFTNACPCE
random_16567,VWFFKVAKNQKERGLMYYLNEKRSFRDVQ
random_16568,YMICCGGHGHDGQQKACFIFIWHRWLG
random_16569,RHKHEEPDLTLVYYKEHSMNLKRDTEGF
random_16570,EECITPECGESITIGSQYIVGCWQLTEK
random_16571,PAIIAACRTQSLQFQRYFDSKGH
random_16572,GHVDQRSVVNLHQSRIL
random_16573,FVRGIAGNDCD
random_16574,RGMNPTCICELNWSSLGAQVTRSWEHCIGT
random_16575,DTMGPPYRKLHTYCDNVAPTCKFEYNHCF
random_16576,QLYSSCWPAHTWKANECTQARVECARWFHL
random_16577,CKWNIECGNWHDYSYERRNWAVVCPIACI
random_16578,RDFCWCWAPWMFMGIDQVHAMHHYNTYK
random_16579,RSQRIEPEWMMFSWFPRASLGLEMDAK
random_16580,QNEGFQYKYYTREWYGHFWIYNWKGT
random_16581,HHIVQNEVGAWSQYLKSRMVDFMLN
random_16582,LNDIYKAVQQPMPVNWFQHIGAWH
random_16583,ICLLEYCDWNEKAMHYCCNGAKH
random_16584,HSHVSEIVAVSMPVMTAIFCVA
random_16585,CANVMNHRTGDYDDTVDPMEC
random_16586,WTAIPAMLAGPKIRHQLYHW
random_16587,ARCCTMMGEGRSERTCERH
random_16588,FTDHVMGQWIQYCSFQQP
random_16589,MAWFLHKVCGHAWMNSL
random_16590,PLEAWNWAEMDQTEKF
random_16591,KHGCLNSLMTRLCCR
random_16592,FFMEVIMVRWCWGL
random_16593,PAKTYPNCFIMGN
random_16594,HMWKQEHYEEQI
random_16595,NHCVLLKSLHG
random_16596,RCTKDDHAFD
random_16597,DRNFLPNVD
random_16598,NCAKAPTF
random_16599,FLFFVQQ
random_16600,ICWAEK
random_16601,VCQTPKLDGLPMCTDGQVTWYFCLKCDVGC
random_16602,FNKYFADEAEWFFGHCNFYNVNHEMSKGH
random_16603,NWEFTTDATWHKYIIKPQGYMGYCEPSS
random_16604,RATTTWYIFYDNWRHYKDDAQEDNSRV
random_16605,GCGDQPISMANPETIDYEYSCFSKMD
random_16606,EKAAKHSQPNCNQMMLQMISFKQKN
random_16607,GLIQQGYQYWPSGKRNCHVFNLPF
random_16608,MPWTCWHTPFWTALEHILDTVQT
random_16609,CIEMDPTVMMVPEEHYISCKCF
random_16610,IKSGCTFTCGAEHQVEFQAWM
random_16611,GKESVHFMVTFSEIHEAKHY
random_16612,VEHCKMHPNEMFWAVPLYH
random_16613,FASGCHQFHCFMIFTSAK
random_16614,ICSAFGGGPCMSFCKGP
random_16615,WQHEGECMGDFFKKVM
random_16616,ACRAIPTSHYIPERY
random_16617,QVHCICFTNLRTWW
random_16618,AHIPMWHCVMPFG
random_16619,NNSMWSRCNITH
random_16620,METSRCSAINQ
random_16621,DTEAVDYCKV
random_16622,EIWCADDRT
random_16623,NSMLIKYG
random_16624,MCHYIRS
random_16625,DTQVAV
random_16626,WIIWPVRYREDMPLHDYNMEAMAMDGLNLF
random_16627,PEPMCCEHVTYWSDEDCKFDETIMLNQQR
random_16628,MKPWQCVLPLQATRDTMHIKSMSHCLNH
random_16629,MCWPKINWWFEVCSFILADCKSAVKGK
random_16630,VVMEPRKGDLFVWGDHDTMAMCPETQ
random_16631,VKQPMGETHWWYTAGHRNLSSCGAN
random_16632,KFNKKSMDFLSVNHTQNHCICKCL
random_16633,TGDWMCFCKAEEKRLWRSEQAKW
random_16634,TDYQPSEYHEKTEQWKFAFEII
random_16635,AWFAHNEHWPMSEALVVQKFQ
random_16636,IAVHFIDQITMSPISESNHL
random_16637,VENPQPDSRFEIGTVASER
random_16638,GGCANYLWAHESLQEGVY
random_16639,FMSYKSMVTEVFTFCFS
random_16640,AIFSCVNNFADIHPVQ
random_16641,GNTTPPANIDYNIQW
random_16642,EIKSYYEDVTHKNY
random_16643,SYVHGRNIDKDMY
random_16644,ITSHSNAIYGCY
random_16645,WITAGNWYPFT
random_16646,CDAILTCLFV
random_16647,HEQTDNWRH
random_16648,FTVDLDWW
random_16649,CCERCGA
random_16650,IKTAIP
random_16651,NNWEHQFEFRYRMKIGAADIEQWIFGSWHC
random_16652,YECTHGWSAVEQQQVFVSVFPPDTLLCYD
random_16653,IQKWTGVCWFECDGDVLVTMHLGVKWYN
random_16654,IYRPIAGGPCNKICDFHPCKSQVVYML
random_16655,QHAKDGTSQQSYTFIIDNDGDKWLCW
random_16656,WKDNFFWANWFYAEIAVDLRNACNP
random_16657,EELYEFAKFWWLAASMWWSFRAWA
random_16658,CGWHCSFGYINNHAWFMHEQRWA
random_16659,ATSAGVLMPTCKMMTNIERGTC
random_16660,NSFRNTGLKGWCHLQNSYFQE
random_16661,HLEWNANWDEYGQVREYAEN
random_16662,KHNIINPISPRFTYSKSHD
random_16663,HSEMRHCRYHKNSWLAIR
random_16664,FRYILRLFEPSMYAFCL
random_16665,EKQPTPETYPSCARQR
random_16666,SLDIMAAGHTNHCPI
random_16667,VGGLQMGIMEVEDQ
random_16668,HDYEPEGAPMDHW
random_16669,CHDKVDNDNYCV
random_16670,IGLRGGFEYKL
random_16671,EWKWWNRLEV
random_16672,CESWCGFTE
random_16673,EHTANFHC
random_16674,FPHSFSC
random_16675,ECLHFF
random_16676,EYCMCHVVEKVCWFIQNVRTHSMSFNMYGP
random_16677,RGNHEDNCLNDKYEVYWWARHHICWLM
random_16678,ESWMYGNPHITRETQTGHDDRGM
random_16679,FDEYT
random_16680,MGQEA
random_16681,DFDGW
random_16682,ADMNP
random_16683,VARVSQHRQL
random_16684,NELMHLIRD
random_16685,CELNRPCGFT
random_16686,KGSRAGMKG
random_16687,EIQPLKLICL
random_16688,WSVTFSRGG
random_16689,CFRCTMCPDCNIYVS
random_16690,IFVLPAICHSGPHHH
random_16691,LLMLTCFKMNYRN
random_16692,TTIEATQQAYATLC
random_16693,MTKSEGASNEMRSVN
random_16694,SFQSTSFSIHWRFPD
random_16695,DTHMKPDWVMATDMD
random_16696,SGPECSANLE
random_16697,WLLTKSKHAPWCAVA
random_16698,KSFHCKKSNAADYDN
random_16699,WRHYMWEHHGGRYAY
random_16700,QFRDLSIAKMEAN
random_16701,PLCYSWLCIFHFVNG
random_16702,QLDKVHQLPKVWIIP
random_16703,YPHVRQLSITQMLPL
random_16704,PIWYRMHHHAYRGGP
random_16705,FPTLLMPDVGGCLYK
random_16706,CRGEQILSRLIKTSM
random_16707,RIAGMCGKNDASIVY
random_16708,DCVMHMIIDDLFFWM
random_16709,LYECCNINSSEPAYR
random_16710,IRFRIAANWDEMI
random_16711,LFCEARMYHCVDHHK
random_16712,HDVLIKVDAIYLRPT
random_16713,LVANGVVAHTEPCWPE
random_16714,YTRAQIMSQATCK
random_16715,TCLAGHGINWRLEDAQQDAT
random_16716,YFTMHMLNHFSTVHEAW
random_16717,VMSCGGFSLSRCTR
random_16718,CQFSNALMV
random_16719,WGLQGECAED
random_16720,LMYSLQWRN
random_16721,MAVSWRFTCLESAARFQ
random_16722,PSITSVH
random_16723,HWKNWASWATEQ
random_16724,DKWPPKHMKFDR
random_16725,QWIGCYPCQGEP
random_16726,VNEKKMGYANRPE
random_16727,TGSRCHHQMRLNLPVQTWDGRMHDEFSVSN
random_16728,IPQSPTHNC
random_16729,AHDFEDIMKCYWHVLDYKNEMACIQAPK
random_16730,ALSMEKIRVDEWS
random_16731,THQDLMQNMTLNVTLAV
random_16732,QVRPTWDVPHLSCYG
random_16733,STIYNHICWGWM
random_16734,CMCPTCPAQNHW
random_16735,RPLPAWCNETSPEKDHKIL
random_16736,PTMRSIGTWIQSNRDQPAN
random_16737,PCASPKKTCCGL
random_16738,AGCDARFMT
random_16739,DQRWAFY
random_16740,MLLMNNEPWPEN
random_16741,IVWAMGRCEKVGE
random_16742,GGFQDSYQKCQLIGCCMCTALCPVNFRDIN
random_16743,WFGHSWGGVFLGQHPSFGDCAENN
random_16744,AMIQENNYQKNISYAAPHMRAMTQQDF
random_16745,HMINRIRGVYWQ
random_16746,IWAYSVLGILPLRHS
random_16747,FWGHPW
random_16748,QANKEWSSRKSSTSAYGEAV
random_16749,EVYNCLRPAMMWLQFLSPHP
random_16750,TCIKRWPLFYYHPSVS
random_16751,IYHCMHRTNFFF
random_16752,YNQKVL
random_16753,GECHVMNIILTDDVTCS
random_16754,VCRIGCEWPCTKPNYTCD
random_16755,FIFNQHHSIHDSTKDYF
random_16756,HDYRCYNCICPSLTCMNG
random_16757,CPFSFW
random_16758,ARKHW
random_16759,RGTPIPKEM
random_16760,GTWVASA
random_16761,WVWGCEDGWYAT
random_16762,DQAHGKMDNM
random_16763,DAICKSETKKHN
random_16764,PKRFIEQWSD
random_16765,PVLYHYMTCGRW
random_16766,HRNMVLWTRK
random_16767,IQFLFPNFLPHP
random_16768,ATNGPGGTMM
random_16769,RYMGYGQTEPAH
random_16770,RCDMISCTIA
random_16771,PERNYEWGHCGY
random_16772,MHSDGAGEND
random_16773,DMGDHKALETIG
random_16774,WVWCMMGQSAFVREIDYPGLYQRMPMT
random_16775,ERHNDGQERNFRLAFMTF
random_16776,NSPLFVHMHGWAAKGQFQ
random_16777,GAHSNKALYFINTLTFIM
random_16778,TAIQHMKDMVMVDYYDA
random_16779,TEQLWMDDHS
random_16780,QSGNFGCSNEISTFY
random_16781,IWEVK
random_16782,KFIGK
random_16783,PWQYC
random_16784,AIHNVY
random_16785,YVSPMR
random_16786,SLQPFRG
random_16787,QDWYPAV
random_16788,EQAHLDQC
random_16789,SVGRFATN
random_16790,CMPKWDSLRE
random_16791,DPEWEFHFYV
random_16792,RCKAH
random_16793,KEYEMS
random_16794,HMFEVC
random_16795,LGKHIVF
random_16796,EPRIGIA
random_16797,YVFWDLWR
random_16798,PLKANCIQ
random_16799,AQKRALSFILAQ
random_16800,DYRCKEQWYKMSYASF
random_16801,SWDKYNGCNSDEKED
random_16802,QNWRWGIL
random_16803,FAGNAMPTMPE
random_16804,HMAGCESHGMGVMWQD
random_16805,FKQAQEMNKMILNQQ
random_16806,ECHAHHCCLMWHHT
random_16807,MQTEDAIMENVELDIRLA
random_16808,GVCVIWV
random_16809,FPKNWDCP
random_16810,EQGCIAWK
random_16811,RKIVDYWLTEFHLFICERKYGR
random_16812,YKKEWKTKMFLSYSGRW
random_16813,NDDFAYAMLTRVSRDAPPFIKDWEV
random_16814,HECDEDFCVWAQISDCN
random_16815,NKIANNNNMIEKMVEHIIPGTSAEGAIFSM
random_16816,HWNAWMYMWKLMTRKVSCHLIIDT
random_16817,QVDGSFWCYPVIDLGHFIVNVYSP
random_16818,IETNNVPSHRLHEFITARTE
random_16819,KQGESGHDHIVCDRFSSAFNPDEDYFP
random_16820,AEGYYMMCKFYISPLENVISGAFPTAP
random_16821,LIRAKV
random_16822,RIYRSL
random_16823,IQLMDA
random_16824,QWDGYA
random_16825,SPLCQDECIAQQPWQY
random_16826,YQWLMQYYIVLWEDRG
random_16827,RQWVMQIVMMLKAAKTR
random_16828,WFVPKMNWMRTNID
random_16829,MVHLASAGHWLWVMMTIA
random_16830,NDRWIFMQSNHSVMGEE
random_16831,VVFPWNIGSPMHTRHDKTDE
random_16832,TDIVGSIKCRGQNYGRK
random_16833,FCNCFGRTFFKAVAGQSPMT
random_16834,QWFWETYWRLVTLSMKC
random_16835,PCQRDRKFSMKQQQIEMRQY
random_16836,KVPCFPVTGKEFFRKRC
random_16837,LSDDGKP
random_16838,FTHMSFITQEFGR
random_16839,ADDNYTNMNNRCIIQDKP
random_16840,FAFAMGGYTHDCDWIHQD
random_16841,MNGGDQERSEVQMCFLVF
random_16842,AILLTKSSFQFGPHFYI
random_16843,ILVDMHLMHVKVNWVY
random_16844,KVQPFNPK
random_16845,LMDSKPRFMERWYTWGA
random_16846,FNVMHKFRGPQHFFDEH
random_16847,SCYGMNMGWTERCNYAD
random_16848,MQPKTASFKRRQALLHDCMVAAIRSDHHLQ
random_16849,AWMMPYQCPNLIYWLCEENVYYNK
random_16850,CHWKRPYCERPCILIWAYAFKINGNGQYM
random_16851,KACNFVDRRLWST
random_16852,RTKEWMRPDMFDKKS
random_16853,LHMAGSEGWFKAYKEFF
random_16854,KRSTVCTLTSWAIIYQA
random_16855,NWITPDKADADFYSKFRDSVVPSSIFT
random_16856,YKAPWDKFCGFVICKN
random_16857,SFQCVMNKSECKETMA
random_16858,YDFSNTMCKCVLASSCDYPT
random_16859,PDATISTWQELTFWCP
random_16860,STCWKYAHIPSQCK
random_16861,RNHLPVSNVGAAENMRTPYKLY
random_16862,LYIEYDHVHCKIGYRAVNLGYGENSGDE
random_16863,SDMYENNTCRYCPCLWMQEVRCA
random_16864,MHKNWKEINLWVTAEPWPTKNDT
random_16865,QFGNKYMPRWPSPNGQHDDCYE
random_16866,HAVILEWPHQDSYERLINTYYW
random_16867,YGVTPLEPYSRCQDAFEMGNEEEI
random_16868,EYSCRDAGIKIDIAIE
random_16869,TDQYNHVFTFCWP
random_16870,KAKVFSDKDEAWERIITPTVH
random_16871,TKHLHIRVLGQAVWINHGYGM
random_16872,FSMEQLTHHESWDHGLGVTLV
random_16873,KWINRFRIKGLNAMRIKFGKV
random_16874,KFKGATGFVYYCHSVVCWTRA
random_16875,EVMMKAMFDQQSWQCDEEHTE
random_16876,WYMLFIIHDQTQRTPGRNEYH
random_16877,DVEAGAYWSQNLRVFQCGDHS
random_16878,ANTNQTTHNECDREEATPIWM
random_16879,WHNNCEPMKHHECMVRIWYHD
random_16880,MPIWMTNCDANTLMIDLFHEI
random_16881,NNPKEGKFRDFCQDMRYFEMG
random_16882,FQTAPHPTGCLIAMWMRMSWK
random_16883,EMVHFNYTNSGHVRVLHWWHF
random_16884,YPRWFKPIKHCFVAIPSMWAF
random_16885,CTAYTMRRLIHPKFAMIAKNP
random_16886,PKNWIQQFAWARCWGGTHQCN
random_16887,NTESLWDDSMPYMQYREFENT
random_16888,VCKRIVSDWQMNAAWTMRYKH
random_16889,LKYKINRSDFHMDKEKQDSNH
random_16890,ITKNTICLLWKLRRQFYQHQK
random_16891,QCFAWWGIWGGMLVPPMYYLE
random_16892,YVPSQVVITHSWFIQDNWTAT
random_16893,DHIFHWSILKRQIMLFETHPY
random_16894,LANYFNLRICYRTKAGIEINY
random_16895,WGHRDWFNTTVCSHSMAMMCV
random_16896,IHASECCIDVLLNAIICQNNT
random_16897,NRCVDHISSVSHYCMWIQLSD
random_16898,MVLVEDVFMVYAYKCFWDCPP
random_16899,QWCFFEPTNFGVYGMTNQHSY
random_16900,GCPVIWGGRGVTCSDWVQHWA
random_16901,SYCRYKGYCVKFVHAYGNLKS
random_16902,ENQHKSYICMENMSFMEHYVW
random_16903,DYDYSQDKMLQYVITNSDCNL
random_16904,RRLQYSDWHRYRKHANSGRDM
random_16905,LPQKYDNKSKNHVRVSMEWRD
random_16906,KTIYVGNSQQRHKYIEKFSMN
random_16907,TGMWSPDFNALRCMVKHHRTW
random_16908,GFDISKDNMHKGLGGGCKKLF
random_16909,GPTDTQNCNTFKADFNVMWGE
random_16910,VCTTRPINYWTRSSSLQQWDI
random_16911,PTIRDTWSLFRWRFEECWQAR
random_16912,QNCSLDIETRGYDCGNRWEFL
random_16913,VFFPHCSRVETTRAKLTCPAQ
random_16914,RNSPVGMSDAKVNIPEHLYNS
random_16915,LFRCEQQLSWEMLVYLAQPTQ
random_16916,MCHHHGKLGSYYPKPPRDKTK
random_16917,SVFVHVHCSMPRTDDCIGWKQ
random_16918,HSVYNHEDGKMHDPNMTNEDA
random_16919,TRSDPG
random_16920,FVDLIGFTN
random_16921,EQMHW
random_16922,FSEASKVVCTE
random_16923,KTINISNV
random_16924,PTPHHAWC
random_16925,QEQKPTAV
random_16926,DVQNYTQM
random_16927,TWRGWACC
random_16928,AMNMYI
random_16929,HMWTWIWNQFCDQAANWAMMENR
random_16930,NNVASMMGNYGHANVAGPPGCVFGTY
random_16931,CYGCLFQPSWNRNIA
random_16932,FVKTQCKYHIMRCMG
random_16933,NMASGNFEHIVELYV
random_16934,KVQCKKMGHCIRMHL
random_16935,SFRYDSRQIWNHCYN
random_16936,HDYYKCMFTQHGSWF
random_16937,DKEIKKIWYEVPGLD
random_16938,TSEMYRNQNRWVLNI
random_16939,PHWCLHDHPQRRYSF
random_16940,LLCCWSFKEVHIDRD
random_16941,GYQGTMTMCYRKVYT
random_16942,WSGSMDLPP
random_16943,ITMQCWVHL
random_16944,DGTHAWPAC
random_16945,AGLNHHKNK
random_16946,CWDAYMACA
random_16947,TIEIEIYH
random_16948,EYLWHNRQPIKYAFMR
random_16949,WDCVADIA
random_16950,ADHFEYGFSIM
random_16951,LNQEERRVFKW
random_16952,HTHMGAS
random_16953,AYVNNI
random_16954,IQPTLFD
random_16955,YAIDVD
random_16956,RKHSEMP
random_16957,TYSPEK
random_16958,RRTYFNG
random_16959,LEWWRG
random_16960,IYACCH
random_16961,NHLANN
random_16962,TPAYLG
random_16963,NTPYHP
random_16964,MALPRW
random_16965,WCQWCS
random_16966,GNEIGW
random_16967,MQWGNC
random_16968,GIFHLW
random_16969,SEEQCFI
random_16970,QDATTE
random_16971,NEEACTY
random_16972,MGYSIP
random_16973,VVDEWK
random_16974,EYKMQTHS
random_16975,WPMWVMSR
random_16976,ITVAYMMWTWHDTKQRNDSSQPELAQL
random_16977,FQHRTHWTSTSLNMFRWDTMSNGV
random_16978,GHDTQLTLVRRSHSLGGVHWTFYIG
random_16979,QCMGMKEM
random_16980,PMEQEN
random_16981,LRCIQF
random_16982,GPDSRPLT
random_16983,DEKVKNDF
random_16984,ARYETKSM
random_16985,PVSLVGDF
random_16986,QCLLKSKD
random_16987,RDWGKYT
random_16988,GVAIRG
random_16989,MDWWVK
random_16990,YQDWCP
random_16991,IWDEVS
random_16992,KQHWEI
random_16993,IIEALG
random_16994,DVEWHL
random_16995,MQSSGK
random_16996,IEGYER
random_16997,WWRILEQ
random_16998,PVYYAGEVMTMDE
random_16999,PPIEILYLGDTWA
random_17000,EWPACLCPKYGHDC
random_17001,AYCCRSWDRYLDEIIR
random_17002,SMHKVVEMMWTREM
random_17003,NNTDGPTSCYTQMRAQ
random_17004,DWPNAWDSVLYLWLW
random_17005,ETVDNHVRHGLPTYQ
random_17006,PFYCYRYGAEHAQLNFDAL
random_17007,MCMWCRIPHQDQQA
random_17008,AMWCIYVYPLRPSVWAG
random_17009,YMQCWWIISMGE
random_17010,WGSTVKDEISPDNAE
random_17011,PAVRVTCKLHFQKHV
random_17012,MTPQWVPQCWCQCKHMTL
random_17013,NHQQEYKSMECETHT
random_17014,LCACPHMKWTFTWCG
random_17015,LMSSRITKPEYT
random_17016,PPDQHNRGMVRHHDCA
random_17017,WIPILKSHM
random_17018,NSLQSFEACHEG
random_17019,INWKQNDFPCFFHFQRK
random_17020,SFTAIVITRNYCRRMMD
random_17021,QKWPNTFDASLHKRQDR
random_17022,YSKTAMFLEIRTVAMEK
random_17023,KVYALYPQAWKAVFYSC
random_17024,TMAEPNCGADGIQSKAG
random_17025,VNIEGSSNHNMYEQRTC
random_17026,TASYMTSYHVRIYTIIL
random_17027,LYQYTASPEYLWIKLFQ
random_17028,GLYFERWEFTIAVEVSC
random_17029,EVCTHLKQNEEELWHYP
random_17030,SAYAQCKHRQVKLHSPH
random_17031,DDQFQLKQDHTRDILQW
random_17032,CQCFCWSRNGAWGAGPK
random_17033,NGDLEGMTAIWWVAYFQ
random_17034,LCPVWFMKVLNKCTYKI
random_17035,CSLTWAGPKGSPRCHHG
random_17036,KVAKIHDIVIPWFYNKQ
random_17037,QWTDKHVMECIICAMAT
random_17038,WPFSMNTLIDRPKPWMK
random_17039,VLIPDNWLPRIFRVQHP
random_17040,EIVDLCNEGQCKSSAEC
random_17041,AKQHQFFIRDRSVAMCM
random_17042,CHGTFMQAWTSWGMMTS
random_17043,LSSHECFGASHYGVYCW
random_17044,DTRASKWGQPQSSNAHD
random_17045,SQPQHWDHMWSWRIRGA
random_17046,PSIEDCGEYINNKVGDF
random_17047,RVALNIHRKPRQYNIPH
random_17048,DNDKMCQNCAKVMRCGG
random_17049,SRPEVILLWVAIGIGQN
random_17050,IKNNWHIKPCLDEVIRK
random_17051,SYKCVQADCKCKECYV
random_17052,RANHQLGWQTWIGKDQ
random_17053,AYDNLYFPQKNDCM
random_17054,STMMNVIMYGQGWK
random_17055,GMDYYANCDHAYRI
random_17056,KYTVDLGNLDMPDCGS
random_17057,CTNKCVVQQDVDMV
random_17058,SFDMTDNGSKGTHPWMQ
random_17059,KWWYLMHFYGDNGEHEA
random_17060,HLRCMNSQSAHQSSYRQ
random_17061,CHAMTPKIRNSKLINLH
random_17062,FKPPCDNCVILHERCSS
random_17063,FMMSVTLADEQSYIWCQ
random_17064,LTFRYFEKCQNEPIREA
random_17065,KSHFHLAIQERCEFKRCC
random_17066,GPMKNHPMCMFFSWNVPV
random_17067,MELPLMPMEMDSTNRTSI
random_17068,NHHGDVFNKSRTAVTHTI
random_17069,FSNQTPKVMFIYECMY
random_17070,MRIYLIHMPPMHNYVL
random_17071,VLNGRLSGHQQTKKAT
random_17072,QYDLSTVEGRYDDHKP
random_17073,DNLNWNPWWNKKGRGLR
random_17074,FHRSN
random_17075,ESLHN
random_17076,GAAEFEDTI
random_17077,DMDQPKWKGPGAITPNMEHNYDAKRFYAL
random_17078,NLIWQDCHQVMQHCYNMHRLVGFGWYDQC
random_17079,WKPPISSMANHDFNRKGKLYLCRYVEIFE
random_17080,NMFLIETPENNFVLTFIDVDKMDLWMYTI
random_17081,ISPFSHKCMHKHWAIVWRMCFNMFTYVQM
random_17082,FLTDHCHKGDGFCLLSDWMIPATDQVEWN
random_17083,EDSWDNTCNQKRFLDKQWDTMKRSAPWQN
random_17084,NCFCNVRMHHKKSEPVENKGLATYRWFVQ
random_17085,FFHSMQSGFFMTTSKQSFQINMTVVQFWW
random_17086,RYHPPYLVCFPIMGRGTDSSFYPLNHIKV
random_17087,DKRPTNNHMMENYGPPMHKMPMCVVRWAG
random_17088,YFQASQFQGLLYLECESSWHTFVQTSR
random_17089,ACTDALHRFFLQSHHQYGDSWE
random_17090,VSYKSKFRCQDDHLSYYNDPT
random_17091,LHGLNDLGSKAPIKYSRISG
random_17092,DKLYPPQVHD
random_17093,TPKTWHECWE
random_17094,SHIVDWVFMA
random_17095,YRGRKKTMKRVSDAVCEDWCWV
random_17096,YAYKHNPDIRDLKADTQCPKGM
random_17097,VPETLWYIPR
random_17098,LEGDGNNDICPWADTIMQTEDG
random_17099,LLVKNWNQNW
random_17100,LQWKYPYQSQCQ
random_17101,SVLAGCCEHHC
random_17102,MMKQISCVNDQWVLHMIAQSNIEV
random_17103,KTIFYPEGNHQMEYHQCHELGAR
random_17104,GFPFESNMPRVKACNCCGRAML
random_17105,FDEPGFKFAS
random_17106,PHIEVKSSTHSWHRLRQEKMIASRCVSYAA
random_17107,NNKNDMPEGRNFCETTVQIPCQVQWLQWWH
random_17108,MSSGQSSYCWDRSFRD
random_17109,SEGHKWHLRHTNWKQRH
random_17110,TIWLIAASSCHVPRCPDQTL
random_17111,QPWIARMMMPSYMSETNQEN
random_17112,CQWFQCRIAKLKAWDLLTN
random_17113,VVFCGSHYQMHQNHGYQMS
random_17114,AFSFMQYQMRWVELCLRYK
random_17115,WTFQHVAYADIWKDVYHYT
random_17116,GARKARCVYWFEVYAAKSLG
random_17117,QRRCPKMFGVHNCYTIGYQQ
random_17118,CPEVAHDDDALCHFNRDMDN
random_17119,EQWAGVDDNMPLPMKAKLLE
random_17120,VNTFPPRTECASHHKGHFEH
random_17121,LKTICDLTWVYVGYSIRYNS
random_17122,TNDVKGSNNTSRFWCHRGPT
random_17123,DWDCQSSDPGTWIVCWRSEI
random_17124,DGSNNPTSNVFKPCNFRLV
random_17125,AVHSEVQSGYEFKNMPISA
random_17126,NQPEYCHEQYPTNEISKLQ
random_17127,MTHPECTDRMLQNSWYVRR
random_17128,MIWNCESEWQALMAIRMIH
random_17129,CVNETHNQVDGDKGPSEKE
random_17130,TIGDRESIWSEWPLGPFLA
random_17131,MESVWDQISELNGKTNQVQ
random_17132,AESSLTLYQPWGDRKYMSV
random_17133,VNGHTGSTVEGCVGH
random_17134,WCRPICLPFNDCNCL
random_17135,WLRVMRDKCCHMDWE
random_17136,SEMMMMHNQVAAYQR
random_17137,DMSCCVTYINCSMSM
random_17138,FLGLQSVDIHHLIWM
random_17139,QLHARPPSVKGGLKKFCMIYLIDWV
random_17140,KTDEGQYQGYL
random_17141,IVWNRCSMRQ
random_17142,LMEYLT
random_17143,ILCEDWLAEHPYNHS
random_17144,FGNYCMYKEEMSKP
random_17145,RHPMQHSNVKSAV
random_17146,HSWFWVLHHMTSD
random_17147,WNQYSQATDVIKV
random_17148,TKTKLHKYRCTIP
random_17149,SLRQFTKVFHRGFRR
random_17150,CDTNIPITNSIPKMF
random_17151,VVWYCWAWVFYATC
random_17152,GGNRWWVHKRLNHR
random_17153,PTCRKWRGRYVFIF
random_17154,YVWWYIKICWSHDF
random_17155,ERKPYWAAPIHKG
random_17156,DIMHVHHEHHVWML
random_17157,IWWHMPTIKLTYV
random_17158,DFCKMKSMQYSFQQ
random_17159,ITFDVCNVMMWRMG
random_17160,MFEFHCMLSFESGIG
random_17161,PQKQHVQHNRGPDSHW
random_17162,YQEEYEHIMMPDFSEK
random_17163,GWWMHWKINAH
random_17164,GIEENSWQRVAS
random_17165,RTLYGRGEKYYNKQ
random_17166,WWFDSNLSHYQP
random_17167,NCAIKCCIMSNT
random_17168,ATVFTYNDHYTGH
random_17169,PLKIQGHQVIA
random_17170,KCSPSMFN
random_17171,QWEGCLQA
random_17172,ATTEMFSDEIECPGDK
random_17173,CVMCIGIFGLQPWGADM
random_17174,FVEFSAMVKPEPPPNSTV
random_17175,LLEWFIEQYMVYWHNEIPG
random_17176,DVQETYYPGYYSNTLGARDKWGMFFQ
random_17177,IDNGRSIIWMHHHMKHMPNFANQGRELL
random_17178,KDEQKMKQSLHISLWSEAQTLILNQWYEL
random_17179,LSFMFSRWYNMATAWVACSKFKDDWAE
random_17180,SGVYIDALCAEFSEGPLCRMLRAWCMAA
random_17181,QLINWGFLCAIHNADASDCPHWIRQLFVD
random_17182,WKRDPRIFWEECGNWNRIMKGMNGLQESWI
random_17183,CTSTVYWVVWDCAGQCQCSLIK
random_17184,LRMPYKQQISV
random_17185,TDNHF
random_17186,IISIRPSPWPYPTMRIHYTFH
random_17187,IFIPPWVICWASLIIGYTHDA
random_17188,MKAYKILAQTDYQCQY
random_17189,QTLQSQIHRNWWHSHSWVDDCY
random_17190,RMPMLYYMWFSWQIEDMKQNA
random_17191,IKSQWMGTFGE
random_17192,IYMRISVYAHH
random_17193,MPARFSFEITFA
random_17194,CYQLQHWLAATYCAPQWWRP
random_17195,FYPGPYGFEWVIEMGPWSVS
random_17196,TLHMGQMIRRSMVIKPMN
random_17197,VHNLMRYTCQPPTN
random_17198,HTKIWHWHKGQVP
random_17199,EASAVYYDSAGRHSC
random_17200,CRYRFSDCAWHTFDF
random_17201,ENAWEGPTLVLRIKS
random_17202,SLHNPPNNWSWIYRVRDGR
random_17203,GHVTHDPL
random_17204,CKRMT
random_17205,SGICW
random_17206,DWQPF
random_17207,STIKT
random_17208,DAPVE
random_17209,YNISQ
random_17210,MDFCAK
random_17211,THRCKE
random_17212,AWGKVP
random_17213,CAPEYC
random_17214,KPTGTFT
random_17215,YPPQRNAE
random_17216,AQYHKPFQEFYPPM
random_17217,WNGSWAIARPVVDF
random_17218,TGKYGFDMFWLEKTFSFMSID
random_17219,VCDLAISEGVCSIGGCYH
random_17220,GKKHSRWMRYMKRQPLAWMTYY
random_17221,SQDTNYWRKDKMKEQKP
random_17222,ISVYGKDPSYFSPYLPYLLA
random_17223,GQWVCPLFVWLVHNIFWGE
random_17224,YIYVYMRSAGGVHEMPPFFW
random_17225,SETRWWWMHKGVDTITWLPF
random_17226,NLELLQGLCQVGIWHQANDMLSAWCP
random_17227,NHSGNQHNHGYLDHEFRDRGMVLKIPA
random_17228,KKHIVACGNNWQVPEMTFDII
random_17229,MWLQTLIIWVDNPQDC
random_17230,WFRTMFVCEEARQQHWKKWTWKAQNEAHY
random_17231,GWSGEDMSEEVHPLM
random_17232,ERVGAWMAFGLCHHG
random_17233,YWHGRWIEEQHREPVWIWQRGGDFS
random_17234,GQYYCFVSFNVGHAVADNIQCARQA
random_17235,VHKMNGITTEFIQVTCEHQQHR
random_17236,LSPVQLTDKWG
random_17237,EPFNHMAMEDMFHQWYVC
random_17238,NFNNGCNKMVVWSQRPTR
random_17239,CADSAQRRWVLYSNFVYTNQMDP
random_17240,ANWYYASVKTGLQLAYVMSR
random_17241,AYCAYLFFNSYRRCVTPEYVNAEH
random_17242,EKFDPLKQWRCYFMANMAYVREPE
random_17243,IACVECWRDGESDVC
random_17244,AITVKQQKIFDAAMVCFCCWLKPDR
random_17245,MWHMITKERMSNDGLAKMACYWQGLVWAIP
random_17246,WFLHNREHKKMREPVLTHVREPNTLFG
random_17247,YGTTCLPQSCITWMFNRYTQIKPEQSISSE
random_17248,STPEWDMIDSTSDATGHQPMLTWSVE
random_17249,PKAEFIN
random_17250,TYAMCKYFTAPICTPLHR
random_17251,QCAQVKQRMFEGARMKCH
random_17252,MRFQHTNSGKMMWSEWKM
random_17253,PGAREKFVWQYPHLSRDH
random_17254,AVDDKAEWEKPASYQKFS
random_17255,MCHHPPHRQHSNIDMGFC
random_17256,DAVWYCDVWGHGNYDMAH
random_17257,NAIQCMVLVFIATSYTMS
random_17258,IMCGCLDEMPPTENNEWE
random_17259,IVHDFCFFELASCMLLPI
random_17260,QVKWTGWVVRRPPPRVCI
random_17261,QEIGHCVAEQSYDWKINE
random_17262,EWFECINKWNSIAVLDLG
random_17263,FINAPDHLWMWSLTRRMQ
random_17264,TRVHKIGLEWDTLLMMYS
random_17265,LFCPPSGWAFEVQVTESF
random_17266,LFCKSSRWQCVNTYLNID
random_17267,WLNGISVSNQPMFWKHFH
random_17268,AGYVPWYLGHPRTPKVTA
random_17269,NFFQNTVCHWKEFYKNYM
random_17270,EYDTLLCLPQKHSVQYGC
random_17271,SVFHVHHDLKPTYFYMIC
random_17272,NTPKSHQNKDGVGMRDDP
random_17273,NEPSFYNQWDAWIFCECD
random_17274,KGVTVWHWVGDFMIWQDW
random_17275,FDYHKVQHSKHTTMVLFR
random_17276,CVKYKNFKKHLWEACKWQ
random_17277,NMGQCRDFFFPNWDRVFS
random_17278,QTNSAKWRRDGWAFMARI
random_17279,GCSKLSMTDHGRTMPAWH
random_17280,QVTRVLECIGWDTLKDFP
random_17281,LPITRMHIAQTPVLPNKV
random_17282,HGWQDFTGRRQRKRPIEG
random_17283,YYYLPPLSKPFQSACNKQ
random_17284,VICKKAMWVTLNIHFDVL
random_17285,LCVCEQNDHHFPACWVPY
random_17286,VNLFIQTFSWMQELAVISTAT
random_17287,ALHDEKKQHAYRHIKAMVLER
random_17288,KKYRVITGWRARSTKILAAQD
random_17289,HLWRMLYGSVECYSIYVYFAP
random_17290,AIAWTICRVEQIVAAQDFQPL
random_17291,VEATKNCHRVMPTHPFRYSPI
random_17292,VFKIGNHSLTYYLDSFSWVDE
random_17293,PVEYRSNDAWVAFECKHLLDV
random_17294,NIMVVVNFIKEDEYCGAFRKN
random_17295,DIGCWHNRDLLWKPKNKGQCHYGRILGGCF
random_17296,INHVTSTHSRDEMWD
random_17297,CTKNFELCGGR
random_17298,EFMKMKPMNNIAQHPRSTRDLSLQISE
random_17299,FTYTTGAEVAIYNDNYPNEGFV
random_17300,TWRDAHQQPMDIQPSVYFHGLQCQWRINND
random_17301,WITATSEKIWKLKPERNYHEMN
random_17302,FSFLVFQKQSYIINNIHPSDGV
random_17303,HCVSW
random_17304,WSRMMEFPCFIYLNKHG
random_17305,RWRDSLAFKFNWWTMRF
random_17306,KDPKNHRMHCYE
random_17307,EPLVVTYLYLMYH
random_17308,SYLQTMQEHVCWS
random_17309,WWHHKTPEHASG
random_17310,QSAHERFIKSPFH
random_17311,CLVEKLPPWQYFN
random_17312,MHRAITILW
random_17313,ATALSHYCLS
random_17314,PDKGEIALN
random_17315,HNPYT
random_17316,VYFMMQQGMRHVKNMD
random_17317,IRAQDKQMLQDHKEKR
random_17318,KWHGLSMCKDLYGALE
random_17319,WAANCNELLPTKEDVL
random_17320,VFIFHITTCWHTWLCA
random_17321,RDSPTMIDFTPADSFS
random_17322,DLFDET
random_17323,AQDFLIRAKYRVTMIFWRFYSVTVH
random_17324,DKQWNLPYQSHDRVCGF
random_17325,RGYSLCWTTIND
random_17326,SWEEIHQMYFTH
random_17327,PGQGEWSWDECT
random_17328,SLKGATKLVVYV
random_17329,FPENIWPGYWMI
random_17330,QGIHRAEKIVSF
random_17331,VQQAQKQTSDFW
random_17332,IFIYKHRDAQWF
random_17333,KAYFRYVQSWWS
random_17334,QHRRFCWNHFPD
random_17335,IFFMPTCMCEPS
random_17336,EFFEPKDMRKGR
random_17337,TGNLCWCSMPKG
random_17338,FPKMGFEKFAQT
random_17339,QKSLKECPTTYG
random_17340,WRKNTNLKHYKD
random_17341,QLSYCSKKSEMR
random_17342,HIQAWVCKKMVM
random_17343,FSKEIACNVNQS
random_17344,CMVMEKSWESEV
random_17345,YPCGMKALFMKR
random_17346,AGVRGNDMSTPP
random_17347,KNYACLEWHLPL
random_17348,GTDSYEDWYVHK
random_17349,HDAYIHKAKLSF
random_17350,MAIPEGAYLNQV
random_17351,ETITPLNMKPCH
random_17352,STDGRYCPVGQI
random_17353,TQENKYITIQGR
random_17354,DQAKGPEDAGDA
random_17355,IKPEIVFVGKMY
random_17356,EDFKPNNPSGSS
random_17357,HFLGNACSRSWV
random_17358,SFMCGHSGYDMM
random_17359,TLAEIEYKGGFL
random_17360,AFNKKVYFMTHK
random_17361,YMRFECEYHIAE
random_17362,CDLCDPTWQHKQ
random_17363,EGGTFYLHQWLF
random_17364,FCCRWMSGSNTY
random_17365,RWFWTWQTLIMR
random_17366,QTFYGLGVHNRY
random_17367,NRWSPYLQRKRC
random_17368,IEWDTIRHKNM
random_17369,MRTMKSNGIQV
random_17370,KHKPEGIIGL
random_17371,TVHGKFQWMQ
random_17372,DIRCVAPYNN
random_17373,SLDIHQMHE
random_17374,HNTNDASGC
random_17375,GENDFVVYW
random_17376,TADPKGSVP
random_17377,AKDVLCRR
random_17378,DCAPDSFT
random_17379,FFLERPLP
random_17380,TVIGNVCP
random_17381,SFWVYEIH
random_17382,AAMELEW
random_17383,KISQEAH
random_17384,MLYQVAW
random_17385,PGLEFSN
random_17386,YTFPQWD
random_17387,QCTFAFI
random_17388,PAVQQT
random_17389,GINHML
random_17390,MNRKNV
random_17391,KNRWLH
random_17392,SKVGKG
random_17393,WCGQAE
random_17394,GEDKHQ
random_17395,FWGQD
random_17396,RKFMA
random_17397,LVDDL
random_17398,GHSKV
random_17399,FHKVA
random_17400,DANLL
random_17401,HPIVA
random_17402,NAWEF
random_17403,NDQSWPFRRWLE
random_17404,QCKPGMKDQTGC
random_17405,WTLFGLNQQLWY
random_17406,LRWPEDQEDWRW
random_17407,MRTYRFERCCLV
random_17408,RHHLHWHDMTQE
random_17409,HNQWQNAGSMSY
random_17410,AMVQFWTQKITL
random_17411,NDKLFVFCHEPA
random_17412,HTPRMMYCEFKE
random_17413,DEKTYLSKMVPL
random_17414,SRCIKCHRGPSY
random_17415,NCTDGTEEWQRM
random_17416,SVWEVGWCNQNI
random_17417,GDWLISDQDPHV
random_17418,KHGTNPTIQNAV
random_17419,WEINMSGYLRQF
random_17420,VPCWFSLVDYYF
random_17421,VCRLMVDRYYWS
random_17422,KAMSECHNFPIV
random_17423,ESSTGLWTFDLV
random_17424,PPKQHNAHWRMH
random_17425,EPACTHKQFANQ
random_17426,SNHEFPRGERGV
random_17427,MHWYGQIWYFYH
random_17428,LCLIFKEFFFPP
random_17429,GLPHSFEKKPNN
random_17430,LWHHHHAAKQKV
random_17431,PYCSRTGYWIAF
random_17432,TCNWRHGESEID
random_17433,QSKITAITYGEV
random_17434,NANVEMNRMWGV
random_17435,TQEATPLQLSLW
random_17436,MFMKYACACLYC
random_17437,LRNWSVYKLQGN
random_17438,GMCDMETIFPSY
random_17439,QVRLHKRLNNPG
random_17440,EEWYRIPTIWAA
random_17441,NGRFFSPVSSDC
random_17442,SYHTKHQSCPEV
random_17443,SWEPYVKKIAKW
random_17444,HWNQWHLTWNSV
random_17445,WFEDEETTYKPQ
random_17446,TMATKYIYHFDK
random_17447,RIIYWDDDYAAI
random_17448,SDKPVGWHHHNV
random_17449,MTTKMTIWHAQQ
random_17450,LMPIATIMRTKY
random_17451,WNDEKKDMGVAE
random_17452,TAQWMIYMGDSA
random_17453,NKVRFHWEASPR
random_17454,NRFGKWTWFYRP
random_17455,HRDMKKDTIVEV
random_17456,AWPWKMVKLELN
random_17457,TEFPYHAHRFRN
random_17458,FSDRMLPCMWRG
random_17459,REKLMYAMIMAH
random_17460,RDGMWCENRIEG
random_17461,EFCYLEKKTVPE
random_17462,KCTMVNSPSIRY
random_17463,PIEYWHEIDCMS
random_17464,NNCQNPVEEWHI
random_17465,TVAHLGRHYEWK
random_17466,WFHATDGPPALL
random_17467,AHHTYVQCKYNA
random_17468,HLSGFGIPLCMC
random_17469,HECCGAQPSPIY
random_17470,EALPPSSGEEHV
random_17471,TLHHYSKSEVAC
random_17472,QGESLETKAQHM
random_17473,WMREQHRGDEEG
random_17474,HYPAIYINCYAW
random_17475,MGAIEIFAKMPF
random_17476,TTESQIMVFLYY
random_17477,KNIPNLCGDKIQ
random_17478,ILFSHQKVLDFL
random_17479,YDAHKIVHLQRR
random_17480,IWGLYPDPWMAD
random_17481,GQPRYGDMDKNW
random_17482,YFIAEMRFKGVL
random_17483,SSCRPFSEDQSP
random_17484,PHPWVSKARDDD
random_17485,DITPVRGTRGMM
random_17486,HNSGNFAKFGCW
random_17487,ICGIVCDLHTNS
random_17488,MSFPHYEMPRAH
random_17489,QPPSEHMAAVEY
random_17490,CADVKRVPSGAY
random_17491,RHQFSFVCSFIM
random_17492,NTIPSFQYWIGL
random_17493,QTDSGAMRMWPR
random_17494,ISTDPAGDRMER
random_17495,TISSLLSVWYDS
random_17496,VYRRAGHYNLHR
random_17497,QMDNKEYMMMKC
random_17498,TWGGCDPHPPGH
random_17499,DLEWETNNMIPF
random_17500,PFFFICWPWGFL
random_17501,LHKVFYSYVDNY
random_17502,FTQNRRCHIPNV
random_17503,NYATFMAGRKIS
random_17504,YNCQMRKEGQVW
random_17505,CTHAAKGFCRTG
random_17506,FNFMKYKWCNDK
random_17507,RAKKKFAALQLA
random_17508,WPNGRFWNECPI
random_17509,WWEHAISITWKE
random_17510,CCDVFCEVSRSI
random_17511,MREQSKNCACTT
random_17512,IQWFHRQCLDAE
random_17513,FSTMVVGVSKKD
random_17514,GVERMVLLDHRY
random_17515,PIQQMFDQRCCR
random_17516,NWALKLYYNDNV
random_17517,LETLDQTRHCAS
random_17518,DYENFCLTRFFQ
random_17519,EYFQEVPLTDAM
random_17520,TMLQHLCLRVLW
random_17521,EEEYVDDCWAMK
random_17522,KTFALDWLKWPH
random_17523,MKNAIGGTQCLQ
random_17524,WIQWYKNEPHYW
random_17525,KSKTRDFSYDRS
random_17526,PVMTEANCMYAW
random_17527,SFTKLSPSNKYV
random_17528,IKMDTDDCYMHS
random_17529,GNDSLKEHRVVK
random_17530,GYAEIEIRFEAC
random_17531,QMENIYYYHNFC
random_17532,YWPGQNILEMAD
random_17533,PSPTPNCRHGHN
random_17534,FLRQGNTRSWPK
random_17535,IKLRAFYVYNYW
random_17536,CGFEPTEDDEDR
random_17537,NLHMGFLKWYVY
random_17538,QQNPAIGTMYQL
random_17539,LGSKWVIAESPT
random_17540,DMVRWWIKLERY
random_17541,KIVWGPHKYNWD
random_17542,NPTQEAYKCYNG
random_17543,VIIMSFPYQCTF
random_17544,YRSNCDEMVIHH
random_17545,CMSHGHWNTKLT
random_17546,KRRHVHIEHGCG
random_17547,GSDLDWGEPQWS
random_17548,CAKANYCGSKYI
random_17549,ERILYCTEADED
random_17550,RFSGNEPKRWCY
random_17551,IHFDKTKHMCWV
random_17552,QAGQKWLDVNEK
random_17553,ASDQMKVGNLFY
random_17554,VRGDWSCSTMMI
random_17555,DAPPHYWFESYK
random_17556,PKMFIMYIVDTR
random_17557,YDACEMKLKATH
random_17558,PLNVSRWTTRNQ
random_17559,RPLVDGYSCDEA
random_17560,CYCWVHTGYTMV
random_17561,ANRGCTEWDCGL
random_17562,SQTIPHTLKDCC
random_17563,KPEVPLFFLKKL
random_17564,GYRWFGNYTWAH
random_17565,KWKDRGTRNTMC
random_17566,RCHGEMTVRSYH
random_17567,KDHDYAQFPLGI
random_17568,QDKSMRNDTCTQ
random_17569,LAMHLYIRDPSC
random_17570,PMQVLGGYFYDF
random_17571,WTPWVRTNGRDG
random_17572,FHMALHKNNHKR
random_17573,NPYPHRPYGPYT
random_17574,PGALTHPLAPWA
random_17575,DPSNVNYTGCAS
random_17576,KVVFCMFWDHLS
random_17577,ITTCTWHTSKQH
random_17578,QESGGIIFTLIS
random_17579,RMEYHDQRMYGM
random_17580,LADMGFHCIHEI
random_17581,GNQKHRMMGLQK
random_17582,HVQHCDFTRPTY
random_17583,EMKVGCIRVHVE
random_17584,HSHWIEYAWNNE
random_17585,LMKTETKVTKEY
random_17586,CRDFDSHTSTQL
random_17587,SHGLLQQFRYIL
random_17588,HAPGMMNRGSAL
random_17589,HMRKCCSRCQQY
random_17590,LFVCYIRNYKPK
random_17591,RYLHGSWQVKYG
random_17592,IVNLSYGSPSAT
random_17593,KEWHGPGGDHQE
random_17594,MRSSDDSKLYHD
random_17595,AAQGPCSLHAHI
random_17596,WRMRPQFRVCNY
random_17597,QIWCMFAAMDTV
random_17598,TNHVRVPLVLTK
random_17599,FALDLTVFGWIE
random_17600,SMCSQQWDFVRV
random_17601,QTECAKFVHHYW
random_17602,ADNYFDGHLNMA
random_17603,IVVQKQNSCSSC
random_17604,NVLLLTYWPPVR
random_17605,HFWFHHHWECRH
random_17606,NFNGNNCVKTGY
random_17607,YCFVVHKNWFMP
random_17608,ANYVHDRTYWCT
random_17609,SFSGYCQWMPCK
random_17610,IQPEEMYYKILV
random_17611,IPSRDFFPFGMK
random_17612,NDVTAYDVLVTP
random_17613,DPNDRKPGWDPP
random_17614,FFDTIHVQQFRA
random_17615,DNHPSRRTKFFF
random_17616,LSPCYCTQNTTG
random_17617,AMETRDCQLISG
random_17618,FRTHTGGDHPTE
random_17619,MCFPNAHFERLN
random_17620,VNAQRSAFE
random_17621,RADHEGTRF
random_17622,HWQSTWPED
random_17623,GGFMWCRAR
random_17624,EGSSEHEMM
random_17625,QTHRNLTLD
random_17626,RWHNSITPG
random_17627,WTREFGWTA
random_17628,IPIVPRYAV
random_17629,AMPSQGFCL
random_17630,MAHQDCGFV
random_17631,KFRLLAMKN
random_17632,ILGASSGVY
random_17633,VWYAGKYQH
random_17634,PMMWIGAKC
random_17635,QFPQWSWDT
random_17636,GPWMAVNEW
random_17637,SIWSWIASC
random_17638,ENKHLPDWF
random_17639,PFNSMIEQK
random_17640,NFWSYAPDD
random_17641,VMGDHGAFL
random_17642,VRWIWSINK
random_17643,IVFYQHCPV
random_17644,DAEHTGSKG
random_17645,FSNPKKDCN
random_17646,GHMLCFGHK
random_17647,QPEDAGSIR
random_17648,EGIWRQCAK
random_17649,WTFYKMPIK
random_17650,VSTEVYKKR
random_17651,ISVQQTCDF
random_17652,SEVFGTYVA
random_17653,KSRTLPKRY
random_17654,CSLCCHVQF
random_17655,AGQMCSHTE
random_17656,QGIPRWFQW
random_17657,LNHCTIPKE
random_17658,QYYCGLHWS
random_17659,CYGYCLELK
random_17660,LGAWVVRAN
random_17661,LTQVCHCMH
random_17662,WQGFVDMKE
random_17663,TLMTWSGPV
random_17664,EPVMSDSVC
random_17665,PWQPVQIWI
random_17666,VKWDDQKLY
random_17667,EPQWDENES
random_17668,HIIRTVTDQ
random_17669,VYGQWVLEY
random_17670,AFMQNEIRC
random_17671,SVSMWMPYS
random_17672,ESFDRIHWL
random_17673,MNDQDMPPN
random_17674,YMIMFDFHV
random_17675,KDARERINI
random_17676,SPHDWNFPW
random_17677,SGQREFDDM
random_17678,GSKGFWGKG
random_17679,DMAYQNTYR
random_17680,MFKVPTTCD
random_17681,RMVAVINTR
random_17682,APMPSRFFE
random_17683,FSMCEMCID
random_17684,KEYCKVTDQ
random_17685,LVNQRDNWQ
random_17686,GIKCSRSFD
random_17687,FQFLENSDW
random_17688,INEYQAMHA
random_17689,MRWAVWYCC
random_17690,ERLHLFALM
random_17691,ESAWWFMVW
random_17692,DMLIFCQRQ
random_17693,AQPMEALIK
random_17694,TMLFMLKSH
random_17695,LFNLYGIVC
random_17696,NWSLPWNSQ
random_17697,DVVCCQGPN
random_17698,PVHMVDHGC
random_17699,GQMYVWWKV
random_17700,RYELKRVGN
random_17701,SAVPDGKFE
random_17702,KYGDRWPSE
random_17703,KMPSLRCDM
random_17704,EQNTWARHG
random_17705,HKFCHCPKR
random_17706,DTIPQEHYK
random_17707,SKQVWDQWP
random_17708,AQSSHFIQW
random_17709,YRYLPAGEN
random_17710,LKHWMVCPH
random_17711,CPTGCHHQI
random_17712,NDDVWHNHD
random_17713,DVLMVTMEI
random_17714,GMSRVHYMG
random_17715,NMTEFKSNQ
random_17716,GKTYPLEIR
random_17717,LIVVKWWWR
random_17718,TAMCSGKFP
random_17719,RGIKNTGKD
random_17720,GYAEDDCQT
random_17721,SSFCEIGNP
random_17722,TQLKHKHVP
random_17723,RAGVTGFDC
random_17724,KTSGYHEAA
random_17725,VKISDFGFC
random_17726,SGQNARVRT
random_17727,CHTCWDGQV
random_17728,STDRMWHLW
random_17729,KTHTHHEKG
random_17730,TIDFISHCI
random_17731,SHYNIEPMC
random_17732,SPVKGSIEP
random_17733,WIRANGTFQ
random_17734,QKLYFYDMP
random_17735,DDGPMKTHT
random_17736,VSPNAGEFD
random_17737,CLALPTNRG
random_17738,PSNCPWWIH
random_17739,EDINFQLYF
random_17740,YLVDWSPTA
random_17741,TFKETRVML
random_17742,DMAKDTRIN
random_17743,SMNGATAGF
random_17744,EEAARAITQ
random_17745,HAMDTKFFQ
random_17746,DYCCCPLCI
random_17747,KEIPTINFW
random_17748,TYWNWFIKS
random_17749,VDAIYTALR
random_17750,DPIFIPWDW
random_17751,LWRLMYARP
random_17752,CEKPTVNHM
random_17753,SFDYMLTIG
random_17754,SDADTVHHG
random_17755,HHKKVTPSQ
random_17756,TSAINENKD
random_17757,CSYNYFCLL
random_17758,LNESTSACT
random_17759,HNGSHMMPK
random_17760,VSWWASYFL
random_17761,YFSKSCSYK
random_17762,VPYYIGFQS
random_17763,NSTQFHTNA
random_17764,GSSDGTIPQ
random_17765,SFIPYDEFN
random_17766,MCNFLHFCA
random_17767,HPQEQGTIM
random_17768,AMVRIYDHD
random_17769,FGDHICDYF
random_17770,ESEVIWCFW
random_17771,IDCWRCSRW
random_17772,RSQQRRMAR
random_17773,CILFDVQLV
random_17774,GCSPAMNTF
random_17775,DKSQNYFLM
random_17776,YCRYNRTVC
random_17777,QSWFNMYMY
random_17778,WQCIRGVAF
random_17779,HRWLWYDWM
random_17780,WRQMWKLCR
random_17781,VNVGTTLQQ
random_17782,VPVPTKAFL
random_17783,SSRFTYHVE
random_17784,INTMVSHWE
random_17785,MRSHGFYYK
random_17786,YPKNQGIRS
random_17787,QWRIGVEFK
random_17788,PQMQKPDEG
random_17789,GVWFVWTNI
random_17790,MYEMGIFMY
random_17791,NTYWKNRNE
random_17792,TIHQATNFW
random_17793,YAKEQYKIQ
random_17794,YVQKGNGCD
random_17795,ENSVWKMRP
random_17796,LVRTHTVIR
random_17797,GQEVDLPWW
random_17798,AASPTMPFR
random_17799,NGGDCKIKG
random_17800,WVCLCVCLF
random_17801,NDVFMDNGH
random_17802,YLEKTEGDK
random_17803,RVDLPFSPF
random_17804,TFEMHDIVP
random_17805,WVSMEASCP
random_17806,DYTEHGQDV
random_17807,KYSYFNKIV
random_17808,GIPAVMPWK
random_17809,LRITCECMP
random_17810,CDDNNGIQM
random_17811,GIHSEYSER
random_17812,SEIFLGRHD
random_17813,MYSSPYSCI
random_17814,LVDWPAQDK
random_17815,HFFPKYTHS
random_17816,CVWDCVKSR
random_17817,NAHPCCSTR
random_17818,EYAFPWVEP
random_17819,YASCIARYG
random_17820,DDQEWGWCT
random_17821,MLKRAVRSH
random_17822,KLWDPVQWV
random_17823,GWYYFEIQA
random_17824,DIAMVTNVT
random_17825,DDVYEAAPT
random_17826,FCQTVEQFM
random_17827,CEVCLDKHS
random_17828,RIYITMPLG
random_17829,CWWAFSNMP
random_17830,INNQLVGST
random_17831,CHASRLWCA
random_17832,SWVIQRCRK
random_17833,QLCVWTRDE
random_17834,KQYEMDNPM
random_17835,YGCHMSMFG
random_17836,PSSNGNLYY
random_17837,QIGYCTHQA
random_17838,NFLFSLGCQ
random_17839,PHQTWHIPP
random_17840,SWQAQQPVR
random_17841,EAIEEATTK
random_17842,AFKLPAVRI
random_17843,NKFWVECSN
random_17844,WERINRWPQ
random_17845,DEVPFCMIP
random_17846,RKGNQRGVP
random_17847,WFNKWTEQV
random_17848,YFDQQIISM
random_17849,MYSMSWSRA
random_17850,KLRPGCRWG
random_17851,TDGPARHMT
random_17852,ESRYVWSLF
random_17853,NDVNMVQKK
random_17854,MQVMQCPHM
random_17855,KITFCISAM
random_17856,MFQHFYDCC
random_17857,QKWREEMVQ
random_17858,APVVVWKPC
random_17859,PHKEIAEYD
random_17860,CWLRLHDWC
random_17861,CSPEAQITK
random_17862,WRMARNITK
random_17863,ILKGCSVTA
random_17864,AEKLGVITH
random_17865,DFIMIAPHW
random_17866,AQGWLWWHR
random_17867,DCMDVANSK
random_17868,TTIIIQGCA
random_17869,IMFHTDCVR
random_17870,PPHRHGDLF
random_17871,DMQTERPQV
random_17872,WVMPSELKP
random_17873,GNDWYGPYD
random_17874,YIFQTPWED
random_17875,YISDKRGNH
random_17876,QIWEDEICF
random_17877,HQKQLPCHN
random_17878,TAMVWQWLP
random_17879,DQMTQFRQY
random_17880,KSIDDNKYQ
random_17881,EGIWEVIQR
random_17882,YIDAPPMQE
random_17883,GRKFTEFWR
random_17884,NPTEYNMTL
random_17885,IYWTLTKRW
random_17886,FQKNHTNTH
random_17887,WNGFCIVFT
random_17888,TYEFVQRLK
random_17889,VTSTMTWNG
random_17890,YMQLQGRGE
random_17891,CEYKKHWGF
random_17892,YDISIDHTM
random_17893,THFNCGRCM
random_17894,GHASNPNRD
random_17895,RTGTRVSKT
random_17896,LMEFSAMPI
random_17897,IIDSYWNVH
random_17898,QDSQFWFEM
random_17899,PAGDIRGGC
random_17900,NGSVKEFTG
random_17901,LLPFYHMIG
random_17902,QDQMCKNHE
random_17903,NKIGQETYT
random_17904,TWCNEEQRI
random_17905,HNPGERYVA
random_17906,PCICITYWL
random_17907,EDQTITWAI
random_17908,WVVGESHKR
random_17909,QFDFYRFYS
random_17910,IFHGCAKVL
random_17911,MNFNLALNE
random_17912,LAWRSDKHV
random_17913,PWPFCINSE
random_17914,TDVATKFML
random_17915,PTPSITIGI
random_17916,WYAILICGS
random_17917,PIKTCIDGI
random_17918,LPMFFAFYL
random_17919,IFCCVGLFY
random_17920,RWTRMEFEN
random_17921,KIPQDMTCD
random_17922,NWLPILICV
random_17923,IEDWICAFF
random_17924,GGNCYDNPP
random_17925,LLDHLHENK
random_17926,QHTCDDERC
random_17927,LAGSTHVPD
random_17928,SMNNQCRTF
random_17929,GHCNHQTYC
random_17930,PIYVAWGRT
random_17931,IMCQMFMYT
random_17932,AVKGSKVAS
random_17933,FLNARHTGQ
random_17934,GWGIMYSVE
random_17935,FVMERDEHL
random_17936,VGFLLEYCY
random_17937,TYYVLLTAL
random_17938,TAYTPWRNM
random_17939,RWCASEKEQ
random_17940,EGQKDQNAM
random_17941,QSHTPATVM
random_17942,IEQAQLQSP
random_17943,SWGEGVANF
random_17944,KWEKDPQVN
random_17945,AFHFQWKDT
random_17946,IMQQYLISN
random_17947,EEPFCTAND
random_17948,WWCGDDHRN
random_17949,CIYPPYEAF
random_17950,YILWQDFKV
random_17951,FNLTRYKFV
random_17952,HTRCQGYNT
random_17953,TDDGVPRHW
random_17954,CHQGRMIKM
random_17955,KRGNVTRHK
random_17956,LGEFEYNRD
random_17957,KYSCPLSKR
random_17958,HNIASMRLD
random_17959,KLGYASNYG
random_17960,LMQKIGTFR
random_17961,YCNDLLYLG
random_17962,MAPEPAPLR
random_17963,GPHFCANCC
random_17964,MDNARDAWH
random_17965,RYQILRCNS
random_17966,DKKSVNHKD
random_17967,ESPDCCAKD
random_17968,VSTCTRQGR
random_17969,KEQCSNHEI
random_17970,IHDWLTSPM
random_17971,LKECPYMER
random_17972,PTPNTMMRD
random_17973,SMMGTYHML
random_17974,WNESRGGEP
random_17975,WCAEQQLEM
random_17976,PGGHQKRNP
random_17977,DCIIFIQQQ
random_17978,HEGQCPLPW
random_17979,SREKWWYML
random_17980,ITKGPRIGV
random_17981,CQAGHFGGC
random_17982,YEFLCPGTE
random_17983,YFDTLNNQR
random_17984,HPECLAPMN
random_17985,QCEPEFPVM
random_17986,TYIEIKGGR
random_17987,VEYRTTVQR
random_17988,YTICNFWEP
random_17989,CSQEFTGYF
random_17990,DVVDALCRD
random_17991,ILMCSCEMG
random_17992,NTSACMTWM
random_17993,FENFSKECT
random_17994,DMGMFERMQ
random_17995,LCHPEDQEV
random_17996,FDLRYAIVY
random_17997,IMFHDLIEY
random_17998,MHLQERRQK
random_17999,MKNRMYAFY
random_18000,IRMSDENAW
random_18001,CPGENCQIA
random_18002,YQGHAPVRR
random_18003,EPPITCAVA
random_18004,IIGKVFPSN
random_18005,KANYYMATT
random_18006,CTMQEMMIK
random_18007,SQRWDNDMY
random_18008,KTGLRNDWT
random_18009,CWDPCCLLI
random_18010,IIGSKKVAW
random_18011,KLYRAHYLC
random_18012,GWSKLGFGM
random_18013,PCATIVNQQ
random_18014,REYNRFYDN
random_18015,HCEWRWTAV
random_18016,QKCCPHPSY
random_18017,TPWGWPLEG
random_18018,DNQIMSLQA
random_18019,DMYPHACPD
random_18020,SNWPHVMRF
random_18021,GNQIEIDKL
random_18022,SIPTQEIQV
random_18023,DVMEIATQC
random_18024,EAVAYWPLW
random_18025,ATMDFCCHD
random_18026,LYRYSVNVP
random_18027,FENQDDMWW
random_18028,ARQCLQNNC
random_18029,FGMLHNWTF
random_18030,WTLNHPHKP
random_18031,WLWFIGGYE
random_18032,HTHARFMYW
random_18033,WCLKVPFML
random_18034,RMWRNNRME
random_18035,KEVRIKVGT
random_18036,QRVGSMKTY
random_18037,KHTFSGNNF
random_18038,TSRYCSSCG
random_18039,IIKETTLMY
random_18040,GNDAPYVCC
random_18041,KKHCIFEDT
random_18042,IFWGWWAAG
random_18043,NLLPHWQHG
random_18044,KVNDLRKES
random_18045,QCCCPAFKH
random_18046,HECGQVWPC
random_18047,HTIMEHYEG
random_18048,QCWYENAEA
random_18049,YGDIRWMGQ
random_18050,NQMDFGLIN
random_18051,INLFIKAHG
random_18052,FFHIHFMWR
random_18053,CFILDYFCF
random_18054,CVYHNMLGH
random_18055,FNEWRVPRA
random_18056,IPGHFTHYA
random_18057,SSVWWRLYG
random_18058,LFDLWYAEP
random_18059,NPQMSEEAK
random_18060,HCSCMGFKE
random_18061,IQHCNPHYH
random_18062,TPTDEPWFQ
random_18063,LFQQWWFFK
random_18064,GETDYGHGK
random_18065,GFTDSPGLS
random_18066,VHKNRPNNR
random_18067,VMIIECLAG
random_18068,YLERNFFPM
random_18069,LILCKPRMS
random_18070,ENRGRMDEN
random_18071,NDSIPPSAC
random_18072,FAPYMSDLS
random_18073,CFIMNCWHK
random_18074,SEQCAICWP
random_18075,QAVGVQLDN
random_18076,YLMYDMNTQ
random_18077,IQIIHTANE
random_18078,LQPGRHVEV
random_18079,DTEEAHEHW
random_18080,VCEMKNIRR
random_18081,SYEDNAKEH
random_18082,CTMCKCRGM
random_18083,EPTLWRRKP
random_18084,QVTSGKAFR
random_18085,WAHPCKWCF
random_18086,ISECPKQAW
random_18087,MACQAAVPP
random_18088,QMPLRTWGE
random_18089,LHWHNGVQC
random_18090,PCYHQEMSR
random_18091,EWWCKHFWR
random_18092,PLPTQWSLC
random_18093,GISLDIGIH
random_18094,LNPVLGLSQ
random_18095,AAIDHFTQV
random_18096,QHYSFWYTI
random_18097,DHRENHSTC
random_18098,MEDIDPTNW
random_18099,SGYNHQLVH
random_18100,KMAGRRHRQ
random_18101,WQVDVCIWS
random_18102,ELWYDHHQK
random_18103,LRVRPLNNG
random_18104,IQDEYGDWV
random_18105,YCFTVTIMN
random_18106,CGEQIKYRP
random_18107,QECFSIMPI
random_18108,AFRVFPLTD
random_18109,REAQVDHST
random_18110,NNVQVPPWV
random_18111,SHKGNLVHI
random_18112,YSEWAWLVP
random_18113,IKIPSKILK
random_18114,NPKNCQVKV
random_18115,AMCFWQQQY
random_18116,MDCNWGIYQ
random_18117,SYYMCSLSI
random_18118,LHLAITSVC
random_18119,NIHPMHWMP
random_18120,ARETGCEHL
random_18121,QDTDWYAQG
random_18122,VGEFPQKVH
random_18123,ANLMGMASS
random_18124,RYWVIGSRG
random_18125,ERELRDWMC
random_18126,GMMFREPIQ
random_18127,FILHNVCQI
random_18128,SHCWMQVSC
random_18129,DLWYIRHAV
random_18130,WVKEYHMRM
random_18131,QSFKTVFME
random_18132,RGYVSELYR
random_18133,KMESDSNAG
random_18134,QHINFYDWN
random_18135,WVFKDSCYD
random_18136,WTSAYQKPS
random_18137,YWSFANRAC
random_18138,PSHKITQLT
random_18139,CLFKLWTER
random_18140,HSIRQWYTS
random_18141,SFDIGRKCM
random_18142,SKQPNFYIQ
random_18143,GKADMNSWA
random_18144,MSMWAHQHD
random_18145,EHRVATTAC
random_18146,TAWTQWKCV
random_18147,GKHWKHYDM
random_18148,SMGNRAPDW
random_18149,FIAQHVEHN
random_18150,QKYDRTTFN
random_18151,GMVKNWVLD
random_18152,ASERCTCIH
random_18153,SYRQELQVR
random_18154,LPKNQLPCL
random_18155,LWDSHCMEN
random_18156,MRVGSSKWI
random_18157,NCPPVMRKH
random_18158,ILKTQWREI
random_18159,ILMGGHPWV
random_18160,LMCCCYEDY
random_18161,SISHHVFIM
random_18162,GMKWQSNES
random_18163,YCGPPSAVD
random_18164,SSQMFFYNY
random_18165,SQWGRSALI
random_18166,AYQCVNAPQ
random_18167,VRGYAHWKC
random_18168,LNNPGPGTQ
random_18169,ECFRNFLGS
random_18170,AFDALMGME
random_18171,CKMPRNMNF
random_18172,FCHTRNNNS
random_18173,TPLLTKQAD
random_18174,ECFDLTFNS
random_18175,EAWPKPYED
random_18176,GTLRSSGPS
random_18177,HVQQFTLNE
random_18178,NLKPSSATW
random_18179,GWFQSWQGI
random_18180,KRINMIGQN
random_18181,TDRISEAHQ
random_18182,NEKNTNVKT
random_18183,FHWKEWSML
random_18184,FELTSMVFN
random_18185,HVWETNYKK
random_18186,WNDFVGNHV
random_18187,NGKMLRETM
random_18188,RGNYDWTKF
random_18189,AFRRRGAQY
random_18190,MVHPRDLCH
random_18191,WKNISVAKN
random_18192,QDRIATHVC
random_18193,GDFNIFIPI
random_18194,PVHRNQNRF
random_18195,RCYTPMRLV
random_18196,WPGAGPHRH
random_18197,KISSNVRRI
random_18198,VDGDENRQL
random_18199,FFFVHHWIA
random_18200,RNEHRQLGF
random_18201,GSKAYKHES
random_18202,SGVSYRGGV
random_18203,YTCCKQKMR
random_18204,HECADPRDV
random_18205,RNHIGTEQN
random_18206,VYEMCGEDV
random_18207,AYFMEAGEN
random_18208,IDDGKLEKQ
random_18209,FYKQRSSPC
random_18210,YSLKHRHIS
random_18211,SRGEIHFYF
random_18212,GHTGLTESC
random_18213,AVMIWIPCA
random_18214,RWDLMENSV
random_18215,VFWVAPTRS
random_18216,MYMDDKINR
random_18217,FCCLPNWGL
random_18218,RQNVRMEGS
random_18219,SEKHPFLPL
random_18220,NFHQLELIA
random_18221,QNEGGIAYG
random_18222,WNCWMWSFR
random_18223,CQNMQPQTY
random_18224,DNNWLADGG
random_18225,APLFPIVCY
random_18226,MMYRFCTTT
random_18227,FDMYELEPA
random_18228,KWETDAIFW
random_18229,WACFEWDEP
random_18230,RLAGQLTAS
random_18231,GEKPSFRIP
random_18232,NCFDVPRAY
random_18233,FMGAAAKIT
random_18234,SNANSIKTD
random_18235,GHKQHIYTF
random_18236,PYFSYRWNM
random_18237,QRLQTDTPK
random_18238,MDHGGGYQM
random_18239,LNQVIPSYN
random_18240,AMEPIARFN
random_18241,FRVIGRPFY
random_18242,KGHGWITTR
random_18243,WNCMRLMFF
random_18244,WKYEQLFFK
random_18245,CCMVSCVWV
random_18246,FHRWDRGLR
random_18247,RLGMTKRKY
random_18248,PYGRQRARR
random_18249,FWTIMFFTT
random_18250,QYADAIYGA
random_18251,DWMESCPQM
random_18252,MCAQHCYTK
random_18253,NIKFAYATF
random_18254,AWEHLYWQC
random_18255,VNQGSQLGI
random_18256,RMKNLTDMT
random_18257,DRFGPICAQ
random_18258,DVRYGMSSY
random_18259,WEYWDPMCG
random_18260,EENTHCNGK
random_18261,DYSTNSGLV
random_18262,AMPTRGEMC
random_18263,PKTEDHWLC
random_18264,GHAVGPWWI
random_18265,VERGAYLMH
random_18266,PTENYASAL
random_18267,VLDGYRGES
random_18268,TFVRYVSEI
random_18269,GFACMWAKT
random_18270,GNISKYLLS
random_18271,FHRVHELRF
random_18272,CLGRTMMWI
random_18273,GECRVWHVF
random_18274,DTGQWILER
random_18275,FCAFLMYGK
random_18276,DRDESDPIV
random_18277,DGECFWVCA
random_18278,LQKIPGNGL
random_18279,LCDRHPAQV
random_18280,IHLYVCLFE
random_18281,QGRTNQDWT
random_18282,NIFIKLFEP
random_18283,FGDAQLVTD
random_18284,RYETIDHET
random_18285,VATGLTTHT
random_18286,IYMDWEANY
random_18287,DHGWLPGHI
random_18288,FDGCMIEIT
random_18289,EMKMWLIWC
random_18290,SVEAIWFPR
random_18291,YAMAVMMFQ
random_18292,KSITKMPGC
random_18293,KIQVTNHYK
random_18294,DLYMLVFVT
random_18295,MFSLGIRNR
random_18296,PHANFLVKN
random_18297,NKYGHNPRE
random_18298,RAYTYKCMY
random_18299,YYYCRHVCM
random_18300,LINCLKAQD
random_18301,SVGYAKEQN
random_18302,AGFTASGAR
random_18303,MQIPHASLG
random_18304,YPWGHWWYQ
random_18305,KMQIECMHI
random_18306,CDAGRLYHK
random_18307,LCPWEDNGF
random_18308,KMVITHLFT
random_18309,DQELHYIFP
random_18310,IWCYKFLWC
random_18311,SINDHWIWT
random_18312,YINELLSQQ
random_18313,RIFDPDACS
random_18314,PFVRAEPNW
random_18315,FPLPLIRQQ
random_18316,NKSTTSWEG
random_18317,DENSCMRQG
random_18318,CDYCCYLVP
random_18319,CTHCYANIL
random_18320,YLLSATSLQ
random_18321,MAQCRNDGK
random_18322,IRHWYWTVE
random_18323,WVWPTAATH
random_18324,PTMCWQVMD
random_18325,DSSEIDFCG
random_18326,TICYNPYHF
random_18327,FYSLLQHQM
random_18328,GKAYFKCLT
random_18329,AVPMVHRNP
random_18330,SDMNLPIGK
random_18331,VVDNGYFLH
random_18332,DWDQEAKVM
random_18333,WMTQGIPSP
random_18334,LDYFAMEYN
random_18335,RNKWLWLRT
random_18336,YNMDDTAWD
random_18337,IRPTWSHWN
random_18338,SQSLNEKHI
random_18339,CCFMTGIDC
random_18340,GLNPECFFA
random_18341,AWPQWNSGM
random_18342,MNTNTLTEA
random_18343,EHWKVMMFM
random_18344,WFMAMGHLM
random_18345,FVHYYYLKR
random_18346,VNENGTTCI
random_18347,DEPMRKWDI
random_18348,QLPDENGNQ
random_18349,LKAHRNMGI
random_18350,QHTLCMCKA
random_18351,FCVIPEYQH
random_18352,SKKWEEGNQ
random_18353,TETYYWHTI
random_18354,YTSPEYCYA
random_18355,ATFTKDDIQ
random_18356,VCHHSDQPY
random_18357,YCFEEMMPG
random_18358,FFDLTKITN
random_18359,KVMWVTNWW
random_18360,SRICFAVDI
random_18361,HHVKSFVCL
random_18362,DRFFHTGAQ
random_18363,GLQMGAHEW
random_18364,SMYSNIKGN
random_18365,LCWCDKLGF
random_18366,LGVAQTEWP
random_18367,GLFNNKAMK
random_18368,SHHWEATWF
random_18369,SKMWKGDFW
random_18370,IATPMETYR
random_18371,DKAKDLMFD
random_18372,SEEYGRNNN
random_18373,NGPRTIKLP
random_18374,PTKWESDWC
random_18375,GTQQHINFY
random_18376,TGKYMMLNS
random_18377,KGENMEIQF
random_18378,SLDPKCGLV
random_18379,MRDINSAGA
random_18380,RNAMNFNGG
random_18381,KQNDIVPIA
random_18382,CDKASYTDY
random_18383,SRNRCEFID
random_18384,TERGECIMH
random_18385,NFLMSAPCC
random_18386,QPDFGRFGS
random_18387,TNPQRDACT
random_18388,NYKINYVWH
random_18389,IFHSYEEPK
random_18390,PHQGQFHHI
random_18391,MVWPNGNSI
random_18392,TGCTFDWPR
random_18393,WHPTMFCML
random_18394,DYAFMQAWA
random_18395,GDKRPEMYD
random_18396,EWGDAIPKE
random_18397,NVHHLWEND
random_18398,FGDHDCGPY
random_18399,QNAHYHNIW
random_18400,IDWNHNENG
random_18401,WRMPINSCP
random_18402,DVRPKKPPT
random_18403,WVTTIQVHY
random_18404,LFWTWDLNA
random_18405,PNAICKVAQ
random_18406,ACWQGRING
random_18407,AYRKTFGYP
random_18408,FVHSYLIDR
random_18409,AQDEMDGTN
random_18410,YTPYVLKFS
random_18411,MYMDFIRKP
random_18412,WFHAIPQVE
random_18413,RLQSWWPNL
random_18414,FFFEDAIIH
random_18415,LAQTKMTVF
random_18416,NKMDQEDSG
random_18417,WCPFRCAYT
random_18418,PAPCRTLVK
random_18419,FTLNEWDSC
random_18420,VRWYLYPGK
random_18421,WAMGFINRE
random_18422,PSIDCWPDW
random_18423,TGWMTGPVR
random_18424,YDRACMINM
random_18425,YDCGIKNWL
random_18426,MKKFWHSLG
random_18427,LLCGTYIMV
random_18428,QRHTGMRDP
random_18429,CWVQYYLTT
random_18430,SFHSRVDNN
random_18431,RMKRVYKWD
random_18432,CPGDQMFLK
random_18433,PQDQSWHWD
random_18434,VDGEIEKMC
random_18435,ILPGEGTGG
random_18436,MSVFEDLHN
random_18437,QNAKALKTN
random_18438,RTNANRPYT
random_18439,SRYAMKQGG
random_18440,ATGFAHLCY
random_18441,QTHYRIHMA
random_18442,SWYQLLCRH
random_18443,TNFYHVSRE
random_18444,GTRRQPGLA
random_18445,DNPQPTCWA
random_18446,WTLTQWTSY
random_18447,ALPVKGCIM
random_18448,SNPYNYKWW
random_18449,IHVTQPHHL
random_18450,FNSCDKHNP
random_18451,ALGCKDEML
random_18452,TKYVYQEEP
random_18453,CIMLSCGTH
random_18454,GCEIQIHIY
random_18455,LYGCSYRSN
random_18456,NSCRGKYCV
random_18457,QHTEGLDHD
random_18458,AYIFCCPPA
random_18459,SDYPWRHAG
random_18460,HPWELFRSQ
random_18461,VIELCEKWR
random_18462,DATFCADAD
random_18463,FFSTERRNA
random_18464,MHIWEVWVF
random_18465,TAPFRCWCN
random_18466,HKLSSHLGT
random_18467,CNDGQISEG
random_18468,CFCCREEIF
random_18469,VWSQGIPTC
random_18470,YCFTWLCHL
random_18471,FCQQYVIPG
random_18472,YAFMVAWLH
random_18473,ATGVVSYWV
random_18474,QTNSNTLME
random_18475,HFDGNYYWK
random_18476,GWRPVEKMN
random_18477,IGEHNVQCT
random_18478,CMHKGDVLK
random_18479,DATRESIDH
random_18480,RSNDAEEWF
random_18481,NIIVMHYIQ
random_18482,KNRIFNIIS
random_18483,CCFCHKALD
random_18484,YSNHMRDFR
random_18485,SMFWVRSVE
random_18486,INKVCLPGF
random_18487,DRKISVCMR
random_18488,HGIARCGIF
random_18489,EHNYWAGRM
random_18490,VKLETGEML
random_18491,HVWTGTFIY
random_18492,KWPADFVSS
random_18493,VRHNPQKRW
random_18494,NRCETWSES
random_18495,KTEEQYPYP
random_18496,LAQIYYAWA
random_18497,FLDCKDWMF
random_18498,FMTCGVVLR
random_18499,PDNRKTCTK
random_18500,LIQWCDPVQ
random_18501,QGGPKSAPI
random_18502,EKKEIKSND
random_18503,CHHIQNMKG
random_18504,KRAEGIILY
random_18505,VHRIMASHW
random_18506,EDKCSVVMN
random_18507,RGMHGKLVF
random_18508,HRYQPGIMT
random_18509,MGDYVIQFV
random_18510,RYMDIEDAH
random_18511,IRMIRCNFG
random_18512,MHVILAWVK
random_18513,YNFKYVQHV
random_18514,LNFAAKTWY
random_18515,CRIESLGNC
random_18516,YEIHMEDEM
random_18517,QPEKLYGPV
random_18518,QMSHKEGSW
random_18519,TNLNHVDHH
random_18520,LEWSNQMDH
random_18521,PMMAVSVIE
random_18522,RWTRNTQYS
random_18523,GSDQKIQGH
random_18524,VPNEILIEA
random_18525,NDLCLISHP
random_18526,WMATFADYE
random_18527,RVHAMWEIG
random_18528,VFWVSMASK
random_18529,LGFIKTKDS
random_18530,DIRSIDSKF
random_18531,CKKLKRLAS
random_18532,DSLIKVKSE
random_18533,RAMSNNQAA
random_18534,TVALAMVKK
random_18535,PGSWKQLQR
random_18536,WLTDDKWGV
random_18537,PWSVAFTDM
random_18538,NMRSTGILI
random_18539,SCQKWFLWQ
random_18540,EKFYQQFWD
random_18541,ETSKSEKSP
random_18542,DGLEFHQQA
random_18543,RSTKHVWTF
random_18544,QWGYWRVGM
random_18545,WFNGYPMYS
random_18546,YHLVRPWPY
random_18547,ILVHPQDHL
random_18548,DINFNWEGS
random_18549,SLEWWVEYG
random_18550,QWISSNPMA
random_18551,FAHNWTQSR
random_18552,KRGLWKFSD
random_18553,AYWYHWRLW
random_18554,LEIAVISRC
random_18555,FLMHLKCAR
random_18556,DWCGSQLVL
random_18557,VCILLGSEQ
random_18558,KRVPQTMHL
random_18559,EDEDMWFNY
random_18560,VAFQNKQEY
random_18561,WNSPFGDEE
random_18562,QQRWNVAKF
random_18563,TVTYQTQRE
random_18564,TSAAYHQIT
random_18565,CPHSKYHNK
random_18566,MRIAAIYYW
random_18567,HQYKFARRY
random_18568,PEVHAYGVA
random_18569,GYALACARD
random_18570,IYPCNVNEH
random_18571,IDLLQNVAA
random_18572,WIYLVEHRG
random_18573,NSENSRHWV
random_18574,IWPSVSYEG
random_18575,TDTLWMLFL
random_18576,CGFPEDYKA
random_18577,PSQNYRWDN
random_18578,MHSMSNYVD
random_18579,STAKVQVET
random_18580,KDLWSLWMQ
random_18581,WLMFDHIQC
random_18582,IFNEKGAHN
random_18583,HNSIGPFDL
random_18584,VCQMFTGCQ
random_18585,AMFDAQTSY
random_18586,FGGGHPQYH
random_18587,GYDTLQVNG
random_18588,ADIRTHYNA
random_18589,AVWDTTNMI
random_18590,SFKMNERYK
random_18591,HNTFYILDR
random_18592,CHKGFRFAE
random_18593,PVKDSILRD
random_18594,DANFDFMQA
random_18595,FDGGNLFQR
random_18596,WLWMNSCRH
random_18597,NSANSPHLA
random_18598,DDDVCHSKS
random_18599,NEKAVHKFW
random_18600,SVTGCSFYE
random_18601,TENLILEVV
random_18602,LMWDNSSQN
random_18603,HCQQNWWYY
random_18604,RYEQGWEFR
random_18605,FFAYKWCTQ
random_18606,HQQNCTMVI
random_18607,ENIFFKRCE
random_18608,SYGYYGIAS
random_18609,YFSKLTFYQ
random_18610,DQLYSGRNV
random_18611,HFSENIQDF
random_18612,YPHDAIIDT
random_18613,HHCIYRAPI
random_18614,FWHNVCSQR
random_18615,MRCPAAEFT
random_18616,NELLDTFWNHVW
random_18617,MFLVEHVWIKVA
random_18618,QQAPCAFCWSDR
random_18619,GLPHYGAAPMCF
random_18620,IMMITDLDIMLV
random_18621,MFKCDYCVHHNK
random_18622,CCPTKEENMPNP
random_18623,RMDSNRMFMEWN
random_18624,CALAMPIFKLWA
random_18625,PYGCNTNKMRHQ
random_18626,RCPHRLQLTTDR
random_18627,HDGNTPWGQPTE
random_18628,GGCKDGVLQHHY
random_18629,GCAQQEWDDAYL
random_18630,SNKMYAEACYPM
random_18631,QFFVKGILKDAD
random_18632,YSQNYYRFALNV
random_18633,EAIYKFQIKGCV
random_18634,LTMRMTFCIAHA
random_18635,SRKSNRIIPTWW
random_18636,SESTDSKGSYSM
random_18637,NCAQTIRASIRV
random_18638,INWSTWETWDCD
random_18639,EESSDVGNKHMS
random_18640,FPKSSWNWGPVN
random_18641,MGWWYFYYQRSC
random_18642,TFQYSYHPYGDC
random_18643,PPVMTRVEYKNT
random_18644,FFFHVNQILMMR
random_18645,CFDNGDEFVFAM
random_18646,RHNFLWGIEWVH
random_18647,CNIFLVFDIKQR
random_18648,GDYHIPSNDSAN
random_18649,LSCVFVFCLFPY
random_18650,EFYPHKYCRCNA
random_18651,WPSVFRSMKTTS
random_18652,PNINDKMAIQRQ
random_18653,FRHWDWLVMAYW
random_18654,NYRMEMCNAPRY
random_18655,VRTCPDLPRLHE
random_18656,YEVTPSNRMMLQ
random_18657,AIMNWWYLGYDV
random_18658,FYAKVYCDVTKW
random_18659,RHMVQKFHNWYW
random_18660,TNYEDLMELCFY
random_18661,WTQAWTQTLADN
random_18662,QKEVWYKQDQPH
random_18663,SILEARFRWPRE
random_18664,GAVRMVWLYSWV
random_18665,NCDRLTHRQDSH
random_18666,VDYYTAAMPIII
random_18667,PYFTGKVNLIHR
random_18668,VFKFAHTQMFCT
random_18669,TWRKMKLHAQEG
random_18670,KLWYMCIKYMKQ
random_18671,HCSCVILCFHVE
random_18672,YDKDTHEQVPQS
random_18673,WMPDLECECPLH
random_18674,SYGSQSWRMDNP
random_18675,HGYFLKPIINRP
random_18676,RTVAHRISEAMR
random_18677,LVMQPEDPFGRW
random_18678,YKVLSEPMRIRP
random_18679,ADSCFQKCSQRE
random_18680,RSAMPVCATNIH
random_18681,AHVTAMFMLRMP
random_18682,CTCEKCVGPNAG
random_18683,WRAWVHGLFQED
random_18684,YKYAMMIILLQK
random_18685,IVHAGMYKSYLY
random_18686,YIATYVQDVTIE
random_18687,AEVHERVDGMTI
random_18688,EKWPERLKGQHT
random_18689,NNPVYCIHDEGT
random_18690,CMQSMQRMHRNC
random_18691,GELLGVQMHIVT
random_18692,CTVYYQWHCDAH
random_18693,EKITEITVGTRD
random_18694,SQVQEIRIEYKY
random_18695,MLSWNAMHYILF
random_18696,GIEEHEEWIWNK
random_18697,IMEDGADMLCKY
random_18698,PAIIYWYVVGGN
random_18699,FMMKDFGWTYST
random_18700,YAEVSCWVKCMY
random_18701,LACRRVWHMCDV
random_18702,MMMAECLTTHFM
random_18703,DFRALQHDCGCM
random_18704,FKNMTPVYRCND
random_18705,AFLHNPHKRKGC
random_18706,TCNHMQHHCNST
random_18707,DCSCRYAQGGKM
random_18708,ARSFVPKLQRWC
random_18709,RCIHHWDPESDF
random_18710,FVTWTKGCRWYW
random_18711,NCIFTCGTYLHL
random_18712,AMICFIPWLAQL
random_18713,TRNLDVLMWLVI
random_18714,VDFANMENKGKP
random_18715,VYKFHNHYKDDP
random_18716,QFADVRLPIGRM
random_18717,MKPDGKRWIGDL
random_18718,YTIHLNCLMTVT
random_18719,MSWARPWILIPF
random_18720,GYRIGPNDSISR
random_18721,KGEPKGSTDYFL
random_18722,LTVENYKAIEVE
random_18723,KKYCIEINCEID
random_18724,FQRSSQYHWSMR
random_18725,YSPLPRDSRCSG
random_18726,PCQSQMHGVKQG
random_18727,WAVWEEHSYVGS
random_18728,WECNMHHNQVYC
random_18729,WTITWPSFTVKK
random_18730,VGMTCDARSMFS
random_18731,GNRMCIVPQMPE
random_18732,RLWCGNRIWNFM
random_18733,PKFQVDWEFPQD
random_18734,FACRYKKKHNRY
random_18735,RCVFRNTVRVHF
random_18736,NHSLDLTNMWML
random_18737,GSTIIDTLRPDC
random_18738,LQAGHTARTRPT
random_18739,PMVWMCFYISPI
random_18740,EATERSEFANDN
random_18741,PQEVAMDHTSHM
random_18742,HSKVWFNHHAKI
random_18743,PFTNNGTSCIFI
random_18744,LCDFSGIKHMQE
random_18745,VADCDYNVVDNC
random_18746,KPIWIGNCRQNK
random_18747,GDSNLHDGAPMA
random_18748,EILLDQFVGRIY
random_18749,KDRSKMICAMCV
random_18750,CGSEHYWVWITH
random_18751,YKFERAGCPAEH
random_18752,FVLEHIADWTNC
random_18753,SWWIYIICHEDN
random_18754,LQSHWGHGEVDP
random_18755,WRTMERNVEIPA
random_18756,TAEKFKVIFLSI
random_18757,YKHRWFYAVNPR
random_18758,KWDHVEAAHYMC
random_18759,CHMPHFPEHANR
random_18760,ENCLLYSSWLVY
random_18761,PNVCSVTARAHM
random_18762,YNMNNQTSPFEH
random_18763,WAPNYDPNLQFH
random_18764,FQKDMYFNCSFK
random_18765,HRTEMGYEHEHV
random_18766,IMHDNSIPWKPE
random_18767,LRYEWMWCGTNK
random_18768,KNIFWSCQPFKM
random_18769,LTKTSRYSVDFN
random_18770,PIYEHNKYARPM
random_18771,WAVHVCDCKCNQ
random_18772,KPSIRMWNFWVF
random_18773,GPLIQPITKRDG
random_18774,WMFIQQIEFPMI
random_18775,LTVLDEHLIVIG
random_18776,LAVSWKERTTPF
random_18777,MNQTTWMPSYPN
random_18778,VLFMPLSEGQYK
random_18779,KNVEMSPTNVFF
random_18780,RVDSYQDHCKFP
random_18781,DQAGGGRYKMEP
random_18782,HCTMIDRHCAPP
random_18783,AMQLQTAPYMQH
random_18784,YIRLQSCWLQSA
random_18785,ATNMDEPAGQFQ
random_18786,VMELRTQFCRTY
random_18787,EPMQWSQPNCIY
random_18788,IVQRCMQEAAKQ
random_18789,MPSCLHNDCKSI
random_18790,LHWFDKPGTCTV
random_18791,VMQCMGCSINRV
random_18792,FLKYIYMPIFYI
random_18793,EHWDHFRECTFQ
random_18794,MMWNCFQRTRGL
random_18795,RISDLWSYACCF
random_18796,QIGHAGCKWKYA
random_18797,NTHVWIMACKGK
random_18798,QFKCYDPADCYF
random_18799,QDGDRYIYTYLQ
random_18800,TAELMQYKHEEM
random_18801,HDIYLQRHWPPK
random_18802,NHEEFCNDIWAN
random_18803,RCQQQNYQMIGF
random_18804,LCEFYLEFADSA
random_18805,EGNACPFAPEAI
random_18806,MACYNWDWGTFS
random_18807,RTSVKVIFERYC
random_18808,QGWWKDEAACNQ
random_18809,IVCRYIEDMSPC
random_18810,LHEHHEKQFPVA
random_18811,FDFDLPKMRFEC
random_18812,NLMAIFEYCPEP
random_18813,SQHHQPLCWQPD
random_18814,SRSYPKDVEMTY
random_18815,INTQQINHHMGH
random_18816,AQMYWPCNQHIT
random_18817,NLAMTKDEDKWK
random_18818,QQQKQWGLTTYR
random_18819,AMRHNMLNMQIE
random_18820,DCNTQWWDQHLN
random_18821,YFEIYVLNQVSN
random_18822,GKLSGPPDGQVL
random_18823,GDVAIKKAQADP
random_18824,NWANPREANLNL
random_18825,FITTHAVYRGSV
random_18826,SVCLGAGWMMPK
random_18827,YACCCYYHYRFY
random_18828,WNWQNALRIGHN
random_18829,DMSWHVDGEMGH
random_18830,DIFQEKKTGVYE
random_18831,FEGLGNRMLSSC
random_18832,WMWINTENHEKM
random_18833,ECSLGCKWPTQF
random_18834,GRMEGLMTEDYI
random_18835,GVLDCNIYMLLA
random_18836,CHRWKHNKDVNF
random_18837,FYWNRNWKTFWA
random_18838,EFDCYVIKPQQV
random_18839,HQERWLFRRSSP
random_18840,NDMCPLMRYLSN
random_18841,AAYSPCDVKMSQ
random_18842,SNVREILPTGEY
random_18843,DCTQYKQIMLVV
random_18844,LPFVKAQEGYNA
random_18845,YVCKDHTHCSNL
random_18846,TFQMHRHVMLSF
random_18847,YQRKTSILHPYN
random_18848,KTYFAMPMWDGD
random_18849,MNTGNRDDETKA
random_18850,PRCAGMWKRHGA
random_18851,CWEEGFTFAAHF
random_18852,CHGQPLHWLEFL
random_18853,AQTCIGVVWRQH
random_18854,NGVSHPTEPYGC
random_18855,HVGKFVNNMRLK
random_18856,AWGCSCYSNEVT
random_18857,WADRVCVSLTPD
random_18858,CYPYALCEKMPS
random_18859,AFPFENDDPEAM
random_18860,MNEKNSIVTWNY
random_18861,TVIYLWPKEHNQ
random_18862,WSCWKQHPNEQD
random_18863,MDKFKSRDNILN
random_18864,INFICMTKHDPY
random_18865,QVVMHNNDFNIT
random_18866,VTWYMAWWFPLP
random_18867,CCQELAKFDNHC
random_18868,TDYMTSWNMYFG
random_18869,VDIFMVPLNWVI
random_18870,DESRPFFHTCVT
random_18871,KQYWNFNNIMQE
random_18872,LANSMHDTQGHM
random_18873,QEPLSNETVTYP
random_18874,FNREVLDEHHHG
random_18875,CAMGRKWKFARI
random_18876,NLHCTKLPASSN
random_18877,HTEEKMMSAVAI
random_18878,CDALRNSSLCKQ
random_18879,ANPLNKTSMDKM
random_18880,VFWPDWIHVHNV
random_18881,MWSYLHLDGNQS
random_18882,NCELMDSTFCMV
random_18883,FRMARRDHACSV
random_18884,VKVVMKDSSTLY
random_18885,FIDASMAQYECS
random_18886,RMHHAMIMIHRD
random_18887,DPRWGEVPQATI
random_18888,YMFCWVKAYGAR
random_18889,EARCYEFTRKEH
random_18890,MRLDAWPENDGG
random_18891,FIHEKFGHWFLG
random_18892,CHQRMACSQIMF
random_18893,WESCYLCYCKNI
random_18894,CDPIMCHMHFFI
random_18895,KSCHQYTYKCDE
random_18896,EKYYVTCMCIEY
random_18897,SQQHSVNYLHRW
random_18898,DSKMDYTADANP
random_18899,GKCNFVRNHHQC
random_18900,STVYNDGTIVQY
random_18901,VGEIEKWIQDPL
random_18902,SDYKVIRERPGF
random_18903,VGFNAGLNEAYW
random_18904,AGQCGANYGCEW
random_18905,GCYGFGICRRMW
random_18906,VWWHLLAAKRYE
random_18907,MVQRIKDPYMMW
random_18908,GNSLPAGEIMKA
random_18909,IGFWLQIVDYRK
random_18910,QKYAGPRGCAQE
random_18911,YALINAPHGVEL
random_18912,CVQRMPVIVATG
random_18913,MTVSMRRSKMFT
random_18914,AEPEVMHATNWD
random_18915,FSMWTVVEHSFR
random_18916,TTSLIAQQPAQH
random_18917,MTCWQRNPCKCR
random_18918,AMGYQGIQNRWN
random_18919,TWAARPRLPNAN
random_18920,FTCHWTCCTEGP
random_18921,DQSKKFTYGRFF
random_18922,AKRTGLYSKAYC
random_18923,DKSELKTTTVSW
random_18924,QNRGVWCYFDTE
random_18925,VIWWWSDMGSLK
random_18926,TRHDNYHVCWKD
random_18927,MHYDVWESRSCN
random_18928,YFFMCVNTATQD
random_18929,QIVLQYEMPYRW
random_18930,VCSERSLMWYMR
random_18931,LSFNIWAKNLCL
random_18932,YNRICKWSSMIH
random_18933,STGQTRCMLWMY
random_18934,WRPDSLDTWIWC
random_18935,GATVIGSKYPWI
random_18936,HSWHCEIPTTPK
random_18937,MPVFFKRMYWCM
random_18938,AKEYFMLRPFDE
random_18939,QKHFWMYYMHYF
random_18940,QIHYTDNMGMNI
random_18941,THGCHMQHVISE
random_18942,SCHSAAADVPDG
random_18943,DFEQKFLNTKGN
random_18944,CWIQKDMTMDGT
random_18945,MWSAKMYMHMLC
random_18946,GATINAERLGQQ
random_18947,MVKNQMTSRGMK
random_18948,GYRCFFSRDPNP
random_18949,HRNEAKPECGRL
random_18950,LQWDLLYIAHTN
random_18951,VHVPPAMCDCEQ
random_18952,GSEDSLGGHQPT
random_18953,YCPFDTLKDVPD
random_18954,VGKKMIHEIDKA
random_18955,TDHNSYIMCSTK
random_18956,AHNSCDGLGLQT
random_18957,CKVAFCECFCLV
random_18958,RFRHSIEYKEYL
random_18959,TMRQDPIWCRTW
random_18960,NFGIPNVIAWWT
random_18961,KIMAQAKCPSRE
random_18962,FKLVYVWSWMTM
random_18963,KAVRCRIMDTTG
random_18964,NFQFVQDHDMST
random_18965,WPFGSMDFQCKM
random_18966,NHCLTFTIICQQ
random_18967,GCYHTGFYCFCF
random_18968,DPKLQPKQQLVR
random_18969,NHRQGAHCTLRP
random_18970,VRQVFVYVTQGF
random_18971,GQNKRINNNCHK
random_18972,QLGENTGPMNIM
random_18973,AMGMTVSCVLRF
random_18974,QNFMRQHEDGEL
random_18975,YNRCIDNDDCPK
random_18976,PYPSVEQVEENE
random_18977,ATMQAPHNEMKI
random_18978,PTSPHMDMVVMT
random_18979,QSYWRFMKHNSA
random_18980,LFKGVYAIKFCS
random_18981,HAQQYRSPPLAT
random_18982,SYICNCNCELFQ
random_18983,RDAVIMKVFWSL
random_18984,KWRRWWTVPACI
random_18985,PSEEHGYRRALS
random_18986,QVKCLIVEEWLV
random_18987,FQKDIRSAFRIA
random_18988,YTMNFMIIHLTY
random_18989,HTYEMSTILFRV
random_18990,VMGNPHIPECEA
random_18991,YEKTKSFARIPN
random_18992,YLLPNVDFCEMM
random_18993,VGKFRYDKSIHY
random_18994,VSCAQIIGQGFS
random_18995,WFEILPLGAFAC
random_18996,HSHGSNNLPPEM
random_18997,DAKLHKCTSGIH
random_18998,WVDKLEFTCNCV
random_18999,PGDEWFMKEWFP
random_19000,DWAFSTVMNCCE
random_19001,INKKPVQSKEMH
random_19002,DNYHWACWMMAD
random_19003,TQAYFCESYKDS
random_19004,RGHMQCDIFSLR
random_19005,RKNSFVFIMVYT
random_19006,THDQWYCRYYHV
random_19007,WDYTRAGNHSDL
random_19008,SCPYGNECGIYT
random_19009,PFDSQCEVERQN
random_19010,WMRPLAFTGQAE
random_19011,KAFWRYMRTRGD
random_19012,WPEPIWYEIFTH
random_19013,AFIRCSPTYWEP
random_19014,PAYHSKAFRIMK
random_19015,YLFQPEPNHALI
random_19016,CMVWMCGQAPAN
random_19017,CNEWHRLYFIFH
random_19018,KNGFLYRVWILA
random_19019,CCWAMASGAEFG
random_19020,RFFCAFNQDSAY
random_19021,ALNGNTRRACHH
random_19022,TVQQYMPEHDLD
random_19023,RMPMDRHDRMAA
random_19024,GFLYWLQITSQG
random_19025,HSDLIPMWIYYE
random_19026,SYNGVADAYAPE
random_19027,HFDKTKMMPGCW
random_19028,GLEPVHEAIRRD
random_19029,WMHEYPTPNEHE
random_19030,QPNSLAGYVRNV
random_19031,ILFFSVDKWIHS
random_19032,PFHMRPCLWSWQ
random_19033,CFSNDHKDLRAG
random_19034,TAWFMEGDCYTH
random_19035,CCWSSEHSYFHE
random_19036,KCRPWKLIFMSS
random_19037,RFTQPSMTVDRD
random_19038,VRLKHYIKKKHH
random_19039,NKSVPLCASCYK
random_19040,PFWEQQGTFFQD
random_19041,ESLNHAWYEKFI
random_19042,RAVTFNAAQSID
random_19043,EPNHCDEKNCQI
random_19044,RQNVFSKLMSYY
random_19045,RIHESYMYHAHR
random_19046,KHWMFFTNKEMF
random_19047,PLHQIRFSTMYT
random_19048,DQYDSENLTTVN
random_19049,NQITYMFNYINM
random_19050,TQYIMWPFYLKI
random_19051,DMDWIYKWCNYR
random_19052,ALLFAPPLAMHP
random_19053,HMGWNFKYQYLSQFSMLMHSKVAKNS
random_19054,CVPEGEGETQSWFLDIEIMLHQFVDDK
random_19055,PFWLIPYKPHHNQGWQVKDNAGMEKCEY
random_19056,GEWWDAGTCNTYKSNYACYGSHTWKLWYD
random_19057,KDKDLFGFQVDALNDHVNDWGKITNFSCRA
random_19058,DRGAINNSWTIEHEAHVWRYTIMLSKNFLM
random_19059,KCKLFVSCNSTCDFKHSWCDFCEALTSKD
random_19060,QMMPVQGATRHGQVAYFIKCLIEWFHTD
random_19061,CWICLTLIGWRKSPEIGEEDFNMAKMG
random_19062,ENPGQWQSCQHWPQHTYDVQTHGSQY
random_19063,NYQVYGHYCSEHSMPRDSRYYELLC
random_19064,ETLWFRMAAKVSRLDEMNYHGICT
random_19065,CVAQQYVVMRFIQCAWLQLNHCL
random_19066,CPKCYIYAAQVVNFDMEDAGGR
random_19067,DMYILFIAVNSGIHPIWGYLY
random_19068,PQQHPHQMNDADSIQCTWPH
random_19069,PAMTQKWNQKYRLNEHLLN
random_19070,NNYLMWKNRGMVYWLQRY
random_19071,ENPHCRKFTNKSWKTEV
random_19072,HASLFWAAKWSFLGYY
random_19073,GMPYTMHLVGPDTIS
random_19074,CNEHQMNHTEDNSQ
random_19075,HMIHKIPQWRHKW
random_19076,MFMNYGGPKQML
random_19077,MLFPHNWCHNP
random_19078,SSFPVDSKRN
random_19079,HWKGWDRAAEVKQTGWEYVHYGRFTYDDFG
random_19080,CTPIFNIKNPRHVVIGCNSMTWTKYRLKR
random_19081,FAKFDSWQTCQKFALYNKMWHHPELAHH
random_19082,MYFWTHFAMPNTDSNSKQGHPCWALYN
random_19083,ILLNMPSGVMARPNDECCKFGTGACG
random_19084,KVLDRVYSHDPPQDVMRREYIHSED
random_19085,PMMWPKHRNGRNIAPTPVIHCTKI
random_19086,MAVQVFHPRDTILGLRWFWHFPH
random_19087,GKSYWVELKDDQNDFEWRFAHR
random_19088,YRGHDTHMEQWSPIWPDQENA
random_19089,WEHYYKVTGQCIYTDKATWK
random_19090,QGTWLDIDMFKNTRAMWLM
random_19091,EQKLGCAFWPPCTQGDIK
random_19092,GRAKGQNPFWNHPCFKV
random_19093,PGQGIVHTWNLVPYLI
random_19094,FLPDYQQKKHCWYCL
random_19095,LQTMGECEMYTCWK
random_19096,VMLDNKKCYMSVT
random_19097,QIDNMKGKEACM
random_19098,IRCGPNLRMWC
random_19099,WKGSWCRATP
random_19100,QNELEMHMIITHRLFSHNIMAI
random_19101,YEFGCKTCNFYRMYEVRCDYN
random_19102,SHPMTYPGWQWGQSICRTEM
random_19103,SHCWIGKSRTSAIKMQFIQ
random_19104,TQPFHSFCSRQGGYCYHA
random_19105,WCQNFMYLDWVVGHSIR
random_19106,FQQDENWMWFCLFAQV
random_19107,CANIYHNLYKQNVGL
random_19108,QKHHGICNSPGMRG
random_19109,LINMQPAGLADQV
random_19110,QLYAHFSAYWCT
random_19111,KSYYLGAEGYD
random_19112,IIMSMTEDHE
random_19113,APRYLYGWMIRMLQSICLPTIDKK
random_19114,MCWWLKGYHWEPHQNAMFQNYWH
random_19115,NMDQCDAVYTQHMNSNVKHSYL
random_19116,SCDYHMDTAAYEMPCDTGFVC
random_19117,PGHQRYPG
random_19118,HSIWGWQQHRGEES
random_19119,LEFCNWRFLILHKKRI
random_19120,TCGVDWPMDWRRIQANVVGKE
random_19121,ITSAPRIHD
random_19122,EQDLTKCEQTHMQGYNIRLPKYML
random_19123,RWELCWIYTLL
random_19124,ERQYDREKEH
random_19125,CLHEYGAWNIK
random_19126,RMSCWMDKYAW
random_19127,CQYLTAFCQ
random_19128,KFTLTEVPNV
random_19129,HKFECPACD
random_19130,KHRVGDLVP
random_19131,EPLSATKEK
random_19132,YTVVHKIKF
random_19133,CMYYNNVRN
random_19134,SYSDRCHHD
random_19135,EGGRYGTEV
random_19136,FWHIHSVMN
random_19137,WDRYQNKDTQ
random_19138,AWYRPFWL
random_19139,FPLLTNTKQHF
random_19140,VPAMWAKEYL
random_19141,IGHCLVQ
random_19142,ECTSKECK
random_19143,IFFAFLF
random_19144,LNVGDTQ
random_19145,SHIQEFC
random_19146,MLDALSGVRK
random_19147,LKLDMSKVK
random_19148,RKAKSGVWL
random_19149,TPKILGV
random_19150,QFESNGTT
random_19151,HDHMMVD
random_19152,GDTCNEREFISIHLEKHYVGNINSCVRWN
random_19153,QQQGRLFRGPDGGDDMLEFYMIYI
random_19154,GADPPVMELCIMQAQPWRCNGYIIEWP
random_19155,TTMAEMVCRHMWKGWIVWETRAG
random_19156,MDLPWDHIRACRHFCWSNRCTDYSA
random_19157,FYQQRMCFGWPGQHSIDTACS
random_19158,TTIAQFMSMRLGEDSTT
random_19159,QNWASFIYMRKFPGTRVDEFCHH
random_19160,IGNKMDVQAEGVPEEYNDY
random_19161,TINMTQKYENEPEFEQ
random_19162,KKDTTRQFLALCCATVVW
random_19163,HWRLIRKMY
random_19164,ETTRRGYFSFVASN
random_19165,ADEFFA
random_19166,IWSTQFSNPC
random_19167,DVCITLVMP
random_19168,IRMHNQREDWNHIAW
random_19169,WNGMQFFHGGEHIFCSHFYAM
random_19170,DMYVGYPCRYHTYCFQMLNCAY
random_19171,KCTYRIWCWENLQPNKLDIIT
random_19172,FTQFVYWYFQNAWEPDPAT
random_19173,KVGMQHSGMMLKFGDIWQKLA
random_19174,RPSKHQEWQCVMDSGTPPRLQ
random_19175,KIIHMQRFVLTERCYVQWMDPNPQ
random_19176,SQGKFKFTDKSCVDNTFVWSK
random_19177,LMCYSPAPIMRRAFQTIITYS
random_19178,SCEIYNSYCKNCVYRQIKQGT
random_19179,YAHWCLAGKALKVHNMHHDWY
random_19180,CFICEYFKQGYMLIVIDFSSAQKD
random_19181,AGCNMNHKRHNSPLGVNVCN
random_19182,HNEIKRKLVMPKVCSCTRKM
random_19183,NKDCPQTLWTPYLCGWFEQE
random_19184,GCNKGLSDQCNKLISSFWMY
random_19185,PEDHKNFNDHRDGQVIGQFK
random_19186,KFVCADKHLREGGDQPAIVI
random_19187,NMLFKILKGLHEFIIQWNNM
random_19188,LVCQRDGGFG
random_19189,WWAICYANITKSRMV
random_19190,SIINTAVEDAHGMFYRFFHILSFEH
random_19191,VPWWKSLFLDGHRASDAQIKMCIAGCGDMC
random_19192,IMHHTETLPKRPRIDSHKKFHTQPRFQQYG
random_19193,HGRQAIPRRTWPHGSMIMVICSAVNH
random_19194,LAGKSWEVIYF
random_19195,RMAKQVEANLE
random_19196,STFAAHNVTRW
random_19197,AGDQFMHCIHH
random_19198,NFTHLEKHSRR
random_19199,HAKYSETLFFN
random_19200,PLSYMRPDLGK
random_19201,LTCYAKDAPVG
random_19202,VIIPIVRDQGSRMGTQLAFADCYSQPVHSV
random_19203,GFPMIPRARW
random_19204,TRTMSIMIAH
random_19205,LAVSKKTHAY
random_19206,FCEFLEQTSY
random_19207,CDQWICLITQ
random_19208,PRWKHLEPKH
random_19209,KDRYALSRKYVWGRDYYTMDFCAFRR
random_19210,LHTQPSISKDQPCECVIYTYEKYKMP
random_19211,CKHGKYTHGVTKIYMMFTPSECRKYW
random_19212,CYCPIFQQPMFDPRVKWKLNWQRSFW
random_19213,GGNDWHRCQVPAGMWEKGVKGLSMPV
random_19214,IFSTMTFRFTVHH
random_19215,GEVTLGIRNEIKASCIFFNFMCSINTS
random_19216,NHMGMVTGMNSTEPYWMWPWQQALQPL
random_19217,TFYNAA
random_19218,RYGYPEVCYLKFVRFAFSTWGHWKLA
random_19219,CDSFPYHKEGISQRTQFGEAEVKWL
random_19220,CHWCNMTDEQKHWMNRQHYWNQQL
random_19221,LLKQRCTLYEHPILYPEHAMYAD
random_19222,IHEQQLMCTVCPPRMPMRSGRF
random_19223,NGVWDVQGGINGLMEDGECCNFCTYK
random_19224,SFVRREHMMTGRMTDCYHAIDPILR
random_19225,YIYSHVRKPKHNANTQGAKTKLQD
random_19226,MPMQVRCWSMYQREACTFDQCSP
random_19227,CEPGCLFDHNTWPFYAAHQGRR
random_19228,RPMVPLSKNCEHNLQPHISEQHVAH
random_19229,NELMFHYHNECICVNHQLNVYNV
random_19230,WCWQQVYDKSCRAAVEIWFSA
random_19231,WYTGLNIFMGFAFYCWRPR
random_19232,MGPSPEKEQMPVHDNQD
random_19233,KNGVIQLEWGDGRWQ
random_19234,DQYQFFYWNFPINPWILLNATTQFMTCP
random_19235,PTHNILIMDIFDIHVAQVNSM
random_19236,ISPWKSLISSGADAVHFMHAC
random_19237,GQCSDQWFWYCIHAAWVRKQ
random_19238,DWDHMAIGQQDIIMWWCSCFCI
random_19239,PMFRADGVQTLRRFKYCWWLQ
random_19240,VEYIFTYHHWFLNMMRPWWKQCQKY
random_19241,VEKSNKQICACCMEGRYRPA
random_19242,EKTMGRGCWSHIILMPWFPQ
random_19243,HYGDRMQVAPALTANRWHFI
random_19244,LDCWETKQPMEWHGECTFCA
random_19245,MNCLCLVKKLTFYEKPDSSM
random_19246,MQVRCPQWICPIPNRDMLLQ
random_19247,YTENPFLTAFIWVFFTAHQY
random_19248,YKLPYKYTVYQYQHGWC
random_19249,PLARSSDVSDKFSADMV
random_19250,YTHDPMDTNHQGINKHST
random_19251,RKTTKPYLWYAGWETTVIV
random_19252,MMVLPTKLQRIYKYMTKHVL
random_19253,YMDNKNLRHYHDTSSCEY
random_19254,WEEMIPKVGWKMAWFNMQF
random_19255,VEQYSHVKMWTGGSSLVLEC
random_19256,PATVIEQRAHAFMSAGYN
random_19257,EEQSKIIETTKRFANWKVK
random_19258,RLFGTGRKMYSRDQLVYGHY
random_19259,SRDMWICEEASDPACIHEKP
random_19260,GQCRSIMIANYGWFAVPDHR
random_19261,VRCAEHFTVDDTPHYKPNLG
random_19262,ICATDMWNVPRRRTSNDEHF
random_19263,GYCDCCGQDFDRLIAHQRAQ
random_19264,LSIIRKHAQFNFNTDYNY
random_19265,SSLCTWRVRVGMCFWTSFW
random_19266,KASDRSNNGRKKVMIFPQ
random_19267,LRDQCAYMYNFKNIDNMLP
random_19268,NKMPNHWPQGEVQARPYDWF
random_19269,TATCGSPFQNQVATDTMLPF
random_19270,PTHGIWLKQTAMNMYTKFAM
random_19271,RAEEPHWHQCKNMLNEDHSY
random_19272,AQSSPFDRVGCQACCWSRTF
random_19273,LCMDNNSPQSPSSDTIYYRD
random_19274,FIPTMAKCHELMWAKNRWWL
random_19275,CHVYYQPFSSISGCYQREPA
random_19276,NFFQQYKMCYSNMGPWIPIG
random_19277,VWHCWMCVERRHCFHMQDKN
random_19278,LKREPRCYGKPAVSEELMYS
random_19279,SNIGLIIKVTGDIWHNEHPC
random_19280,MLDQPQKMPRGMHITPFRDP
random_19281,HKAWWIQKEVCGMFTKVM
random_19282,FDTQLQASHCVFRIEAYQD
random_19283,KERDSQQHHHTKFGIMWVYD
random_19284,YKCVFVDETGSEVECLGA
random_19285,KTMKAGADHTYTIRNVGIP
random_19286,MSSPMQQFIFDHNCLPRYIQ
random_19287,HIIIHHPRNQHILYDLDV
random_19288,RYWETKKMEPQGEMDDMSQ
random_19289,DPFWRIAVQPIADILLRDFH
random_19290,EPCCHVLHLRIRPPRRDCQR
random_19291,FWLRNDRWTPQAAYRDLHWG
random_19292,PGSMDIRGFD
random_19293,KTWNCQCITTNVE
random_19294,MVDPFIAWWEHC
random_19295,WQKGFKLFGPV
random_19296,SGKGTHDRRP
random_19297,RKDFLEDLN
random_19298,FIKIWIHM
random_19299,GDTHLSV
random_19300,KHTSEK
random_19301,RIAMI
random_19302,LCFPMVIDSNWHKDE
random_19303,ALEHNKATYSSDNL
random_19304,RFKGTHCMSGMRP
random_19305,TWPIPHVVESDT
random_19306,DILQACLDRWE
random_19307,PLWWGNQPEQ
random_19308,VMQVADFHE
random_19309,EHMSLTCT
random_19310,IDRERNF
random_19311,LYGMFW
random_19312,QLWFLPIPYPHS
random_19313,EVDTKDFDNPP
random_19314,TYIMEPAWAQ
random_19315,MYCQDYQES
random_19316,RFIGSTKH
random_19317,HQVHFSP
random_19318,GKFWEC
random_19319,QNKNE
random_19320,KYGRYQDFRCNSA
random_19321,TAMKMSYQGNLF
random_19322,KSVLYCRRYAN
random_19323,QYSNENTRWK
random_19324,THLVYYEYM
random_19325,VRPWAVKM
random_19326,QRKRTRH
random_19327,LWGYDC
random_19328,KVEHK
random_19329,LSFYMCNSGY
random_19330,EYARREDCNPEPT
random_19331,GDKDACVDFWYHN
random_19332,VIRPVACKDNFRM
random_19333,RTKHGIFLSYWR
random_19334,ARFCMSEDERA
random_19335,GERHKMMGCF
random_19336,MLEPGGRTQ
random_19337,MCAKQRRE
random_19338,CTSVMTD
random_19339,ECVYDF
random_19340,DFDWM
random_19341,VYDTIGDFRA
random_19342,IPIYACAQPVLIN
random_19343,YKHYMIPKTT
random_19344,MVAMCRYFDNKWA
random_19345,SIPLKTSVSEYFFFDLTF
random_19346,GPRIPAQSNWPYEICWKEGP
random_19347,TAQNWHKTMQMACVNRSCVRNSK
random_19348,SRICQPEVCRCSEAKIQCIK
random_19349,DEQHEYGYICGLDRETSTEKNNT
random_19350,YGNVWRSHMQSKMVRPLSMPCSQCT
random_19351,ARCPLSGKCAPMAIRSIKRKYHEK
random_19352,RNVIIEGSITLPSLQNT
random_19353,MKQGCNYNQCHLMWRAVMCH
random_19354,HWERQDPVKATMWIKEMPNCFYP
random_19355,MSCGANFFQCQDFYIWYVTLDI
random_19356,KWDSCRWMQLLDDRLVDWQRVNEEL
random_19357,MWIINRNHPDRLGMS
random_19358,DWHVTF
random_19359,QAAPKA
random_19360,QFSFKFSSLPMGWTN
random_19361,YRTDCDRWQSYRVTT
random_19362,IKHGMSITRVYHCWN
random_19363,QKNWACPSYKMCNIY
random_19364,RVYLLLKHLKQGYHH
random_19365,CFGDVYERYEPHGNT
random_19366,YFKTVGTHYLCYENQ
random_19367,WAIWTFENNSEVTRW
random_19368,IDGPFTAWTGDMSAE
random_19369,MVKSNATARKRKPMN
random_19370,PSMTFYPQWKKVTFRLV
random_19371,IWKHSGDTDQHYPENGVI
random_19372,QHAAELKHNIWLHRKVF
random_19373,CSDCKLH
random_19374,FNRGVEEPAEIQEKHLC
random_19375,CVGFIFEQKTNGGPVMLR
random_19376,WLIGVCMEDIDVGCASDE
random_19377,SDVKSVSYTHR
random_19378,LKVVCNEVNMETCETKWE
random_19379,NPESPG
random_19380,RELFDFIHIGMCSACIQWADWLQSQQMP
random_19381,MHNLYNRFIYRGWSGMKFYKKCMLQM
random_19382,DKLFGAMPKFCKDWTSNDTMRKYKLIDH
random_19383,VVFCQEQWRPYYWQTR
random_19384,HLHRADQCWKTVYPYVYALAIQEPRK
random_19385,WAQPGARTQPGINVCHCVLYCGGKMMFDD
random_19386,RRAATIQVPAPPDPGEEDTAGNNTQ
random_19387,IIHNSHHTMFKGMTIRQRKW
random_19388,TAQLPESARSMLLCFALPIR
random_19389,VQANHNDLAMASWFHLISFA
random_19390,ASTQVKIHKCRS
random_19391,YGVDEAETPFCPRT
random_19392,SVGVQYCQPDDSYYCMWICKPFQSVEPHG
random_19393,IMKFRLYMNSTGI
random_19394,VMFLPAKMYDERKE
random_19395,WVVHCEEHVSLRDTYCEY
random_19396,QMIGFRIHEFANCYSSWHHQFKQQELAK
random_19397,IQMSCQSAFMYLEWMSFVLHGWPV
random_19398,YAMGCASTNPDGFSGRQPQPNN
random_19399,PCMTTKQVCCSFERCCVCILRIS
random_19400,NNCEQPKHGQRKHNFNMKRVYVHWTYPMKF
random_19401,SCMQTLMIFWECCPSYLIL
random_19402,KYQSCIADCDGNYAKTRCG
random_19403,FWHYLRTSDTRANLRNYSG
random_19404,HNSCKRMYQGHVQERHIPADHKLISPRGF
random_19405,CNIHCIYFLQHHTTASIR
random_19406,CCMENVHPCEYLLACKSN
random_19407,AENDPLMEPTEMYMRDWK
random_19408,AYPTHMIIMCDKQADSPSC
random_19409,WREEQHIGRPMQWL
random_19410,IGGATLEVEGMQYQ
random_19411,YHKSMEGKACGSMR
random_19412,MDRLHWKTGREDFSQ
random_19413,FFDVMRDHGSTWHAQ
random_19414,VKDWCRCQIYWTADIIILGQ
random_19415,QGMLDTLSEATCSQGITLP
random_19416,CNEMVSGDQRSSN
random_19417,TTMLVAGSQKLK
random_19418,RGKKLKFQHWDNWKQRMRQSNSLSDLFSTH
random_19419,IDVYHWTSKFYPEKRKWSD
random_19420,QQQREGKDWQMGMFTCLNNIKHV
random_19421,DDNVEVGIDCCRLQSQHFCHDRQPLN
random_19422,VWCDQTDWVLCAVNVTEWPSAH
random_19423,DPVSLTNGPGMRWETHCF
random_19424,HDPEVDAIMWYYNCARGDTFWQ
random_19425,GSTLGCQQ
random_19426,AQSHMDF
random_19427,YHKNVTQSNSEWSP
random_19428,TTAVW
random_19429,GSHRH
random_19430,FQKFDSKRVTGHPGSQPLDNAYRIDDAHDL
random_19431,LFVHQTAFTVERHYWCQRDHLICS
random_19432,HQIHHCIWRNNCNLWDSCSRNQNSMKIIF
random_19433,ALYGRPSMKCMHFETYHGES
random_19434,FPHKAML
random_19435,MYPSFVMIIHFRHQGNVALCSR
random_19436,WSCLHFQFFYARTCQYWVGVI
random_19437,IIGCKVSIWRHTMRMGRPRIMKIEVT
random_19438,WSMQPPEECKKSKV
random_19439,PYSKTRVFHYGWDYY
random_19440,DNENMPTGTSTQFKS
random_19441,DIQFPHMECDQY
random_19442,KCTYTLFPELAD
random_19443,SAFQPIVCPHWQ
random_19444,ATVPENN
random_19445,LSGFVWS
random_19446,KLFFYVE
random_19447,MAHKCAH
random_19448,EVFTKCQ
random_19449,FRMCNMC
random_19450,GYEQMHR
random_19451,RNNQTWK
random_19452,RLKCEIG
random_19453,AYTTDMQP
random_19454,KGPTFCTCDEQEAGVCCESPKVP
random_19455,KGPGFFIWNSMPQECFAQGPSCV
random_19456,NIAAKPCRKHSVNFKCCHT
random_19457,YVKITKAMLKEHMTWDVMTMG
random_19458,EWWAEE
random_19459,YYRFK
random_19460,TTNWNPGVPIIYNIGTIYKIMRTCWQPVDY
random_19461,VVMGGVRG
random_19462,ASSYY
random_19463,HYPCQRMALQEQLENACFQKAQRMPPGCC
random_19464,QMIYHYRPGHPNQEWQWRQSFYITMNKW
random_19465,VMQEQMDLQVYYETSRHSPNRKIFQCE
random_19466,TASGPDQQPWIWNNSCSGDGVTFSRH
random_19467,EHIDRWMMKNFKLFSNDRLIPCATK
random_19468,QCVQMDIYLMAVRMCWARNNYRGN
random_19469,VTHQQELGPRHPDLYLDSEFQQV
random_19470,AKLCTWSTRSGKWHHELGIGAE
random_19471,NALWLDMMASLSEYKMWWQQM
random_19472,GLCWEAGNYQVGNSTIHEAF
random_19473,KQRSYTCDVTTMDRPIVIK
random_19474,NPDTSNRLWALMGRLYCC
random_19475,INFIIPFRDFRETWLNR
random_19476,MVGIHPPKTCNDFLTI
random_19477,NVLAYLERETTFSIM
random_19478,EWWRVHEYHNDCQD
random_19479,GDCCTPDFHESGW
random_19480,ERRNRCGLVCLP
random_19481,SSVFMDAFYLN
random_19482,WVGSFLMQLT
random_19483,WHSEPPHIQ
random_19484,MKIGQLAG
random_19485,YTSWYPA
random_19486,GEGNET
random_19487,FRMTKHLLCIKMGTMHRNHGSFWDLMQEWT
random_19488,AYLILFITVDMTKPQFNICSCFCPTLMAQ
random_19489,NPNWPDAVRPFWAQYQTGSADVMHPETN
random_19490,LKQYRIIRAEMETVCGKAFFQDANWAT
random_19491,IGVTKRAGSNYSGRCQFMSLVMWHGH
random_19492,VRTGNDSQSMTNIETMKASDDLNVE
random_19493,ICRIQHIAACYVHPAVYGCWQYNQ
random_19494,PFCGETAMCMWFNYTYTHHRDGE
random_19495,TLTHYSWFLQCCPMRRAGHCCN
random_19496,VIYMVCRPKKIWWLEPQFRCI
random_19497,PHYNHWSREALGEVCTLCII
random_19498,EIQFRLAVMNVMDNLGYCY
random_19499,CAETITSTFQHKWSFPAP
random_19500,VREACCEWHMYWHIVSC
random_19501,GYKASRRKPIMWVQQL
random_19502,WECYTNHSTQTMQGG
random_19503,HVWYPIGLLKTFMG
random_19504,WARQIYETNVTID
random_19505,AEPCEKTHFYWE
random_19506,PSAKMHSTGMV
random_19507,DPGENQVVCN
random_19508,NDNCGFVVS
random_19509,TGLHLGTM
random_19510,YQFERNC
random_19511,YIWFVG
random_19512,QASIQCKWEEGAWIWCTKLDSQGHYTNYTM
random_19513,KWLNNGDPDEPEELFGIRDMVEKTKRMDW
random_19514,AYDCVCFFYIKAIIWHAACWALFVWKVK
random_19515,EQFHHKIEYAKMYFSCGTCFKTGFREH
random_19516,KREQCVEHFKLGKEVTSGLIQLYCTD
random_19517,GMVEWIPPKNYRINMADPQFWKSDI
random_19518,PCPGQAWFYPPTDPLRHNRPDMVM
random_19519,CQFDRQEPPDGQPRMVCIDALKE
random_19520,TYPNGWWWSTLSDLDYNGAVGK
random_19521,ITTLFILPTRKMAFHCMGSDG
random_19522,CWCCCISGFERQCVYPAPQE
random_19523,HHGHIMWRQMADEQYFTHT
random_19524,IKYHYLIYSMIMKLLLRL
random_19525,AYDVHDRSMNYNLDVAY
random_19526,QYIWEPVEMAEAMEDE
random_19527,EYMRGGSADFFWYAY
random_19528,EAMWRNSVFFCGPK
random_19529,HFMQVRKWNWVPF
random_19530,SQMYKKCSLFAE
random_19531,RWVITFNGCIW
random_19532,TRFHEYSWHM
random_19533,HRKEMMMME
random_19534,FNEKYANV
random_19535,FIFWTYD
random_19536,VKKERP
random_19537,KHHCNWLQRDDKNQPSHEPEEPHISGYYST
random_19538,WNYLYCCKYNSYYEVYGWIAEKNEWLRNA
random_19539,GVVEDQGLQPAWYLQLHSHGCRMIMAVA
random_19540,AIGEECYNIPCISWDCAMWGMWPWVFW
random_19541,NASCTYVELLRNMISFHTPRLIGENS
random_19542,CCNGKNFRQDDDNTWFGFTFITVNC
random_19543,TSEGFAWQYQFWRPDMGQHLNTNT
random_19544,FRFHALKPHQKLFCQIFAIRPHM
random_19545,PYMMKGKQFINFHILSITSQHP
random_19546,KECEWYKCEISFAERHIKHCD
random_19547,RHLWMWAIKTGNWIDQHEWA
random_19548,GSKKAYKDEFHESTAARDK
random_19549,HGHVRSAEMCAGKQEVIR
random_19550,KKNANNCWWNHGHKAIF
random_19551,TWCLKIRCCAHLQEFW
random_19552,FVPFWSTGIYKHEPF
random_19553,AHEHAHPALTWIVY
random_19554,KFVPYKVCPHHDH
random_19555,IEQIETIRWTDA
random_19556,WDRAALFIGTD
random_19557,RMWYSVCNEE
random_19558,RVPGINECF
random_19559,QTLAIVHG
random_19560,EKSWPGG
random_19561,HQHRER
random_19562,LYQGKHKWVGHMGPCAELVEMYPQFVLWDV
random_19563,IPWTDGRCTQQFAHWGDNHMKQGFVPCPS
random_19564,SASVEETKGAKGVKISSHDPPKNREKIF
random_19565,WCTKFEVSEEVGRILNLETCEEKNDIW
random_19566,SKNSTYDRYLVIPANKEWTCAGMFMI
random_19567,QLQHMKKNACPTEVTNHPHGCMEFM
random_19568,YVFFWKQHGNQQKVVLEMCAYSDC
random_19569,YLKSGAETAQAEEIMWVLTQLSN
random_19570,NIYNEFYPDQDNYGDMWSSTRQ
random_19571,TITHASYFCIYQPRGAYMYCY
random_19572,AIHRQNFPKWEVFGWEDGGW
random_19573,KETPPGPWLTPVFCLYTIP
random_19574,PSNIGFWFYKWYWINKYQ
random_19575,FQKRSMVWHLTRKNMYA
random_19576,MQDNFWEWRQGDKCPF
random_19577,MEILPCMDDDMERIR
random_19578,LTMNKTQRFPKQWN
random_19579,ERCEDVQDHKYFV
random_19580,PVVIFAVTNNLV
random_19581,GGRWDLLWAFK
random_19582,PDLQDFEVDN
random_19583,RVFIGIERA
random_19584,KGDDWEHF
random_19585,CMSWMWR
random_19586,AFYCVA
random_19587,LLEFLWSPMWQVIHAQADLYHFGIEAQENE
random_19588,YCNVITVIITELKHQHEEAGCRTQGCAAH
random_19589,YEPVQKPIWSIACAMFWDDKAHHYKCY
random_19590,YLGPMICDLCEYPQPFTGTTEGSCCF
random_19591,FFLNNNTYACPYQQEMFHPTPSSHL
random_19592,LIPNFEHREYMMWMPWQTYSDFHG
random_19593,CNAFVIKIPTSKLPDHFWFAYME
random_19594,LSQQNHMVENRIRSRQHSHRDP
random_19595,HHLSLFMTDIILMADTNAKWW
random_19596,QYSVCSCGDEHDGRKGYSLS
random_19597,MFEPKNQFDYEQCLFNHQC
random_19598,YCDTMWITPCDWFCTMQL
random_19599,YNGQYIQVDDHSPKNYF
random_19600,CNVQYNTSGTIPLWNC
random_19601,SICIAHHEPKSEIYA
random_19602,MEWFDKAWQHIATL
random_19603,RWWLPSCFQRNET
random_19604,CCTVHQGFCEKY
random_19605,HCFHCKSPWWN
random_19606,FCGAYHYSTM
random_19607,EEWPAVVNT
random_19608,MKQWMGIN
random_19609,PKQWTFP
random_19610,MAACDG
random_19611,GAMDFTSKHSTQFKVTHQRIAFRSFTEVCW
random_19612,QTLLWLSSHEYPFCWLAEGPTSPPRTWVT
random_19613,SSWGFKYHDFPAMGRRLDNKGWCHKVKH
random_19614,RAWSDEVEQFFCKPCGQDKVLMIFYWN
random_19615,LGWYTRIKDCILARGPCYYIRAGSEC
random_19616,KWSIECQRYEDIQFSIIVRWRSWCI
random_19617,IQSRYLCSYFDSEGFGWAYLINEQ
random_19618,VPQCTTDTPCRWCAGYLQNVNVA
random_19619,DQCFTWTEMKCMYMQGWSTRMV
random_19620,PCYKMTKYCDGHIQLYKQTAA
random_19621,SATYFYGRRSSRGHVPGHFD
random_19622,AMGPFTTQPWEGETMDDNR
random_19623,YTNAPTMNLVFQIQHTFG
random_19624,AMPWICWDWPRMTDGYQ
random_19625,GYKESVIGDIHKWEPT
random_19626,AKSVGHHVNEKWWSD
random_19627,LTSPDPFFWFGKCS
random_19628,RYAYDLTQMQLNG
random_19629,THHSIFFPDSAC
random_19630,QTPKTNWIVMA
random_19631,LLGQILLYAE
random_19632,FTKFMEKNG
random_19633,CHPTSNVQ
random_19634,STRVVGI
random_19635,RYHGSG
random_19636,IKNDFMTHDYFGMNNVHWHDCHDWGSHYAK
random_19637,GDNHANKSRKLKDSYQFYKWHTVAKTHHN
random_19638,WAGGVKCCWAQLWHQLTQYNLLPDMFGA
random_19639,DLGFRDSCKPVSQLPVNWTHFGIMMCV
random_19640,ECLGAIPFYQNLMNLPMTMNPRMDGS
random_19641,NYQLQTSDFWWQRRIWNYHDKKQDD
random_19642,RPTCEIPNGIIHHFDNQCPLFVLQ
random_19643,FSYAYTYWNQMVRNAGPNCWNLI
random_19644,PPEWIRFLELEEFESINHRLVW
random_19645,QYCCHMNPKDPLMLATDSCYP
random_19646,INQPLQLISKAYQYHICAGA
random_19647,CDKEDCEKRPKMTPVMEGV
random_19648,FFFDGWFKHGLYDKGMYR
random_19649,SEDVRMPQIPAWKSPYM
random_19650,AIMEDSPMTTFNLRGY
random_19651,GGLIHLETRICHINY
random_19652,IPHNRCRTMSESEN
random_19653,WPHDLHLIPTIRS
random_19654,FEVHNTFPMLGC
random_19655,PQTCWLECAYG
random_19656,FCHMDTYTAQ
random_19657,SELVKREMG
random_19658,WPADRVYL
random_19659,MSHWYYT
random_19660,TRHQTL
random_19661,ACYQIAENENRKYDDPLMAIDEEVRFIYWF
random_19662,AHKVIASSMMDNESITDDRYTEYEELYTV
random_19663,NSGRVSCKYCYPSNIRGNTHTFEQCDKG
random_19664,YTSWPLALFHYNLAYSYCWMIPCKYLK
random_19665,WFEADCFDMAEEAIRPKFQVKETQQK
random_19666,ANFGHHTRHTQGDWWNCVLWNFVKF
random_19667,VVHISEKFQRNGRVSYWGDKTMCP
random_19668,AGAYEQLDKATKCDFGSKIMQWS
random_19669,RCSPRFLPEFNEVPKKKQNFLF
random_19670,FAWDMLWGKPKPPSTPDWFWH
random_19671,RNCIRFPLLRWVMYWHAGVF
random_19672,FQLFVAIHIDIMDWVTHVQ
random_19673,LFRYWYNRVCKGNMPEPW
random_19674,NKNNAHSIFLGFPYSYY
random_19675,WNCGVGDMLDHKCECM
random_19676,AAYAELNHTVFNGEG
random_19677,YYDFSVVRNWSLAG
random_19678,METNVLWEEKVVL
random_19679,GECLIGCFDMLW
random_19680,LDAPQPDIAIM
random_19681,EMKRSMYPHD
random_19682,DDQWASCMQ
random_19683,EEPMNDMN
random_19684,WIGRQVA
random_19685,PHEYIL
random_19686,FAKIQDWTYTGQPWIWKMNLGFCANRAQCE
random_19687,FWAPFTMFLQIDHRMWGNMGKRTAHIQHA
random_19688,GRCNPSGYYQRIGQDNWQSCLGTHEWDE
random_19689,LPMFGYDYFMCMGSAEALCRHLQTVFW
random_19690,TMTHSVLCWDAKEIHVFFQSVCGECD
random_19691,DMVRNVHKAMDFWWNTHLHKLINMQ
random_19692,NGTRFNDHSNQESECTKNCPEMNW
random_19693,ETHFKPPFDGTMHEPFIIQVYFR
random_19694,NFRWRRTVFFLQFIQTDADEMC
random_19695,KFSAQMIVYFSMLFYCIDKAE
random_19696,SWAQSMQPNHIRAPIGQHSR
random_19697,ASLHLWVSMTTMTVGRTTH
random_19698,ENRFHNWYCKANPTQSKL
random_19699,SPPCHSEYEHKNDQYYG
random_19700,YRNFHRYKGIRYPSYW
random_19701,EGLMWEIYRCVHTKD
random_19702,TCDHEPHMSLMPNK
random_19703,KNQQAEAHRAMYY
random_19704,KYLVSRYQYDVC
random_19705,EIWLCASPEKQ
random_19706,PTGCVLVECC
random_19707,AMLEIKRNP
random_19708,ASQCPEPE
random_19709,IVACCQD
random_19710,WMAWSW
random_19711,IDVNDQPIMP
random_19712,LAKLESPERANWYDIIGRNFNFMSTPT
random_19713,NNSILG
random_19714,VVRHSWHHLHFLDSANMNIYNWIKA
random_19715,RKTMHSDTIMGITMC
random_19716,YHYEMAMPFDYCPGAFIWMQC
random_19717,NTFVRSPSQM
random_19718,DLQVMTFHVY
random_19719,WEMWDEEYDD
random_19720,NFQQTGTHVI
random_19721,AMKQVQEGRI
random_19722,WRCSQHAEHS
random_19723,QTEFGEKRVE
random_19724,IGKWDAEMEI
random_19725,TMRQAAIYYG
random_19726,IYLDDCSLYG
random_19727,KDMGQITTNCRYAQKAQLNTVQNV
random_19728,MRMGTMVTPKVECLVESQGRYAWP
random_19729,LIDKSMH
random_19730,FPCYFFD
random_19731,TGDFETSLYKPPVDATTAPRTTTQLGESC
random_19732,NPSVEKMFEQPMVGF
random_19733,PGGYLLIQDYPACSP
random_19734,HSDDRNLMRTSQLNFNAQLRWY
random_19735,YLSQQMPWYHIAPQRAWSHSW
random_19736,KNPLACGYYGRHSEKMC
random_19737,TCAIGMPHEA
random_19738,QNLWPTQ
random_19739,PLDKGNWENIMHRIAVDVHPEFRP
random_19740,LQCGWQRWGKDRLKEGNSCPVLPIHMRTDE
random_19741,AAQMVCEALRNQCNPTM
random_19742,TNYPL
random_19743,TFIGQSIMGWFNFMDIY
random_19744,YQSFFAFGGNFMKGFFCAVIEMSKWSW
random_19745,FADYFWKPYVQMKSNDWNAMDWDGYCC
random_19746,CEQKMAQILA
random_19747,MQVGEERKWVGRPVMTSGDMYRFASLA
random_19748,HLWTDYFLRKDEWRLEMIAQVIESHWKFDV
random_19749,NCPVITCVGLSGKNFDKAAHCVMF
random_19750,CMRRNYRYGP
random_19751,AQYAKKEGMMRHQWEWT
random_19752,SWIFGANSLVTGRNNYK
random_19753,REEYTTDTHNNGWMDSELEFPWPFWVEDQH
random_19754,DKQIVTKNHPKPVKPVAMYWIWPRMC
random_19755,WELVRHCYAETKHEPNDGSHATNS
random_19756,IHDGENCHFQQQKKKQQLFHACGQQSCD
random_19757,AQNSHCSYIYCKFELQCHLECIKYYEEN
random_19758,QQMYCWPMDQKTT
random_19759,DVCEGWAMNEECFTDYSCKERYLA
random_19760,DVCYTWELYYNCMMRGCSQYQKQCHRLIRI
random_19761,TQQNENDVVCCCLGWNATVSSFYYSSAM
random_19762,MPNAKK
random_19763,CTPTDSKYGGMGWRGFLMHCDLYKDKQ
random_19764,YMCVVIVLPMWQLKHCQMHGQWK
random_19765,MMCTMGHNWPDQSLFYILGQINNHK
random_19766,RTIFSGYTHRQV
random_19767,DRPIPVAY
random_19768,ANGDDII
random_19769,THYRMMKCVMD
random_19770,QFWFYSTHDWMAPKGVRRGIGAVKFLLHMT
random_19771,PIEVQLHERYD
random_19772,YSTCYWILHWLQ
random_19773,VFSTCPKKTPVINSWINDI
random_19774,QGRHKQTQMLDMAP
random_19775,CNYSMEGLF
random_19776,HIKDQMEQSRSARNC
random_19777,FPTRNGAGKYF
random_19778,KSFDMVSAQ
random_19779,SNKNVTDQEVRGDMSF
random_19780,TYPNQHYRCSFMRMWNKDWR
random_19781,IVSCWWVDLQRI
random_19782,FTEQPYRKKPLCGR
random_19783,RIHRP
random_19784,WNTWESNHFG
random_19785,THWMYAYGQMQKLGGH
random_19786,CRSINIVVKMSYSGDGPENQW
random_19787,YLTDGMQVARYC
random_19788,VLATYKRQNYICCGGVIGNIHQYMCK
random_19789,SKCARYAWSSGSWEE
random_19790,GLWPYFEEDWPEE
random_19791,EQFTHDSARTLMGWQHEYDMLI
random_19792,CIVACGNRKAVPPHKV
random_19793,YNCYWPWDKTHIRNLRRDGF
random_19794,KVQKIMVFWIR
random_19795,PRVSNKYDCPYTGH
random_19796,NMFAAWAPIIMQKWCT
random_19797,GLKTV
random_19798,FVHMELLWMWRWEQDYHLDI
random_19799,PRKRTWKYLTDDMGHASWYR
random_19800,VCCTPNDGAVEFECWCNNT
random_19801,QFPPMDDKDDQDTINECTKC
random_19802,LPWIQTSPYQVEEVQCLHAW
random_19803,WSDYQNEQKNLGTAMATKGY
random_19804,VEPDHEIIWLIIFDHCFYDT
random_19805,HLARVMYCATFVAFAMTNETKP
random_19806,SDMYCWCQSWYTRWKEPIKS
random_19807,CGYPIYNFQHTM
random_19808,HMSCYTEY
random_19809,CMFELFHAGL
random_19810,GCGCVDMAAHHK
random_19811,TNQAIQMGCEQVRCH
random_19812,RVYVTIHAAQVRMH
random_19813,SWHACSLCCLDIKEK
random_19814,LCACQGINTILMAFV
random_19815,YNSMTHFF
random_19816,GQSFIENTSTGQWSM
random_19817,QARLMYQGSGCWWS
random_19818,NGHQTWDYWASSEPC
random_19819,ANMAMSMIMGEHKI
random_19820,KLSIFSAAMISQRIC
random_19821,AMYEWGFVESEWSPL
random_19822,IQHEQHYDCSEWYT
random_19823,NDSHC
random_19824,CRYRHP
random_19825,HWRPVM
random_19826,SKKVQH
random_19827,GEKQWH
random_19828,EEIPHH
random_19829,QRGQGF
random_19830,MTCRTS
random_19831,VPFTCM
random_19832,MFMYFN
random_19833,CESQYV
random_19834,HDKHIR
random_19835,DDIKIKFDDCTGVWDRPTQLFM
random_19836,TEEVTLHELW
random_19837,CGILSLSKYRKFK
random_19838,RVCHMVV
random_19839,WLHKTMWPVACDGK
random_19840,PDVCREKCD
random_19841,HHPHLALMWDWR
random_19842,QFCDRMVMERGGFSHTE
random_19843,IHQYQWAHQRPVS
random_19844,DNLDIEWSNNLFFRHIWVPEKPWLP
random_19845,IQGFRHGIYHWLVRVENDRCNWACL
random_19846,YFWFTDICCCWNMRPNEWISHIPID
random_19847,DCQQFPTWGKFNRTRDSLGDTLRPK
random_19848,WWHIPIALVGVQWWHWIMNLNREVV
random_19849,YGAFVPMHYVGDPQMHRQLINMVEHHNIR
random_19850,TQSDTNCTKWIWMEFRDQSWNDRTTIMS
random_19851,CWRARVVHCMCFWYCCFCGDCIPWPYMY
random_19852,VQGEHMLGSLTTQSAQSWPWYMLGRAWVC
random_19853,MCEPNWLVVQNGWMQGDVKTWNPCLQYVV
random_19854,PNTYNMMHQALYSSCCYSR
random_19855,LCELTVKYGHFRYKNGSRCGFMKAIWANM
random_19856,QCMNASYVFQWVTWQNQIYQQFDDFSEEAS
random_19857,REMCSQSKGQKACSKDIWVVCGFRAMQIYV
random_19858,FCGQGYLVFSYM
random_19859,QNMMIWYEWKWFSLRFYPYTCP
random_19860,RANRNPQHK
random_19861,ICPIQHPTSMH
random_19862,DFNHIDGNNRL
random_19863,VGSLEVEIAQCESQTV
random_19864,TDVFQLHTILHAMHGQKNGREGCVIRN
random_19865,ALLFDAYTVQYP
random_19866,VTAFNQSASNMPNTNHKDPILHCQHG
random_19867,MWYSPPREIRPWRDSMQSCE
random_19868,WADLQFARFHRCQPRMSKKV
random_19869,NMSMVMNRI
random_19870,VVWTMGTVM
random_19871,KGQEPYFIWINS
random_19872,LAVPPCCSY
random_19873,SSNGRPLHENDIG
random_19874,DNQRFGSYFGND
random_19875,QTGDVEDHHH
random_19876,TAMEPPNHDY
random_19877,YPIAEPKLQ
random_19878,CVWTFGFSIM
random_19879,IGRWACMRMI
random_19880,ADVSEDGSSF
random_19881,VCTKKSHPMCAECW
random_19882,NNEDVSNRAHNYS
random_19883,WAVMAYIPVINC
random_19884,VSTHKRDESKV
random_19885,VRLDVQCDTE
random_19886,RLSKRDVPG
random_19887,GIDNDVDSA
random_19888,TWQCHEMEFSNW
random_19889,RNNSQYVTL
random_19890,LECHWKLSN
random_19891,GNCSVFHICA
random_19892,RWWHNVILNKRHI
random_19893,KHRGHCSSPCF
random_19894,QMREWMNDSMACK
random_19895,CYLLRFSQMN
random_19896,FFANTNIHF
random_19897,PGWITHVCEW
random_19898,TEMCQAERV
random_19899,WCHFWPAPC
random_19900,QDPKGRNLL
random_19901,PQQWFTLIYY
random_19902,SLMFLYYRHM
random_19903,IDHKDRITL
random_19904,YGVHDGIHEI
random_19905,KAFECPVM
random_19906,APLMLHSI
random_19907,TNDENPMDQ
random_19908,VWWKKCATPYQHPWSM
random_19909,ENESPVFKCVPQCGNYDMCHNVDV
random_19910,DQTWAFHISSIGAHYYERKIFGRYPSRA
random_19911,WWHLDNRRFIRWHNKCDQWCT
random_19912,SKGHERNGVLCWGIKEASPETAWD
random_19913,KTNYTIEIRVLYYSSDCRKQIGYKCNIFCM
random_19914,GQKKDKKTATKSHFISSKKL
random_19915,GNICMPCTHTWR
random_19916,MVCHLEFKMWYL
random_19917,VVPNATAEWCGC
random_19918,AGQQGCIIFPNP
random_19919,QTKYEHNHQTTW
random_19920,WQPTMKRMIKGS
random_19921,HFRRLIMEDIDC
random_19922,QKCTVNWWYTTH
random_19923,GRAFRVLHNAYW
random_19924,IVPMGMCGYYFG
random_19925,YIVSTCPAHTMT
random_19926,GGKKCQAHVNFR
random_19927,APQIGNKQYEAT
random_19928,FAYIIPFLGLMR
random_19929,KVGPRGDGDNWK
random_19930,FYMRHFLPYGFG
random_19931,KMFKEQGDPDAT
random_19932,FMAGMVCDSHHK
random_19933,SPQCYWYTYTVT
random_19934,FYQCCQRNWMTF
random_19935,MLWENRAIGLRD
random_19936,TGSYQRHPSTGK
random_19937,AMYQYSAWWVYE
random_19938,QQPDCWVDSFHF
random_19939,QELGCSEQIHNC
random_19940,EKSKFEPHCACE
random_19941,IDAPYNECPTNK
random_19942,EGAMFVFIINFN
random_19943,MVLVDNKDISRD
random_19944,SGFEEHRIPENC
random_19945,WKHYSSYSNQVM
random_19946,WDSYKDFGDDKW
random_19947,CWGLAKDQMEQM
random_19948,KQWMPFNPLGQH
random_19949,VIWIKGLTTKGN
random_19950,VVRHADSYLRCH
random_19951,DGVYQKAYDVHR
random_19952,KEGLNIRMNTFA
random_19953,QMMSTSVHWAPM
random_19954,WNIDNAYYNCSK
random_19955,MMQPCGHMCLQV
random_19956,VCTDEDNAGNIH
random_19957,GMSLTYLWASFW
random_19958,MNVQLGCCGDHN
random_19959,SEDWIVTFGWGG
random_19960,VRFIRFNYIFDD
random_19961,MYVQAVFACMNR
random_19962,GHDGPLPVWVQT
random_19963,GREKFWLPWGEF
random_19964,HGEFLETWFHDI
random_19965,QYCGCSTKCGIV
random_19966,ICADIVDSPPGF
random_19967,QDLTHHTMKIGW
random_19968,LAHEPSNMADSG
random_19969,NDNPTIDGVWTH
random_19970,RGAFTWGPRYNA
random_19971,MKCEKAIMGVDD
random_19972,KHMGITCRSDIE
random_19973,NACCSIPHRKKF
random_19974,SDHGTMQNLSGC
random_19975,ILQQGRLVMEEG
random_19976,LHTLREPQQVFK
random_19977,NEADWAQAIQMY
random_19978,FTMIQQNYMIFR
random_19979,SGHMPYYPRPEI
random_19980,PENEPIHLHQIR
random_19981,HYMTMGQCNWMF
random_19982,SIILNWFCVILR
random_19983,EYVNDICQSVEG
random_19984,SAQHEFCMLDPR
random_19985,NQDEGVICGNAW
random_19986,EFAATTNTFWPF
random_19987,FPWMALGDDHKI
random_19988,DFNPTHNQSNFT
random_19989,PMQPQSDMHAEH
random_19990,SNKFEFTSLNYW
random_19991,IMQFRVLTGGDH
random_19992,IPANVGNAIYCN
random_19993,DTEMMFQYRKAL
random_19994,LMMLDEGCDYMS
random_19995,EMDMLLGLMSSL
random_19996,HNVQMIGFLEYM
random_19997,MKGNVVHGSATH
random_19998,PLEQHNTRKTDM
random_19999,SWEKKTATTGYH
random_20000,YFWWTLAMSAKF
random_20001,AHLKKKQQYSEW
random_20002,AGWETWRYNFVV
random_20003,FRRWPFCVDCCP
random_20004,EYKFAMNLHGHN
random_20005,HNHYILCDFKMG
random_20006,YYKQTVIVPCSF
random_20007,PMSPVGFDEMPS
random_20008,DFSPTYYWIMNH
random_20009,KPQLQIKPRKMH
random_20010,DWHHHLIDNAHW
random_20011,ELYCPMSAWSQN
random_20012,APNNELFIHWLL
random_20013,IVLVYEMHKRSG
random_20014,AWSGIKQVVICY
random_20015,MVDIFEIQQDCA
random_20016,FYTPIMILHMGQ
random_20017,FGLIGIWSNGVR
random_20018,LVSLCGEFECMR
random_20019,EEFTCIWWQMSC
random_20020,IDHHQHCMHNIC
random_20021,LWLKALFAQIQR
random_20022,IKMNFKMPRGED
random_20023,AFEPPLCWGGQG
random_20024,KSKGTAITSVAD
random_20025,PCKDLVSFYGCT
random_20026,DFSYTMFGFWDF
random_20027,ATKFPCFRKDRL
random_20028,QNKMLCMMVFMC
random_20029,ANNVGMKWSTHI
random_20030,NQHTFEKPATEL
random_20031,LRPPGISYCPPV
random_20032,VSHWFSQSPRNS
random_20033,ELFRRIMWMLHH
random_20034,YELRERCNLQPH
random_20035,SVHGPWGFEDET
random_20036,KCKNDIDCVFGN
random_20037,QRILSLCCYREW
random_20038,HAMTMPTRWEQF
random_20039,FAGGKRTMDNYF
random_20040,GTEMQKDEDPPQ
random_20041,EVIQVTPNKHFQ
random_20042,FDSVVQKYYGPW
random_20043,NHGNACANMEYW
random_20044,KWCKLVNANSLF
random_20045,WHSCVFICWKSM
random_20046,FPRMCQRGDQVF
random_20047,TENMFYLCPEME
random_20048,ARWIMRYISVYQ
random_20049,RESDKMDISNNN
random_20050,SKWSVFQLNYSF
random_20051,PGGNLAMNYHPH
random_20052,YAEEVGGAYQEK
random_20053,SKCHVGFYCMKQ
random_20054,KMNEFMQSEHCS
random_20055,EKRLQLTRADID
random_20056,WAFWDHNIDCPK
random_20057,YRWWGKEETINY
random_20058,MEYHHVKVISSA
random_20059,PKACIAMYPHDM
random_20060,MMTMMPMYWKRM
random_20061,LCGFICFVFTTY
random_20062,FCKWERHRGGIC
random_20063,FWQFHRTMLQIY
random_20064,GMTDHGELPYSL
random_20065,KLIHSIGQQGSE
random_20066,TNDVMHKVQRFE
random_20067,AHFGRGVCIPHD
random_20068,GKWSPEAYREHA
random_20069,DYLGHVSSQFWA
random_20070,GHTHAKMMICVL
random_20071,CFCKQNSYGTLF
random_20072,LLRRAFHDGRQW
random_20073,CQVTMQACDQDE
random_20074,MLFPGIYKAWFF
random_20075,KKPKGAITPDNY
random_20076,MDIICERTPPCV
random_20077,IYCIEYCCCNCF
random_20078,HHGMTLPDRPPE
random_20079,CLRAKEVDELLN
random_20080,FGDGMKEPWLHF
random_20081,QPQDLNFNYETR
random_20082,ADVMVGKTRFYN
random_20083,VYWRMKTHHKFE
random_20084,MEVGWWCRIWHP
random_20085,LNSTYHIVCEVD
random_20086,HYTYATMQQKAQ
random_20087,DDQYHIALTQDR
random_20088,TYNFCNPFDIAS
random_20089,DDCKGARVKWTR
random_20090,YVRKGPIVYTMS
random_20091,DTWPVMSWMDPM
random_20092,CSGNPPYYGKNT
random_20093,DNVVMVQNVEVY
random_20094,TEVVNKDKHRNV
random_20095,DDDEKDIFTDCI
random_20096,NYEWICYKLLQY
random_20097,CNFLAGMTEWDD
random_20098,RNDDEFWTMTIL
random_20099,KDFAVVFENVFM
random_20100,FHNSAIYASGIR
random_20101,QHHYAGGMFPLT
random_20102,YHCTICSCGIKT
random_20103,AGNNTKDHPSIQ
random_20104,QYWGMFVMLFHS
random_20105,WWIQLHTKHTWR
random_20106,CFILCDDKCFRL
random_20107,KNACIFLPTFNP
random_20108,RGRNNHWYRWKM
random_20109,EAQGATIQIGCP
random_20110,TKDSWSLVLAID
random_20111,LNRAFHKWLTSC
random_20112,ELQHRQQEFCGQ
random_20113,IWIQWPDAPCRL
random_20114,SNLPLWMSYIEC
random_20115,IGGSAHGNKRCI
random_20116,QYKLATHWAVQS
random_20117,MMESNLICLSYS
random_20118,VNVIDAKWNDED
random_20119,NQEAFTFVVQRD
random_20120,RMAMHVCMTIWK
random_20121,FVKIFKTEEVAA
random_20122,FACGKWKCWRES
random_20123,GFTTYFVKLRHM
random_20124,GHQVSNKNMPYD
random_20125,FRNSDYWDRFIQ
random_20126,CIMKYYPGFTRW
random_20127,KIRCVTKKLDGF
random_20128,CQPRLWLGQTCL
random_20129,FPMVVFIHWMSN
random_20130,ASAVWVWEPMRT
random_20131,VRMRPWIEDSTH
random_20132,CRANDLIFWQLQ
random_20133,AMLKWIFMVPFA
random_20134,QDKIIKCKIAWH
random_20135,GMNFCIYTKQAA
random_20136,LDWLVNVTSCTY
random_20137,TTECFLNHNCNP
random_20138,QHVEHDFWFLFF
random_20139,IHYMLECFPCMP
random_20140,HGAGNGHMSMME
random_20141,VIVPPQFTKSPV
random_20142,NNPMIQRSYNSC
random_20143,FWMGTYCTRYNY
random_20144,TLHRYRVNIPGQ
random_20145,NTFCHSTFTFTT
random_20146,GHTSTYCEESPD
random_20147,RIDFNPYMGQRK
random_20148,KHCLWHGMLPWQ
random_20149,CTVLGVPAWCEQ
random_20150,FIPHRFTGRHVK
random_20151,DIQNKWYEVSKS
random_20152,FEAAWQPDDEAW
random_20153,CQYGLSMDADSD
random_20154,DRRYNHHPGDGL
random_20155,MTERDRQNMTRP
random_20156,NRLRMHSITSEH
random_20157,ARPIENFAMWGW
random_20158,LLCTKPHTLVPN
random_20159,CGREEFGARVVV
random_20160,FKMLDDGR
random_20161,HDTYANWW
random_20162,RIMRCHDS
random_20163,SQEWFTFI
random_20164,QKDECIPYPKCTTYIM
random_20165,GVILLGQH
random_20166,ANFSTCSF
random_20167,SSQNPYKM
random_20168,PHHQHADV
random_20169,PKIWYRTY
random_20170,YYESVAKY
random_20171,FKQFPTNM
random_20172,CMQQVLIF
random_20173,STALVGQL
random_20174,AFTDLPLR
random_20175,EHFFNMPI
random_20176,PAPRFLQQ
random_20177,TTAPGYGA
random_20178,MPSKRTWE
random_20179,PGMSCQLF
random_20180,KEAIKPIG
random_20181,SFCKWWDD
random_20182,MQNICWPA
random_20183,QIMYRQEQ
random_20184,PIDNTNCI
random_20185,WQMYLQIV
random_20186,GHRNAWSQ
random_20187,VYIQDMSR
random_20188,GPWKTHDK
random_20189,FPKRRIVM
random_20190,WIRHPKYH
random_20191,LSPDLYRT
random_20192,PLWNSPSA
random_20193,HFPKLEKT
random_20194,AGINAGAH
random_20195,CIRKLSMP
random_20196,AHYLHQIV
random_20197,MGTLGLTF
random_20198,FTSVIQVL
random_20199,WCSKTMPL
random_20200,LTKHNHLY
random_20201,SHRALDWH
random_20202,YSMTGEPV
random_20203,PWCDIFGP
random_20204,RHIANTNM
random_20205,DYYHKFKT
random_20206,SSLKMANF
random_20207,HESFYSRM
random_20208,CCGVFGFQ
random_20209,TLVHGYEW
random_20210,EMMCCTEN
random_20211,YEDKMQDD
random_20212,VTGCTTQY
random_20213,EWRCMVGQ
random_20214,MCRYQPQH
random_20215,YHNPWYIN
random_20216,WWGGQHVF
random_20217,FVTKQCAH
random_20218,QKPFFFGE
random_20219,HPFMHHAC
random_20220,MHCSECNR
random_20221,QSYPRREN
random_20222,QVTWPQVC
random_20223,WQNRCNSE
random_20224,DTLNGFFD
random_20225,ARSSSTAY
random_20226,MMKVPLFR
random_20227,FRYILDSN
random_20228,QSECADYH
random_20229,HDTCKYTL
random_20230,GRWNKVVV
random_20231,WWFGQDRQ
random_20232,QVCIFVFM
random_20233,LCGFQFSS
random_20234,WHVHMIKM
random_20235,IKGTKEKD
random_20236,WSCMIYLT
random_20237,EVCGIYAP
random_20238,GHRQHCCG
random_20239,HCWRNFHR
random_20240,HMNDIFHH
random_20241,IGQGVYVG
random_20242,PRKKCIAQ
random_20243,KGLKWSGL
random_20244,MGFHGYKE
random_20245,GYNRLDMH
random_20246,EAKPACCV
random_20247,CEANDRYW
random_20248,CRKFKFER
random_20249,WCVDDPNH
random_20250,LPSKFAEN
random_20251,HPNTGIWN
random_20252,KGVYCLRG
random_20253,FNVPHKVK
random_20254,PFDRAADF
random_20255,KPYCICCN
random_20256,HPCPLMCL
random_20257,SLASGFPN
random_20258,PCMIIGCV
random_20259,QNEKVDLT
random_20260,HQSINHGA
random_20261,HITSTDFI
random_20262,HKHFWLFT
random_20263,QQEMTCNT
random_20264,ETYWCFTQ
random_20265,WPHECRWH
random_20266,SWFSALNA
random_20267,ECIGLRLG
random_20268,PPESGNTT
random_20269,FCMRISAG
random_20270,MMQLMASC
random_20271,MDVQCGYF
random_20272,DEIQPHVR
random_20273,DAQLALRN
random_20274,EYADFYVN
random_20275,SPHDIPPW
random_20276,MPRTMQLM
random_20277,YYRVQDRH
random_20278,AVCIWVPE
random_20279,CYCMIEKA
random_20280,LLAYGTQP
random_20281,HCPYDNAY
random_20282,AFECYWVK
random_20283,NSRGGAGE
random_20284,ITTIVFFA
random_20285,YVVAFMLF
random_20286,NMEEMPTT
random_20287,TPEVIISK
random_20288,ERNEACVY
random_20289,KYHPVHRQ
random_20290,ELPHRQRF
random_20291,QHYNRPCF
random_20292,EPYQMFQH
random_20293,NHELYESH
random_20294,RSMCDVWA
random_20295,QGGIDMLH
random_20296,EICQGLYS
random_20297,EYKPAFYL
random_20298,PAHEHWGD
random_20299,ISNKLIGF
random_20300,FFVGTPCT
random_20301,RVFVRKTE
random_20302,VHRTHDTW
random_20303,KGSCRTCP
random_20304,FWEVHVEI
random_20305,LRGYEVQY
random_20306,PFTEEMQL
random_20307,TNFDHYWF
random_20308,NCYHLQDR
random_20309,PRRVKEVA
random_20310,RDWAQIPW
random_20311,KRPTLLTETFTE
random_20312,DGYSSNPLCLIGKSVVAHEGHWVVKGAHR
random_20313,LQGHFHMFNWEMESARYFLKASFYATRGE
random_20314,NRYWGERVGNVFCPDAFSAHIRRPKMHCG
random_20315,DRSIVIHSVIMGHTAKSSVKPYQGAMEYN
random_20316,HQQLMGLIRFLSNEEDCYHLEHLSMLGNH
random_20317,CMHASWVNCEGNHIIKSHHLQHAGKSDIQ
random_20318,GDNAHVDDVLSCQMMNMADGCLYCIPIKR
random_20319,VVRMFAMQWAKEWDQDYVYTMQTTLESIG
random_20320,GCYMQDPFAKHNWMSYRQHCELWCGMWNK
random_20321,GKAHMGGVYMEELPCCPTRRMQPQLIKRY
random_20322,GTANIQNMTFVKVQDPYCMDNDAAFLCVW
random_20323,VEFPHHYGCVWSYRFFNEQQHDIDMMAKD
random_20324,LWKFHMLEMPRVEMWWTMLANFPKMQICF
random_20325,VPVIKNCLPLSITLSECYFMFANVATYTS
random_20326,FGYCHRCKIPRLHKGPLWWHDCFKNRWTN
random_20327,WFQNGFQCIWYRSWCRSGDHGRPPETQCF
random_20328,EWMGRVEAQMINNIGQRRPAKYNWYGADN
random_20329,DKTRDITRCRPGINHANLISQFYWIATLR
random_20330,GLHGKLRHQGTCIEHSVLHHSCYTPYCKQ
random_20331,TNAPGDTKSDTMKAEHIGNYLLCVWAHWV
random_20332,MCGDHCHVKSRDRHYKKSLINLTGDINFY
random_20333,SDCRAQDDFWYELQGFWIRILFKPQFGRG
random_20334,QGCGTGIATRVFDTDSSTGALSVFPFVFL
random_20335,RRIFKSSVNIKCKSSTCHKQWYGVKEMLG
random_20336,YIAPIGMPVSYHICWCGTKAPLNHMQTDE
random_20337,MRIEQQQMQTYCMKEPFAPQSWYDYKRQH
random_20338,SSFAITKEKMGCQMWWALSKQWWILTNAT
random_20339,EIGKEAKTVHDLKPKVQLCIDLHHPTRNN
random_20340,KHDHGEWTYWWECPCPHPHDSCKEDFDIQ
random_20341,EITNVLYCDDPKGNSLDSNVSDEQQTLCA
random_20342,NDCEALRGHMHIHYRQKSDEWEEEPTCYM
random_20343,LDYPVIMFLKTPCDGWKRDNSPPWLYLKH
random_20344,CKGLRCSIYICLYNMQLEYKYARQKWRHC
random_20345,TAAVWCKIMGAVVLDKFKHWFYWHWHGVR
random_20346,AVNGVVQHDTDQRYLMWHMLYMIIRPVPS
random_20347,EQCRPIYILAHKTLCWLWRGVYWSGEEWP
random_20348,GYGWYWNNCTGCYYADTNAELEYFTICGN
random_20349,CHWKDWAKGQVLWINVQKYTTHGHWSMGF
random_20350,QSSFYNYTFPAYTFQQRCCTAIWHGKPMQ
random_20351,ARGFMTSNRLEHQPETVANMEPIGQYVDQ
random_20352,YSQFMYVAWKQWRHMALCIMFQWTPIHGE
random_20353,GSYCWRQHYLHTEKVYYWCREYKQKAPFQ
random_20354,CPAQMCDYQLWTTKKLDSYYLHYLTHANA
random_20355,NQKEFVTHVLMNDHNLWKKRQMFCRAWSC
random_20356,SCEMIFRCIVFMHEPFFADFAPTSVSQCT
random_20357,SYIFEPRCQRYFFKCQHNNLLGNRMLYRD
random_20358,WPPNDPLRMEIYRFLRDKWKESGQTIACQ
random_20359,HMPLKMDLVQHRAGWPHGWDIPHFFITGP
random_20360,PTLDDHAMRQAYLNRCNEFNCGQYVDHND
random_20361,QGIKLGVSFNRKAEPCIRNYARDILEILD
random_20362,ITNWWAFNRWAEDHMGLSLIAGNFLPVEW
random_20363,DYANMPNGDQGIATDGWAQKEYCANLSKC
random_20364,EKELEDGWHQYVRHLGVVLARMRKINPTE
random_20365,HTGNHATMDCLPFGKQAGTEVSKTETPNP
random_20366,SQAVCRVFLAGWRGAQKMM
random_20367,QSVGQANHDIVCRGRRYWD
random_20368,DPHVTDCKQYFQLAYRFRQ
random_20369,MNCLGEDWLVAGYDAPWMG
random_20370,GVWDWDHDMQGHDFSINPH
random_20371,EWYWEYCGTPWQKPCMMKI
random_20372,VLPSVATSTAEGNADTRRV
random_20373,NYAYGTDVYPLHNGAGAGT
random_20374,RLQPGKIQGYFEQPRCIYQ
random_20375,TIYDHYFTFFSTTDMLRVR
random_20376,WANGAGARTTQYQINIRPR
random_20377,DPCHGGKLHMRGASPGYP
random_20378,WQVECICYALYILATGYWMNSIDH
random_20379,PHPVSAGSIPRVQCRL
random_20380,WQKSGWTFWETAVMRFPRVPQVGQSPW
random_20381,QDMFFVQVTFEIDHYFATKNTVPRPFHHCN
random_20382,WWFCYTSSFYRHCWHYKI
random_20383,PKEANRCM
random_20384,NKVWVQSIMKLSKAK
random_20385,DYDHNLHMVQH
random_20386,ANMNTVNGVMVEWM
random_20387,HYLQEWSLIPGCDM
random_20388,EHPDPTFELPWRYAKHCDNTE
random_20389,PGKPYPAIQFWDHHRDRI
random_20390,DNQCKQGCYIMFSHFGYY
random_20391,ACRDSGLIW
random_20392,TDFGKSLPI
random_20393,HSKGKKPSY
random_20394,RKWGWHCWW
random_20395,FGHRDGSPQ
random_20396,ENIAKLMQA
random_20397,HTWFPHFLD
random_20398,GHHRALKLSHQNGFS
random_20399,HQLNGTECACND
random_20400,YKLPQTKANDFWKIL
random_20401,ELMAHHLTYQANCCL
random_20402,LYPDSHDKHDYIQDR
random_20403,HCSSRPPKRQEPHDW
random_20404,CSMCMTGYACPMDFQ
random_20405,STIKETAHFIDKFWY
random_20406,MSEMPCADVYNTPAL
random_20407,QEDIDAAHSQLYHM
random_20408,GGKMDYRCDLPRDD
random_20409,NIYQRSHCNRYFT
random_20410,HAYTNLRAWWRAH
random_20411,EFFPHPNGSRPGF
random_20412,NCALCSGAPLQM
random_20413,KYTELWSARGIK
random_20414,CLRVTSFPWTHN
random_20415,ITDNLICTQDFR
random_20416,GPEFSDAGYDFK
random_20417,KLHGNFKMLREW
random_20418,LMQLTWLAKAKG
random_20419,MTTLVVCDYPYG
random_20420,MNSSPKDCRKIP
random_20421,RMMTRAEYESG
random_20422,LGVEYWPGTKW
random_20423,YRAMPTGDFQFKF
random_20424,MLCNARWQVVFAI
random_20425,LPKDYPKARWD
random_20426,YFDPFYWILAF
random_20427,HCLVEVHDHIP
random_20428,MRWPPGDRVHP
random_20429,DQCPGMVCL
random_20430,NDIGYCWYL
random_20431,NKYTTKSQM
random_20432,CFKNPIRGW
random_20433,LSWRMFIPG
random_20434,DADDAPPVK
random_20435,TQYSFMFGT
random_20436,KSKQQNCMH
random_20437,HANCRTK
random_20438,PQNSMIP
random_20439,IDRCDIPCQDPWSDQMAY
random_20440,KSYHDKAKSEKDCIDGSKMRVGIQWA
random_20441,QYAFHKIKFFCTMMDAHEHQNEAPLF
random_20442,HNMFIWEDYTTPFIKDNYFITHFWHN
random_20443,QLEPAQQSKMSTDIYRFAFFLSFVHA
random_20444,YEKEAYMFPVPLHFDFCRKWGDPVPH
random_20445,LGDCKGVVQPYPDIFLMTANFRHKKS
random_20446,AKWITCTSIHMRVGGHVWPNEDECFQ
random_20447,MWHLRNSDYGIMLMHEDFFPGVFHQ
random_20448,SAPRMAPHMYTTWGVAVKMENTFQ
random_20449,IHDGESQRKQEPRMNNMKDDTNPA
random_20450,QPILNKGMRYSYYVAMQQVAIVK
random_20451,LMFCSDATTAGQYDPRPWIFPKEIGV
random_20452,VWEISIQWVGDWFWHMKQWQNDHEER
random_20453,MSCHTRTGEPNKVPIKNPWYKAFLWP
random_20454,KTSVPAYMALMLQLPRDINCVASVYV
random_20455,GQDAAMLSHCDTEYQKASPQGT
random_20456,MYGYSPHWVLNTAKL
random_20457,QIDNERNAKMYFRRW
random_20458,RLYKYTHSGRHGTSV
random_20459,YTYDMPKSPNYMAPR
random_20460,VKPTAVYSDDLVQDV
random_20461,MTTHMVCSTGIIDVC
random_20462,HMPWPKLQMYNPAKE
random_20463,SFYEHNRTNTENVFC
random_20464,GCEMSWADYQFEAII
random_20465,DISLEHFVTITQRRS
random_20466,EDYNGDSDQYMHWII
random_20467,AQKRRGDCFGPWANE
random_20468,TSCMNAAQHDAWTVE
random_20469,MTGISIKRTRKHCERHKYSSVQEG
random_20470,AEHCDPSLWKNAFAWHDARLWQVSIFDWR
random_20471,CYTKNDKEFKGTRCQNADTKRPNCPDRNQR
random_20472,QSTKAMNDTYVWMCDAAYFDMYYMESKC
random_20473,PGGVSNIVCGCEYGWYLPTKCDWTRFM
random_20474,RHVPCCIWRWHYCTSCGIIVYKCTMC
random_20475,DKLKVAGMYCKSDQDTYQANSFKQC
random_20476,EGCFDSARGHVSYWWPSLYHNDWY
random_20477,KKSTWPDREIVGPHCWYIGLVH
random_20478,VGNLTELQSWEPLDWGGGQIT
random_20479,YRERSFDAWPYQWTSSNQEN
random_20480,SHMTDD
random_20481,GNCKMAMK
random_20482,TTSDTNQYLV
random_20483,LSFRKQSVDCHN
random_20484,SIDPRWWVETRMEG
random_20485,MCAEYFIQNPIFWVHI
random_20486,VYRYRSGFGEQAYWDNEK
random_20487,LVSIEDECSGLLSLPDEIWQ
random_20488,FFCKTDNSIWMPPKLVEAFSSF
random_20489,NPMSDNPLCMHYYVGRTECPKHHF
random_20490,LDCKNVYSHRNTQWGSIFQFCMWTSA
random_20491,IGGTDYQFFGEDANTIAMEINEINWMMW
random_20492,VEYIMCHGKVKDLYSKFVWQWNPWSMIGQQ
random_20493,DAYFQAMKYYDVSRRNEFVRQ
random_20494,FIRYINSQCPDAE
random_20495,PCFMQQWRWNGI
random_20496,EIPNAPNDVMGASTHTRGDDRMAP
random_20497,WDYNISMLRKMT
random_20498,GSVAKQTPRWFGTESRTHTGMEGR
random_20499,RCPGMIMYWDYPQYNELGMFKQ
random_20500,RSNSDLRPRMMDWFFIPPFCF
random_20501,AEMDLALSNCEFHEIVFLTP
random_20502,SHRLPVIGSFVTMLGSGRV
random_20503,VTEPSSFHTDCARQKMKD
random_20504,GCRHKRWLNRMILFSYG
random_20505,GVTGIDVNPCTRITWK
random_20506,VQPGDQYSVSNNDGG
random_20507,SSEFHSGMANVITS
random_20508,YEEDGVPYLAAHG
random_20509,VKDSITQKPWPV
random_20510,ITWKHYNNIG
random_20511,SWCRIEPNQ
random_20512,MWWINQEP
random_20513,CLMRLPH
random_20514,SHWCWY
random_20515,SQNFDPFIIVY
random_20516,SSMIA
random_20517,KQTLDCHTDYLDGHN
random_20518,NGCDTQQVLQFTANVY
random_20519,VMTNKYCFWGE
random_20520,LTNLQIRSIN
random_20521,HQCQLVAN
random_20522,GFKGVRTP
random_20523,IIDMDSVHVWPF
random_20524,FSYDSADQWYSR
random_20525,KHKCPNSCGHRW
random_20526,WNDGGDVETPIHDWKNCEPFLLEKVHPA
random_20527,HAIDDDFRSIINEHPQYEKLE
random_20528,DDCRPDCISRSCEIKTRMSIYMG
random_20529,RHHRQTKCLTRMPYVENWEWAIWQ
random_20530,RVGSGCRSPEKEPTNPTHNIAMQSE
random_20531,HFFMCVMMDHMRE
random_20532,DSKNCAGTYWQQW
random_20533,HICYKSMSTCMGA
random_20534,HMVVGWNRIFYMVCEMWDRQ
random_20535,LGPWIYNRIK
random_20536,GKEGQEEDIWCSRDHCVRKVKNM
random_20537,SMKWSNEMYH
random_20538,FKQKSENYYMACDLGGHRSG
random_20539,IHRNFKLMQS
random_20540,NANDVLTFFQCCRWDFRYYM
random_20541,RVECQQLEQERCV
random_20542,ILRWGFRMKYFKKETCSVIW
random_20543,LIESEADAIH
random_20544,AFYPIDVPSHNISGTEATWN
random_20545,WSYAWGSLIGVEL
random_20546,APMRATLMYGHIATLVYAHNMTFAIQK
random_20547,YTDRCIYESAGF
random_20548,DKRHNENFFLPQP
random_20549,YWKEPQHHINLISVEQV
random_20550,NENKLTECAGFDRWYRVDKRK
random_20551,GHTMEVIYDGEMLNKIHMMDNFNGYD
random_20552,PSHVDTPHHWHIFIYIFSNNDRWGGP
random_20553,WANMGSRSQNLVKNP
random_20554,GHQDLAHWQETNRWH
random_20555,AGECMHEIKENWSSR
random_20556,NARFDPPVGINMRNM
random_20557,SHFPKFQKGPGFFGA
random_20558,YLYVMMWPSRHRKFI
random_20559,VMFPDEPCFKPGVHQ
random_20560,IWHRRWFHVFG
random_20561,PHCYPMVMSR
random_20562,MCVMFWSPGFMQTP
random_20563,RIIYPAIIGFPCH
random_20564,KLMVSLPIEIFT
random_20565,LFAKEVTSCQW
random_20566,PKMHFTHAPNEMTLCP
random_20567,GERPSKDNQVA
random_20568,PPITFAWHLWM
random_20569,YHPSDPWGYAC
random_20570,VQDCKDSYSES
random_20571,LQIEIWPPTWG
random_20572,GQKCGHLPRRLLVDNC
random_20573,GNRQYENDCNAQAAWL
random_20574,GAELPPSCIHK
random_20575,EPVIDEGFAAI
random_20576,DIGDWRARCDH
random_20577,WYMWPLAIVKY
random_20578,VDRKPQQSIGIGPDSI
random_20579,PNCCIWPAVESEACTA
random_20580,KWHMLKYWIEQWQEVL
random_20581,SDFNIHQWGGGSAQWS
random_20582,ITLNEETCITS
random_20583,CCKFEDSYMVC
random_20584,QVSMWYIQIEK
random_20585,VTKSWNCLRRD
random_20586,MWIQENRWLDS
random_20587,YAGKTIYIKAV
random_20588,PFVCWIMWHFI
random_20589,VMSTFSNPWWM
random_20590,CQYTYLVQQFA
random_20591,STSLLKRDRHK
random_20592,DVMGNYFWWQM
random_20593,AHNHMYQLNWP
random_20594,NTQVECEMTAD
random_20595,TCPKMHAHMGAD
random_20596,GPKEKYCADDG
random_20597,GRRMVGRKKIT
random_20598,DCMQHTGDPCLC
random_20599,HEHGPHHEVVH
random_20600,PVGFLSAEGMC
random_20601,GDPPYMKCCHG
random_20602,CEDRSMFEDEY
random_20603,WGAQIMSRCPG
random_20604,YQSWNYPLVAS
random_20605,DSNVGDAEKMR
random_20606,DKSGPDFNTMA
random_20607,LPSGKDTYHDK
random_20608,FYQTQAFLWII
random_20609,ETFKKPCGPEL
random_20610,GFIPDDKCMWH
random_20611,VGDNETQWVLQ
random_20612,HEYFQAWEYRY
random_20613,STCYYCMEGCS
random_20614,GCCADWMIWLS
random_20615,SPHEPSVYMMC
random_20616,EKIVFMDEHWN
random_20617,SDHRPYVPRIA
random_20618,PSTFHLEVNTD
random_20619,SEISMCESIKH
random_20620,VPNILPGERNN
random_20621,WEQMCECQQSE
random_20622,HDGSQMSMDEN
random_20623,RAGYLMNHQWT
random_20624,VDPDDQQVNVY
random_20625,ACISFSEIQHK
random_20626,MTCCSWYRWLP
random_20627,GADHTPRLKKIN
random_20628,TEASEPCWWKM
random_20629,WRRHLVQTRMC
random_20630,GAFSSKIWKEK
random_20631,VSIQFEEAMLW
random_20632,EPTGFHNLRKQ
random_20633,NATHSAKYVSA
random_20634,HLTSNSRHKLY
random_20635,MCNDKMLFCEC
random_20636,AVLLHNQGVHN
random_20637,EFVYLLYCPNKP
random_20638,RMCVSEPNNQM
random_20639,CYMIELVKRSS
random_20640,YHDIPQSRCGVGPVPDLHNL
random_20641,KTQMYCSVDVSEESVSFCRH
random_20642,QAPDVSGFRNMQFYRPVSWS
random_20643,CWFCNQMDTEHIPCSMKCFS
random_20644,PDEWNNGAVRISQQTVNDCT
random_20645,RYMTGPTMGCVRFLFNSIDK
random_20646,MMTTYNWWLKEVGMTGVEWG
random_20647,ESIEIWMCGDTFKATNYQAP
random_20648,MPPWGWPGAQCWFRHQANFI
random_20649,PAARMQFEGGLINSEDWLLY
random_20650,GLGRVGTDVLLRNNVSKACW
random_20651,DVHTDDQIVGAQMEELEQIT
random_20652,VTEDATRRPTTDMRMNGNPW
random_20653,TLQTLVPQTAVIDQVWCKGQ
random_20654,AQGRMMSPFIHMRKSGAATD
random_20655,QKTDLHCNYLGKKLVGVERK
random_20656,AHGLVGNFYYKSCIGRIAQH
random_20657,NYDECVHPKRQPAFFDKPIS
random_20658,FDISSVNVQIQHTPKLMRYE
random_20659,VWNYFLYRKYCNASDYPYIG
random_20660,ESRINSCRLMKCMDMIWSMG
random_20661,LNVKRYVTHLQIVAFQCSAS
random_20662,EAGLGTELWVISVKVHCGWV
random_20663,HTHKDQCCETFVQSEPEDGD
random_20664,DGWFGEILETMSWCPPTGYS
random_20665,YCKYGQFNKCPFVCIVWWVF
random_20666,KKYMHNMDVGEIPHIWSYVD
random_20667,FCCFKQISDRDLNEKQRPVH
random_20668,YGHRWPYLFMKLFFMHMVCR
random_20669,QFVQRHRTSIQNIEGWTFPC
random_20670,GVCKYRYMKEPEGDQWHDDE
random_20671,DYQSMFGVCSMGIMKNKYHC
random_20672,PWAWVCNNMYKPWWTSHKYV
random_20673,WCNWYMEPPDFAECVYRNPA
random_20674,AEVNCDQWGCARRCWDFDAA
random_20675,MKFDDMHMGGFRERVIRPWV
random_20676,TQKFGRILRIYISTACCCTN
random_20677,NNIHNYCWIQPGQMVDKDEA
random_20678,HMQRRKNSRWQFMHSTHCFP
random_20679,MFCFFVVSIGINKNSTVNGN
random_20680,YWSEEWKLFANRALNVWFMS
random_20681,FSVAVCSPCMMMKNDCAVGL
random_20682,PTPRVRITGLFVAWYRCNWN
random_20683,MREPLINTGFDQPQMRMNWG
random_20684,GCGMQVWSPGVMKITEFSEL
random_20685,DINCIEPCCVLMFRHSHRGL
random_20686,VQYCKPMCSSVFHDQYMSVA
random_20687,ASTVILWGDLDDECLLQINM
random_20688,FRASQCVPKYLFIMRTFGNM
random_20689,GEAVEAYGETMKLKEHERFM
random_20690,MTTVNMNTYHNMRVYPCAKD
random_20691,KMHQFAEKCCWCFEQHVQRY
random_20692,DECNLEFAWRIHTPCHKGNH
random_20693,DSLQPELVNRTTGPQAKVVK
random_20694,QWEPSFSGFRKPKDKDQMFC
random_20695,RGRVNKLLRNFLFKNRLKVL
random_20696,YFCEMAFTCMWIHPKWIQCM
random_20697,CRATKVELWCFKVGIPRCYQ
random_20698,TKEQDVRVQIIMKYNKCPVM
random_20699,WCYKMDCLDLMCKGDFGNDR
random_20700,VASIIQHPTVDAYDLVSPKY
random_20701,ANTWINPPWANYLCHHYYWH
random_20702,SIAQDGISSADMYLCRDPRW
random_20703,FFHEACADSMIEWKMNCSDC
random_20704,SYPILHFLQHEPHKVWWNNL
random_20705,CICAFNDRKQMHRAKRVTIG
random_20706,VQWFKAKMYTHYSQHERHES
random_20707,YFSPIELVGKGLGWSRKICE
random_20708,IPYASNRQWKPVIQVTGKQE
random_20709,CLFLSREFRNEHTGWSMCED
random_20710,HKRHPKNEADASRRCSVTEA
random_20711,ALWAKFYFNMLNCGYADCSY
random_20712,YKMVGWWETFPCWGVYDEDV
random_20713,VHQSYKHHHIRQAFPSASGV
random_20714,ENIWWRCEGWAKAILPSNEE
random_20715,RAMHPQVLWAQNPYYEQADH
random_20716,NAMHSVEHENRVQYWWHHQH
random_20717,HDGDWWHIITKTDIRTLWNF
random_20718,EGERAWQIPMDRDDRGIQWA
random_20719,TFPFFWRTNNSRKEWSGWIA
random_20720,AWMYQKTFVGQPVGEFMMCF
random_20721,APPPPEWLYGMQMFSNRVDY
random_20722,KGGTLGYIMCYLWENLIKFD
random_20723,HPFDECDACKTMCVDPMDVH
random_20724,LQIECHLQKGSVNNWGYNNR
random_20725,QDLKYCAVFKRVWFPDLCYT
random_20726,PPDPNHSREHWIRFCVKWGW
random_20727,ERRSAPACVPKYAGEQTEVP
random_20728,TPVTVNMISNVSNIAWYLIL
random_20729,FNGVESEIWESNKCDMRQEC
random_20730,QAWDQMHPWWWVTWVMDILR
random_20731,TQHCKNKASAINSDDADGRR
random_20732,KHQIYLNDQSFFRSDSHAVY
random_20733,PIFLMAFAEQVLLTINTEPY
random_20734,WCFNLQVDNYLHYQTAERTE
random_20735,KVEWRHMKANFHLKCTHILS
random_20736,MPTWCDNKFTDTAISWVRMC
random_20737,RGNIAHHLLETNFSFRSAWR
random_20738,PKYGDSNTSKQCNFMDATMD
random_20739,CCCHDPLGNWFRYRLTDTDQ
random_20740,IESYYLPVLQHKGQQVEALF
random_20741,ETHHPVRRMEHSDQWLAQGQ
random_20742,MFYIEWPRFMQGQAFVVQYW
random_20743,CNGVSDIWSWAMNYWNIYDNNC
random_20744,SDEREPEWHVRCRFNMDNGPCWGFTIE
random_20745,PCGSSMYQCATFPLWQINKTKMKCMTHG
random_20746,MQPNMSEEGKSVSFDQ
random_20747,FTYGYTFFDCAQCSHWALVPVEMDEHH
random_20748,DHGIDWTKEYKELQDFVCGRINHPWRH
random_20749,QECFVMNWWWPLAHYRVQCGWGNRRQM
random_20750,VNMKTFGCHKWDCWVHQTKRRWRWCSD
random_20751,KCEHSQQESCIDKGENIPTTKKGGHFP
random_20752,WFYQMNHWCELTYYAMWLARRTAETAA
random_20753,ELYQDIQQFNLVEAPCMIWLPEGMQRH
random_20754,ETLSMMWEALCSCSTAAETWVV
random_20755,RNSGTMSVVMMTVSGEMT
random_20756,IINSCWPQKSSSK
random_20757,FGYEGNYNINDEKMRAHQEPYH
random_20758,FYQRYTRSSNSLSLWNANYTV
random_20759,VQLSHFGPHSWVLHLMFMQA
random_20760,VIKIFATQNHRTNPAKKVNT
random_20761,CQLVKYYYGTMVLWFC
random_20762,HASHRQQHLWNVWQVIMYSVYIQS
random_20763,CRPRSGAHRYMDTGSGFDHYMSTH
random_20764,FYMYDHEPGCIFDQNTAKFTCELAQRTPF
random_20765,SLVTQVYGWLFEAFHHLCVKSKALFDGEDC
random_20766,GTKLQIRVVFWCCIRDVNEQPREARIHDE
random_20767,WDFGRRDNSFKQITTHSS
random_20768,PPLEQMWEHQTTWLTQHP
random_20769,GQQGLLGQRNSCLKIYLCME
random_20770,GGIEPYKQPAAQSAGWSN
random_20771,GSCVGEVGW
random_20772,IGECRIRFMPI
random_20773,GRASQWKAVDLPVCGRGMVMECPKHMMMI
random_20774,ICENWRAAASRPTWIFFVVNGSQVPGYC
random_20775,SPWAEWTIEVYDHRSIHAPMLCHHDHR
random_20776,IRIMESQKQAWSTTKMRQALIKLCED
random_20777,MHVTWILHGWYKNNRLNMQRWMFYV
random_20778,CHNNWDLMEKRCQFGLNCKIECICP
random_20779,GNDHMTTRISKEAWNAKPYVNFTQ
random_20780,HFNAYRRQMLDVIDPTTMWLVIN
random_20781,SCQCMIQQADQLSKTKHTAEPE
random_20782,FVTPAGCMDGWQLERHSNGLYE
random_20783,PYRWMLNSYDIAAHWWRGMFH
random_20784,PNHRQWGYPALSTGWLSCNSN
random_20785,PSMGMQGVLEAQYDDTLSM
random_20786,AWGIRFKHSFYINENPLWS
random_20787,TDLYWHYNEQVLWHIP
random_20788,QMDRFHQHRRREHLVQ
random_20789,DFRRDEGCYCPEYFA
random_20790,DFSIASFNAWYTPMKN
random_20791,NFALVQRRNRFDTK
random_20792,RGIWCNIQCQVMD
random_20793,PNYVEKKSYYTP
random_20794,CCYSFCIWYFIT
random_20795,CFAQGNSNFPF
random_20796,LDWYCRAMT
random_20797,HGMQQFPREY
random_20798,EMRQNR
random_20799,GLSVAKC
random_20800,HPVNNE
random_20801,WKNRG
random_20802,FKYQT
random_20803,YAMGRYHSDYFNDLVFGKRNTRYAKQFMHM
random_20804,GSIMGAQAGRYNIHRDVKNKKCTSRVKFT
random_20805,IDGELVHFTYGCTPDQYHCHVIEYAEQH
random_20806,YWIDFLVDQAPHYKSSVTGDEPIDVES
random_20807,CDSQCISHHYSPSIHLDKSVQTWKDG
random_20808,IDAMHRYTACIHKIAWQFEFSPFHS
random_20809,ACKNIYIMFWYGPSWKQMDLQWAA
random_20810,NDKVNPPHVQMVKSRTIAVCHPR
random_20811,YGRHEKFKDQECYLRFVSKVKH
random_20812,ETEPTGNLCLVVIGCIWFHKG
random_20813,DWICVMLMKNYKPWQRDALRS
random_20814,QCKYTHDFYMNVWVNIPWGES
random_20815,SWNSVDKKRAFVFGSKALPYH
random_20816,FAHRTSHWMEWLDDGTWPHG
random_20817,HHCCDMNPKFNCVEMVA
random_20818,ALDAQSVKDQIFHWRWVC
random_20819,NREEDWMMVFWNNPEAH
random_20820,MDSEMAVWADDRCVGRR
random_20821,RQTWMEEDLIGNPEE
random_20822,DVMGQYLPQYQQFML
random_20823,MHTFIYVWADYCKSN
random_20824,TNTMKEDMHHEYQ
random_20825,DETWWMTHARTLIQ
random_20826,RWVLMYVTFKHPT
random_20827,GTSHLESFWNA
random_20828,PHDRLFPTFHET
random_20829,QDSGFTGMALPY
random_20830,EIQINRWAGK
random_20831,NKKNQTAPQDT
random_20832,VNRCFDDEQ
random_20833,SRLIWTWHQ
random_20834,YKVDCQISC
random_20835,RGAASDPC
random_20836,ILYTIHDE
random_20837,TWFCVGPE
random_20838,MWVAKKP
random_20839,IMRMMAK
random_20840,CYDDMY
random_20841,QCKNVY
random_20842,PDDTLQ
random_20843,IHDQQ
random_20844,SMNIGN
random_20845,NFMLNLGVS
random_20846,VDKFRDTYMWAWWQRRYR
random_20847,WKKFGLWCMRDDECQD
random_20848,VRNIFRRQLMLHVDLM
random_20849,CKVITHVAKRNDCFPAIT
random_20850,QGFHNVKCGGYICH
random_20851,MECDWGGWKGNQFINFLM
random_20852,YQFTDWMLSQCATSIV
random_20853,IKVQANRSVPMGRT
random_20854,CKECTCLCRCRAYWHFND
random_20855,TWPGIMAKGINWNKRL
random_20856,NRRSFHYYFKYIHQRDNRGPSCLMRT
random_20857,GRSAMDSCMMVQDQSIYSAIVAL
random_20858,DDEHYKQMYWFGETDKILQV
random_20859,MHRNGDRPFKHRQHLD
random_20860,RMYLITCNGDPH
random_20861,CHLLKAHIMGFMEKQLW
random_20862,GDWAYLYI
random_20863,KCEQDWVA
random_20864,GNHQNTLQ
random_20865,PSNIIDGE
random_20866,KHCNGWTS
random_20867,YFVLPASQ
random_20868,FNVLMHFL
random_20869,FIECQCQG
random_20870,HVHSYGQM
random_20871,FHWPMEVW
random_20872,AWVWDIPP
random_20873,WEYNSWVA
random_20874,WNRARRDR
random_20875,NRGVLEKW
random_20876,QHVWRTSG
random_20877,NKISMVKT
random_20878,DCERSNNQRFIC
random_20879,IPQHVDPNMAIM
random_20880,YFSWQYMDDWRY
random_20881,GTKIGPMPMRHI
random_20882,YFCKREKPASFC
random_20883,GMIEDQHIAKMR
random_20884,KHLHFPPEEHLR
random_20885,WTKRFKPLSTEP
random_20886,ISHERKSGGQSR
random_20887,QCQTCFPFRNIA
random_20888,HFARDGVQLLGY
random_20889,PMVNWQEFDSRI
random_20890,HWDLYWLRTHRH
random_20891,KDVRRQCTRHFT
random_20892,CFARILNFEKEG
random_20893,CVPEEKYMMMNG
random_20894,KWTYRFASDYL
random_20895,TFAYACQEDSAY
random_20896,GQLKHIIFEWQV
random_20897,VAIVYHCGQRNE
random_20898,NFLQGSMWTWPM
random_20899,EKQFTFDAMIPH
random_20900,MSTKIHVFWFNQ
random_20901,QVCIYDPQIYPK
random_20902,AFGWTMNHTVTC
random_20903,CICKALAQIYKI
random_20904,CQSFGTGFKMHN
random_20905,ACITDDGWGFKD
random_20906,PDHTSAPSDVWA
random_20907,HCTKVMWWKDLD
random_20908,CNDRGRPNMVFH
random_20909,YQQTFIKIQDNP
random_20910,AMRFKWAHWPAY
random_20911,FCTKAVAWGVLK
random_20912,LMARCFEPKHKL
random_20913,RQSGLPKYATAH
random_20914,GIAMVFPPVVWV
random_20915,KWAWAWNFLNWE
random_20916,ARKGPTGPKIKD
random_20917,LKVKHSRNLLSR
random_20918,LAITYCCEFDVR
random_20919,IPIERFVYMDYW
random_20920,IPIYCEMIQWDM
random_20921,VIYMMLDGVTHP
random_20922,SMGTMEKIFADI
random_20923,RCSDCRMHPCEV
random_20924,RMVWKIFIWMGP
random_20925,CDNWQELYGHRV
random_20926,FMGVCIWAVNRE
random_20927,TYCCSPLNSAIY
random_20928,IKLIDIIATQKL
random_20929,VDYRTRWQMHFA
random_20930,FLYKNCDCSWKI
random_20931,YRWPAAWRYGTP
random_20932,QMAMHCMALPWC
random_20933,MTWCMWNTRRFM
random_20934,PQDLCLDQKVLR
random_20935,ETFILENLHTDH
random_20936,LNYEHSMHCRSD
random_20937,PGSWNGHQYLCQ
random_20938,LHGWTKKHQDNL
random_20939,CEPKWIFQYPEE
random_20940,ACRLWAWNPCIC
random_20941,YPLYGAWGFAPY
random_20942,HIWKIAQAEKPQ
random_20943,GRWYDTQMSVKN
random_20944,LLKHTAFTNHLM
random_20945,RSVILMNHQTCD
random_20946,MFFWHNPRLMSF
random_20947,KYHHTQWPFMMR
random_20948,HRMIVAHCSHFN
random_20949,ESPIVDADKWQG
random_20950,WRRYGEKCVRKI
random_20951,SDDQLLWWTDVT
random_20952,RKIRRPSINATM
random_20953,EAGNGIKLKPMG
random_20954,QYVWFRHVGIPD
random_20955,KNYWSMAANTQL
random_20956,HKFESMTLCMTN
random_20957,SQHSCVHLWQSH
random_20958,DYLYRWPGDYGQ
random_20959,DDFYDPFPKQLR
random_20960,EETEGMIGCYDT
random_20961,KQPARVSTTARF
random_20962,GGAKSWLNDGGH
random_20963,RDPGFKMITHQD
random_20964,DNKTMSPSQIRG
random_20965,LSIFRKLDCHSC
random_20966,CFCKTDCVRFRW
random_20967,RYGPCWEFVTPS
random_20968,LPVPPFYSTNAM
random_20969,CDFNDGPMTNRV
random_20970,EGMASEVQLCEC
random_20971,PNLWQRHTGDFV
random_20972,TWFWDDICQPRF
random_20973,CCERKKQGHKDR
random_20974,TTVNEHENIWHM
random_20975,ENATNQIRCYHK
random_20976,VGYSHDKTQVQT
random_20977,SMRPLRAIAPDK
random_20978,KTVFCSWTRMWC
random_20979,RGSVQMTSRMAC
random_20980,WAWRSEQDMRDI
random_20981,NEMIAAHALWID
random_20982,TALPNVKIITAE
random_20983,ICAVAIYCRDSN
random_20984,KGQPWLRQQFKT
random_20985,FYHEDYLIQIMR
random_20986,QESWDNEFNLRF
random_20987,IGKWTTYINRLM
random_20988,AFLGWYKSDPNW
random_20989,APYLWACICFSD
random_20990,VSHWRIYGAQCY
random_20991,AIVMCCEWAHGN
random_20992,LDPHRAGFNTAA
random_20993,FLQTMHDTITCN
random_20994,DWFIFVCKCKIC
random_20995,PTDMGFTELWGV
random_20996,WPESWHGFHCYL
random_20997,CNATNQSGGVHS
random_20998,NIEFPAFLGRPY
random_20999,GQLDHDMFMLDC
random_21000,HLRQQNIHGWCT
random_21001,DQISRMSQHRWC
random_21002,VSWSGVFNCFTC
random_21003,LTRLKCCWDGDD
random_21004,WCNIIHCTPVDN
random_21005,MPHLIPQQFPLC
random_21006,LFSYVITHWDQF
random_21007,HSPGDVFYTEGC
random_21008,PCGSCLYWTGLE
random_21009,IWESSLNLWFEI
random_21010,YSQTTVSRRCKT
random_21011,WDAQAMQCYPET
random_21012,TEIIHVRFCSAS
random_21013,SDPAQVEQKQTG
random_21014,ANDMQELYQIAP
random_21015,QTCSIMACHYDL
random_21016,QDPFQTLIPLEY
random_21017,LNFMGWTIFNYS
random_21018,ILRSQIFFYVNK
random_21019,DCFGTGLHLSRF
random_21020,CLERHTHLEYDC
random_21021,VVKIRAIMLFEA
random_21022,WNRDNLVGRVHF
random_21023,RNAMWWNNSNQQ
random_21024,PCMNKMSNKIRP
random_21025,TWLVQQSRIMYS
random_21026,SPRETMPEEYFM
random_21027,KDLIIKWLHWEH
random_21028,MYKHPNIHRSRM
random_21029,VMESEPTLEQKV
random_21030,TKSDDQVNKQSP
random_21031,QRQRGLVSKPIN
random_21032,VYMAQKWPGYMI
random_21033,FKIIQMANFHPP
random_21034,AHKPAFDGQGFH
random_21035,NWILRNPCNQCI
random_21036,MMTSPSNNGAWN
random_21037,ADYYGVYKQMQQ
random_21038,KGIRSPMNPQVV
random_21039,FEMDGKALQEYD
random_21040,PVNNQDIQLNCI
random_21041,CDHEQLAWLGQH
random_21042,AEVNNKNWTKDD
random_21043,CWYHDVVPFGLA
random_21044,QAQCCKETPKQD
random_21045,CIEWGCMYMYQY
random_21046,SVMYYADYNAEV
random_21047,QTVAWAMEWAQQ
random_21048,KYKYYMMHWPNT
random_21049,HIAVAWAQKEYW
random_21050,PLFVHISPSIWC
random_21051,IPHEMQFFVGSQ
random_21052,EVPQPRPLCMFY
random_21053,APVCADSIKRWL
random_21054,LNCRVRRTQTWW
random_21055,PYFMCYDYDACY
random_21056,DELKISSPKLQW
random_21057,YPNTYLMNVTMP
random_21058,FEIPHIQMQRWN
random_21059,IGSPVMGFFYQM
random_21060,KRPPHKSSPWDR
random_21061,PWLCYWGVEMKQ
random_21062,RMWDWMEQEWRM
random_21063,IWKNIPSVSINR
random_21064,PFYGGFMSESIW
random_21065,RLDKSWNTIVHA
random_21066,LHGWYISEASMI
random_21067,ITPCHYKQRTDE
random_21068,VYPIFTNWNYDN
random_21069,AHFFNSKRCGMA
random_21070,ISQSKPFSSICP
random_21071,GMCQWWQVAIAA
random_21072,DWQKDETMEQSA
random_21073,KSIDVCPVAYNE
random_21074,LSTHSTCIFATF
random_21075,WYHLEYPLRFMW
random_21076,PGGNRNQRQWTK
random_21077,KLVITATDVQNN
random_21078,PKYLRAHQLKNF
random_21079,KLTEKSPRRLDE
random_21080,LSWYYFHQQYNT
random_21081,EWNHKWMWWPHL
random_21082,YVVWGHWVSCKH
random_21083,SIPSKIPCNYAY
random_21084,RNILRELKCRLG
random_21085,LKGDWCRYCDEI
random_21086,GELYYDHEPFDV
random_21087,CDHKTFVKQMR
random_21088,MWCNWYSNSVG
random_21089,AHETRGDPDQF
random_21090,MVQANDFPEEL
random_21091,CNCYGIVTWVH
random_21092,MREHWQDRAHR
random_21093,TEIPTVLRRNV
random_21094,GAWLFCAKHDF
random_21095,KVFDVTANLEF
random_21096,NFILYHWHFKW
random_21097,FMLMAQQNAQH
random_21098,LIYETVKHQEQ
random_21099,KQPDEEKSYMF
random_21100,TYKCRAPEQQN
random_21101,RMHSDKKYSEH
random_21102,PMGYDRPEAFP
random_21103,CILMSYMNGVW
random_21104,QYTSLSNSCSH
random_21105,LTILSITITWN
random_21106,ICCLREYHCIV
random_21107,LCHVQEEESLF
random_21108,QQRHYEDSETA
random_21109,VDCLFLEPPIS
random_21110,LYQVFYEACVE
random_21111,NHLFNSDDKVI
random_21112,VHLTDHKTPYK
random_21113,VMFDWQNECEA
random_21114,HNFQMRKPSCC
random_21115,QPEGVESAKHA
random_21116,RRCSLEVVYWE
random_21117,KQLRVRRPWAM
random_21118,YCEGYMDYLMN
random_21119,SDANGYNIEVD
random_21120,WPAYDEWNCGG
random_21121,WPGYFLGMNPC
random_21122,AMQVTNPLNAS
random_21123,DHRDSKKLYQS
random_21124,QSSTEVSTKNE
random_21125,HNQGCGHTNHY
random_21126,MTKPLVLMTCI
random_21127,VQQLPEKEINW
random_21128,MFRLEADVFYD
random_21129,HRRIFFKKMSY
random_21130,WKMPCMLICCA
random_21131,PGGRTWAKDCW
random_21132,TYDKGVFCYHT
random_21133,DAMNCRRAHIK
random_21134,SMVQTMRCNKT
random_21135,LHLMMMVGHHM
random_21136,NWGDAKPCLSR
random_21137,VTEGTKGNGNV
random_21138,AEWKAEMAVRQ
random_21139,LVFQKDMRCQF
random_21140,LKIDIHHMNVI
random_21141,ILAHKIRKKEW
random_21142,KAFVDVELAPS
random_21143,LHMFPEWAESG
random_21144,EYGRDIQMLVI
random_21145,EAHNLRRDCRR
random_21146,TVWICFCCEPV
random_21147,EKIKTALLNRT
random_21148,NNAHMLLMFRY
random_21149,FIPLYGIREWV
random_21150,WCGDAGEWYEC
random_21151,VCMVCGEHCAH
random_21152,MFDRCREGVWV
random_21153,TEQLTHMSAQN
random_21154,MGNLAQMAVDS
random_21155,NVYAQWVPVCH
random_21156,KRTPFQLQSPS
random_21157,EHFRDLTTYTC
random_21158,WDKVNPHLVLG
random_21159,DEHQGETLIHC
random_21160,KKFDMYIDAHG
random_21161,LNPTCFCSAHG
random_21162,AKVKCMMWNMG
random_21163,NTRNYYKDTIP
random_21164,GRMERMRVGGC
random_21165,RAADLYQDYWK
random_21166,HQETPPYKQFR
random_21167,VEVLWALPKVS
random_21168,IMRSMPPYMCA
random_21169,FFVMNEVFVAT
random_21170,GAYWHAFYLIQ
random_21171,MSNGDFKQAPM
random_21172,FNFGWASYSMY
random_21173,FHVPGPLPPTA
random_21174,KCWDGSPEWVC
random_21175,VDMKWWWPHHD
random_21176,WCNEICDTAFN
random_21177,GPYWQHMLHEH
random_21178,MQQQKHACHII
random_21179,GSAPAQQEAVP
random_21180,CPCVTEREFDQ
random_21181,STKYIWITYMT
random_21182,QKAKYWSKGRI
random_21183,CVNASRRRAKM
random_21184,SCTLTCFQFEI
random_21185,QAGIAVYGSDN
random_21186,KATTYHAYHFE
random_21187,ACQSMLRCDTA
random_21188,PCPALFTIGER
random_21189,CKTTWNFCSPL
random_21190,WEMIFAFPNLG
random_21191,NDDFDLDWQFM
random_21192,AHDREHKLCLH
random_21193,QGGGMGDWWYH
random_21194,MKNRFWIIGLT
random_21195,IPRITYETVYQ
random_21196,NPMPAYWHQGP
random_21197,AHSPVDHNAFL
random_21198,HDHHCDEFINA
random_21199,TQKIAFCAEKH
random_21200,CQNHGMLDPYA
random_21201,APGNFWQTVET
random_21202,VVVRSYDEMHR
random_21203,AKYRGKSQNAL
random_21204,AKFKWQYCSQC
random_21205,SSLQEPWSHFH
random_21206,ETCEIQNFTSE
random_21207,EQFRLKWFGVY
random_21208,VYWFPRGNMVG
random_21209,MVWYWYFSMVA
random_21210,FHGMYPLVYHC
random_21211,TSKLWPFNEDF
random_21212,GVKMYNVADPN
random_21213,PFSIYCIPANA
random_21214,SEECPFQPLVA
random_21215,FFRNMHNGEMT
random_21216,NTENQYFGLTA
random_21217,FQLMVHADVCL
random_21218,NQPPCMPPPYT
random_21219,RPPTCCHFNHR
random_21220,KFIPVNMFWQC
random_21221,DYGMHYHDFIL
random_21222,GATMAQMTQEW
random_21223,DYTCMFQVCFH
random_21224,RKPADPLDHPR
random_21225,RSCHKAHWRHD
random_21226,HAVVEAQECGS
random_21227,TPCHWSWWHYI
random_21228,AGCDCQRMMCQ
random_21229,GNDGPYWRSID
random_21230,PVFQLTVYWMQ
random_21231,PHPWCDDCPCG
random_21232,FSNYWYIWFRW
random_21233,WQWPIIFTKHN
random_21234,CNCDQCQPFFN
random_21235,WDFPMMTHWLE
random_21236,AWEEIHVSAQP
random_21237,LTGGCICFAHL
random_21238,FPRKFMRLIFM
random_21239,NTGWRGAFFTC
random_21240,CVTIIFRIEIF
random_21241,LQYSWPPYHLH
random_21242,ASDWISICDHT
random_21243,GGRQIKDVRTE
random_21244,IVPFVKTTTLP
random_21245,DKDMRRDKGNP
random_21246,AGVIAYRLTYP
random_21247,MWSMFENSYEV
random_21248,RWPWGKHYSNK
random_21249,NHNADSAHLDH
random_21250,TGNPGHNIIMW
random_21251,SDMNMHISATQ
random_21252,HVLLNIAGYDM
random_21253,MNPWHNKHSMI
random_21254,MFYDGPIPFVI
random_21255,ILAMASYEPKL
random_21256,LKRWHSLEESM
random_21257,TILFDDVKCRA
random_21258,MEPINLKQSYIACP
random_21259,DCSMYIHMMAVFE
random_21260,RIWVAKDMDGGHARCHVWKHCVKV
random_21261,RCEGDSQKQWCSMTLQCHLPHHRI
random_21262,QRAHIMCIHKKWVRAKMTEMILLC
random_21263,TDCISESSAKGVWEDTLKMKVHGH
random_21264,VTILAVQQGQGSVLSWDNPTRIWC
random_21265,HGSELIRVFWFIIIDIFTGKYTFI
random_21266,ASMLTAFAHYLESFEWEMLLMPET
random_21267,WFEIFGMQGCFWANFADHVPPETW
random_21268,QCQPMLTWRCQGYMEYAITMMVCT
random_21269,FDMRLPKMPNTHILGVDSPEMEIE
random_21270,YQSALFYYQGHRVDYLWFVEWTWW
random_21271,DVGNTMMGPVTMMAVIFHHFNGHC
random_21272,FQLMNGHRSHDHMNYGHSQYKGNN
random_21273,KPLMLICCN
random_21274,IGIVHVPL
random_21275,WVISHLG
random_21276,GPLYGCATQVPCFKLQELVSSRVTAGLRGQ
random_21277,LCHGIDVYGMKADYEAQT
random_21278,EMLEDQMSFTMY
random_21279,CIGTLMKPMLF
random_21280,MAFMGSQKLH
random_21281,WLMELTFN
random_21282,TWTDKLPRERWFQL
random_21283,MSYSMHGFSESVSELMVCNHWEMEE
random_21284,ILAFGYLKCSAWPESVQSYIRCIPW
random_21285,PSYNYDSGTALAPDSINMKQWRHDY
random_21286,IVWLRKIPCQHMDTIEKYFRYRNSL
random_21287,WDRSHNRVHDTFGFQCTWHVSACSV
random_21288,QLDGQKPTWRYS
random_21289,CQCMCRKNWDVSTIK
random_21290,IHQNKYSPWGWCTCMIDAK
random_21291,MFHTHWPVLFIV
random_21292,SNACFQARD
random_21293,MVLEE
random_21294,PEQEFSK
random_21295,NIGYILISV
random_21296,DYQCS
random_21297,QQIGDKD
random_21298,FSQDKDLAI
random_21299,SVMTQQAWKHMPKTQSIVCGGWS
random_21300,TFFFMDFSMNGCPAKTLRSTACQ
random_21301,HPAYTHFFTRTWSCHENFLKWWC
random_21302,QMHHAKTTNPWHPQEAESFLFPT
random_21303,QMWPNDIMTNNVPCIWQFPRYKG
random_21304,DKIHDRVTIYDGRYFGRRMVSEL
random_21305,DEYRRAHERYRQNFWYRMWGTGH
random_21306,RPECAYYNPVKIKMVRHSW
random_21307,FTETVCTRCHLKNAYIHPLQWFWPMFWLI
random_21308,GGQFEQEMREDYRSDGLFFYLYQCMNMDR
random_21309,INRPVEKWHACYMKDESIPVMWRMNCHVD
random_21310,RCIDHDYTKRYCVDMQENFQLIGGIGYQV
random_21311,CARLKAYIMPFDPWFEMHTSQL
random_21312,WQEACNLEQLHNMLHCLFTHFS
random_21313,AGFFYFAGQCVEMHKL
random_21314,TEDVHMWHVFFMGKC
random_21315,GRHTFCCDQSNS
random_21316,MFGKTDNWHHHTKLFHYAMDFNFRPYNLE
random_21317,TRILDQDLTARDI
random_21318,AKFTEFSYFSAPFV
random_21319,NLKAWGTPLYLKGHVYIKC
random_21320,MGCQAIFWHLYMQIFYYGYR
random_21321,HRKFTQGGMPVGMQAIFDLGNGCRDC
random_21322,WTTWYNPDEIEGLKH
random_21323,IMLHCAHRLITELV
random_21324,FRNLQLVQWIAHCCWNL
random_21325,YVNIRQWMMREVQNIEPDL
random_21326,CARVTNFLWDCHYIYVCAV
random_21327,VQMQHVELSRKGLTKSCAA
random_21328,HMHNWQARDITWDDSTQMD
random_21329,DGDHKKAKTISMFSEMTYF
random_21330,TTLRQGRFWVGYWLWVPFHSLMESIGVLS
random_21331,KRQALAMYSFQPEVVLYPIAIVQNEAVGC
random_21332,AEHNRWVGNIFMAYRFKSVQKE
random_21333,MIVEDYCIRHELSSHDELIEMKGYGK
random_21334,TKYIGSPAWPMVHQDNMFTKFGHYWKRSI
random_21335,CVKCNYDINVQGADNSSHWCMP
random_21336,SEQDYYQNNINNDVMEQQTQMFLT
random_21337,TFHNAWQPISEEFVCDKEDAQN
random_21338,MKAGGSLNQQWWPKSMEWKPSVRGTYDGFA
random_21339,KKFYDEKQFFQLYIEQTSLVGGADHD
random_21340,VRKGWNKMGNRKPPKWDFAGVHDQKV
random_21341,YKRAGFKCSFMGSDIKRARENAPKFA
random_21342,FFINQSRSMHSIQAIQKHINFSNMRK
random_21343,MYMLYCGPKVLTRLFA
random_21344,KMYYYYHWRPWHQPMD
random_21345,VNNFSERSKFECGSML
random_21346,NLSWIMMPFWRCWEEA
random_21347,TVGDYINKAWLYNDFM
random_21348,MMSCRFCFTPWERPQF
random_21349,PVICIDVQSVKEQFPD
random_21350,KICDNATQDTWNSRQC
random_21351,PFEDWAYQQFFVEIIF
random_21352,FNDGVDN
random_21353,EHWFIVQIAQGE
random_21354,PWCVFW
random_21355,FRHLL
random_21356,WRHRR
random_21357,TPRLL
random_21358,QIENFM
random_21359,MLGCSFPDADN
random_21360,MGFLGIPRLNN
random_21361,QNMCRCWT
random_21362,LQIEAE
random_21363,WIFHQA
random_21364,VRNQYQP
random_21365,RMFCPAA
random_21366,QTWWNF
random_21367,YVETCS
random_21368,NDLMNYRCG
random_21369,DLRTWLNTE
random_21370,GCQYLAFR
random_21371,GCWMGFIH
random_21372,VMWPNLYIE
random_21373,VTGSNF
random_21374,MENVTD
random_21375,AMIQGRAGMSAWQD
random_21376,LNVGFSDHHRGLFG
random_21377,VNIVLPPCTYMLPC
random_21378,MPSWSEHSERSHYLT
random_21379,YRPAWRHPSSENPAD
random_21380,GGATWNFRFKTKRQP
random_21381,KAYNGFWCRGPIHSM
random_21382,ITHSQDLPCGHDVFD
random_21383,GMATPEKQVFALWRV
random_21384,HKVGRKGNGPCGMTP
random_21385,ELTNQQPLATETRFR
random_21386,MMMGQMLHS
random_21387,PFRHRYKLCMGKHVKHGGWNVHKKTDF
random_21388,KKQTQFKTFEGKEKVVMDHHWKNCFND
random_21389,GIPSCPWKVKEYSHGFRKDLKKGRGYQ
random_21390,NAIWLPVQYIKFGHTIYKEHCNFMVWC
random_21391,GEHRLLRMGWVTEGQYMTQTKIMWKLQ
random_21392,AQAQDQNHMVMMEQTMTTAWWPNVTHW
random_21393,HQFTMEFGGHFVKFLKAVYPNGDFPQK
random_21394,FFAQWMMYGKYTDMRYTLIGFKKDWCV
random_21395,EPAHPCTARECWHVEFFQGKQGEGGWW
random_21396,LISWRHCFYCRHKVNCECTRHFKRHAD
random_21397,NCIAWRFEYWHMDPFCSTAKESMGLIH
random_21398,PNGTNAAMICEDSQHKQARMQQEGKRS
random_21399,IHSPVGGMMTEPNTKEKIRCNYKRQKF
random_21400,PHMTPWLAARENYGADLTPGMKRNKQQ
random_21401,DKKKYGVPSIRDHMMWSFIYKPTMRVM
random_21402,MPVSGPGPFHMGYKPDKIYMGAHDTII
random_21403,YGISHLPFPNYHQNPWNVVVKSVGEAM
random_21404,DGLCLLMVIAKNEFGHNKSFRHLFLAK
random_21405,PSAKIILKMDGFTFKTSWATMQMVYTY
random_21406,IVKSAPCIFWSYHHILWPVPDYTTCIC
random_21407,LYEMNWAECFQRLYKQILEWSYQPGME
random_21408,YDTYQWNGRQGCGWSMTYFKKQERNPT
random_21409,GWDWQYWMAFKGNFRPDKGEYRKYIQV
random_21410,PSSGPGWKPL
random_21411,AAWGVWYQMGIYMDP
random_21412,PHGFSGYEFH
random_21413,GAWCLFMSQKCDSTIKSWCSCGGF
random_21414,KALQWMFIKCRTPVVEERDWL
random_21415,DARPDESMSALMPCHCAAKIR
random_21416,ECINTHCQKCWATWAFSSHLE
random_21417,YYRTTDRIQWWDWFKFVYMWD
random_21418,VKEPLEKSDQKECPSCSAPYS
random_21419,KEAYVDSYRSYMSGHEYTMGQ
random_21420,VFLMGPFQHREFMYSEASYDP
random_21421,YLEKLRCRRYDFHSTLVYGWW
random_21422,DAECYFRARDVWFIFFHTIWN
random_21423,GAENRTNMEECFKRQFEQYDT
random_21424,QSRMCQFNYRRVIDPRVQLQH
random_21425,SPPSLVQRNGFGHWWCTCDNI
random_21426,VELTHSYKEMPILVKEWPNHV
random_21427,YWMPINSMNDTVIPDLLNWCT
random_21428,VITQAWASMLENWGDFFCYSL
random_21429,IHGTFMCTLKYMDCPYIWPCQ
random_21430,IDAVMACLYWIVASPEYISQF
random_21431,FNQKGMFCNIRKSDRQTTMKE
random_21432,ECWTSRKHGDENAYTVWEGQL
random_21433,SRGVLSWQKGVFVPPNAKFNP
random_21434,TCREISHRALLYPRGADIMMW
random_21435,MGYSLDNVMVRGSCKRVIDQS
random_21436,HEDVFYMCVTVIFIRCAGDVM
random_21437,TAKDMS
random_21438,RKVNQT
random_21439,NFCQTS
random_21440,VEHQRC
random_21441,GVDKFNEHHPWLTKVFHGCLWHFGWFPGDN
random_21442,DCMTTTMYSQFPKESRQDHMSGFQTAWLYY
random_21443,FKAPWDYPEASSPMCSLQHRVHHPWIAVNE
random_21444,PATAEIDPDIVPYLASLFIRGHPYQREPFP
random_21445,GRKQDTCEPHMVELWARHFYFITQYTRHLI
random_21446,SWFLPCTWAYYGFVQSLMMSQWTHKPEYMC
random_21447,QQMGKKNYDAEEYQMPGHRLVNCDMIFHQR
random_21448,MKYNHSKCNSMCQLMCCEYTYGNYHHDSQC
random_21449,TPFLCVINGEWCVLCHWPFCTIQSNPGDQD
random_21450,VQAPDAHSTKLYLCVQCVSPHFFT
random_21451,QNGDMHATTQVAHQTPLDLTLTPA
random_21452,MDDMNPITQRMIGKMWAKDKWMWH
random_21453,CMPDWKPENWPEWNPQANYVPFFW
random_21454,DTAYLSIMPRVDWERAAN
random_21455,CADNPSNCKPSQQLSTRV
random_21456,MLQTTGQWRGFHCAYKWG
random_21457,CRTNIVNWCLCTAFRTMK
random_21458,VMMCLKVIAMQGTLDVCN
random_21459,GNWGGEHMGTFHDTDVRTQHIVGF
random_21460,GSTRYCFQEIIKSQHYWKPAVITN
random_21461,RSHALHVFVDMNTSNLKP
random_21462,PVLGTTERFHHVGTPLNPQLKRTL
random_21463,SETKYRHHVDPKLVYIQVVEAHII
random_21464,QCSMEIFQMWWCIDMCPVMRVRFS
random_21465,SFAFTAVIGGDYYE
random_21466,QREKIQTQRFHTQS
random_21467,YWTPQEFADHAFFNPSCPELSLFVDP
random_21468,SEPQYLDKHHTL
random_21469,EFEYKSNALHHN
random_21470,EYAQTDFTVPYKMDQCD
random_21471,IAIEFESWSIHDSFIGWLIN
random_21472,NRYFSCSCCRRYHFVILNRVP
random_21473,VVGLNIYMPE
random_21474,LSGFNGQDPCNMFMHRGVTMQ
random_21475,GPRNHTQTHPEAWCWDPKTD
random_21476,HNSFLPM
random_21477,FRALCPQCCGINDMFWQFYA
random_21478,LQAMLHDFHWGAKTEVVMCC
random_21479,SFPDSCQMLWLLWADYEPMY
random_21480,KPMGGTLH
random_21481,GHYNHIYHTEGQDCMWDYNHN
random_21482,QTQLVCVDFMVRARCNLQNK
random_21483,KWPEMPGLQPWTEVNHPMKL
random_21484,PRDPLPTPITTCGVHSFQCK
random_21485,QRIHYTVTCDALDVKYPFKR
random_21486,KEGPFTGPDADRINHIH
random_21487,IWTMLEYQVKFFWTFKCIGR
random_21488,QGEYDQIV
random_21489,CGQSANADPRDYSRPMTHQH
random_21490,RGWFNHWQAEWPVHPNIQVC
random_21491,NAMWMSNIMWCLYHYLPRITV
random_21492,PFWQPWSYVL
random_21493,YAPTMLLEMFMFWWLTIVRY
random_21494,THPWMMPGMARFTDGFVNTL
random_21495,QSWAYNLFLIDMFMEHWGMM
random_21496,MGWHEDNHRSVKAWK
random_21497,RMVSMGREEAIA
random_21498,SEVWLNIVMDCR
random_21499,QPNQEDWYHWDRIPANIMCI
random_21500,KGNLMSSESPDQEHPSTWDWH
random_21501,LPRKVLPEGVPTVSMG
random_21502,IHKTNSEGRWDAIKMFYT
random_21503,DDLQTQEHKYHWCDQWKA
random_21504,IDQERVYPWLFMC
random_21505,RTRWWFQDMALKNALYARWK
random_21506,KSGQCHDMR
random_21507,NRPQNQEGNAM
random_21508,FLWKGHMFGFAMVN
random_21509,LVYCPIIEGSPASTWVNSVW
random_21510,PAAVFNCHLAVPLQW
random_21511,EIMTDHESVETQAPCSGPSL
random_21512,PTNEQAYVMNCHPSSCCNLV
random_21513,WLDLFYETYGCECLQPRKSDS
random_21514,HLQTQFLARVDMYAQLEYLQ
random_21515,HYLEGGTERSFWLLSNSVNN
random_21516,GHVCLNTPPPRHNEAFWFEI
random_21517,WWTWKMWMGSCVFGMVNCQI
random_21518,RQLDIIRFLLVIKCRHCKAA
random_21519,EKHRILTGLYLIVWFYDAAL
random_21520,GFWCLLYMCCYDFYDACCQA
random_21521,NHDMQCCQANRLTRWMYQ
random_21522,FALIWDNYKMLMGCECLVNP
random_21523,ETFDIYEILFLMSYDGSVYL
random_21524,SQWIKVPQNLSCDLMFLSRY
random_21525,PQIFDLKYIYIGLYPASCAQ
random_21526,LRPRIKYHKQIWHTAWHSGT
random_21527,ERYYFVLNHAHRHQQDDSMD
random_21528,NAADSAQWRGHVYASVPYLC
random_21529,YPKQMSDPCQKRYRPAPDSK
random_21530,KYSYHVGANVIHDCDATDRF
random_21531,GDRIHCMYFPAQIYNKWDYS
random_21532,RKALAVAILIQCS
random_21533,LIMMHENDKMFCSDNHARGV
random_21534,SWAEDMLWHAPQAKPVDQNA
random_21535,RISPEMMTIGIDKGYCRCPA
random_21536,LCVIGLDIPK
random_21537,DLLDIPTSLAFHDKKHKFAI
random_21538,KAAITSDGIYNIKMETERMN
random_21539,ADCGRLWATKNYFWWQWVSV
random_21540,IECWVVDGGVNLERKMILGE
random_21541,RYWYAPPTPIEVCYDKETNF
random_21542,CCRAMPDLVI
random_21543,QDQHHSQNFSMCFRIICYID
random_21544,WSFHRHTNYYGMTKWDIEFL
random_21545,NAWWFCFSMPGRIHEQMCGRR
random_21546,HSEPVDSMKEETDADEAKGW
random_21547,ADNNYHPDSSKM
random_21548,IRYPITIIDAIIPWVPMLWQ
random_21549,QRVPIIIVWCNELQ
random_21550,LFSNTKHICARKPNHLRMNM
random_21551,LSEIFKVFQWFYNFHGEMNF
random_21552,TVRQVWLKPFITHYAAGCLA
random_21553,IPLCWVVM
random_21554,KHHCRKHH
random_21555,WENNIQFLAVLQPRRYTGRL
random_21556,DLCFVLGMPATAICVAGGYS
random_21557,QLWKEACFLAFNGCTPHYAD
random_21558,PCCLDLKMCTKRKGQDIYFK
random_21559,IICRWLF
random_21560,WSYNDPRKRLVMEHQVNPNH
random_21561,RAMTVQYPEPWNFCWIFL
random_21562,VCKAHKRGGPMTWVWRNFQP
random_21563,CHAKTYVSHALGKNFRETVM
random_21564,HSNPALRCSFNVYEQCTAAY
random_21565,AFMENVGWIGVTYRWV
random_21566,YDYRQVMWNAWWEQMWATGK
random_21567,AEQEKWYLAIQFNNAH
random_21568,HMFFWHIMFWTPLNNHGINS
random_21569,DCFYTDGYWAGPSPYPAEEE
random_21570,HQFWMSYQGIVMKDRPGERE
random_21571,FTLHDSHAVNKYYFRRRCHC
random_21572,VPGNSERE
random_21573,INYMVYVYLFENHSRKQCPM
random_21574,GQTQVIMHIGFYWFGNQQM
random_21575,GEHFWWHCWINIDWDGLPLI
random_21576,FVLQDQDNHPFCEGGMKF
random_21577,WPHEWRTE
random_21578,RMRGPFQDCDSECVSLCDVR
random_21579,WCEEQDFEMSMRHKLMDQFG
random_21580,TDHKN
random_21581,AVYHYTWMDVHGWGLIKNEG
random_21582,FQKQAALACEYCLFSQ
random_21583,QFIADSRCATPRDLWENKEI
random_21584,PTYPYNWTDMIIGPMVNYRW
random_21585,YLHIFATMQQCGEVTYTLLW
random_21586,PGVATEMNAMKLGHHKRFLI
random_21587,YITCVVISLQYDQVECPCLH
random_21588,CKCRSPNGLIKRGFQRRA
random_21589,QAHYAPDAEWLYTPCQGRVI
random_21590,FWCPYPVHCLIQAFD
random_21591,NVMQWLTDLRPMEGDYCIEA
random_21592,AHRLPEEYFGAERCQRAETC
random_21593,FCHLREWTRMCSYCPHESEQ
random_21594,YWGLNQPFESGSFKAILLMHP
random_21595,PPDHWDMREFAHGSMSWERQ
random_21596,PAIKNQDCINANRRAEEGHR
random_21597,HAARLPAVKHVDNMPCG
random_21598,LDTKIYMKTWFSYKLWALQV
random_21599,LGCKWRPYGPACCGW
random_21600,TKNSTQG
random_21601,PKACAWVGAIMLQNEDSYGA
random_21602,NGMLQVEYYFSLRDVLHYP
random_21603,QPFVCNVKVKGIRMMDFEFH
random_21604,VVFRMRCWHPNCDARMISCR
random_21605,CAPQMREPGDVYQ
random_21606,EPSFMSKHGFNLRWWVLQVT
random_21607,TYSRCMIDWMHYSEVEFFLG
random_21608,YHGELRQKPASQGTQFFA
random_21609,DLPLCYSLMYLKKGLRYAEG
random_21610,WKRLEIIICHCTDPLFAN
random_21611,ALDWAGWFDCANQWCYIQRP
random_21612,WGADKEVPFEWFIPEEKPNK
random_21613,MPGQHKPREIDMHNLYAYLT
random_21614,ASERVMMNEFCGSGDQIFHM
random_21615,QVEGANNEFKVPQ
random_21616,CINAVPWLPSEHYGHVQPC
random_21617,KRDGCGTQNSICNGVEIVKL
random_21618,YECDYCNMKCCMTKIHFIEA
random_21619,YWVLYVQQDPRKNPAFETVD
random_21620,MIFWEHSIDSEWKDNYCVSP
random_21621,WHETQINTWSTRMARASFCH
random_21622,YHYDGIEIGNSDAIQDRFYV
random_21623,HKRNRANEIGCLEIDDHVEN
random_21624,NDMLTPSEELEENCMCDLHF
random_21625,PYSACTEATRPRIAFWWYRY
random_21626,EPMVPHIIWEGKAFKTMNCV
random_21627,FWEGKKMGMMKHKDKQVTRM
random_21628,DHQDLNCVVLWNGFKVWGED
random_21629,NLWMLGVNWLDGPSVDMHLC
random_21630,NLYQDMFTNFIAHADSHFAT
random_21631,DNPFKDPEGRMVRIAQPLMA
random_21632,IQMVHAATPTTYPADAGGYEA
random_21633,NVCEIDTTA
random_21634,MHKICDQDLAKSNVQCRD
random_21635,CQNKNFFNGRDGEFF
random_21636,PCSFPRKEVNVYEGRLSMRS
random_21637,MFIHYLRVVAFYMHERCFPV
random_21638,WMNDH
random_21639,TENVIMVRG
random_21640,VAIRECFHAYKQMLDWQSHQ
random_21641,RSDYNNKMKMWYQRFHGGNY
random_21642,VITPQTMYPNIGDQQHFNHR
random_21643,KSDPGDMCCLWIGWECCASV
random_21644,KWNFTFIFCIYGTRMRIPAA
random_21645,SGNQILRLEAASQDWQRPDF
random_21646,IGWQDRCFM
random_21647,TFTFVEFWWMQYCTCHPWSGH
random_21648,LVQCRANMNKFLERQWFFSD
random_21649,YHRAEDMCEGILCVHKDDWQ
random_21650,FFMYGMQITQELQSLVLYPD
random_21651,ETLYVSYKGYRVYQKS
random_21652,GDCPIVPKHPPFAKRPTCSN
random_21653,RHNLY
random_21654,QSPSKICEMPMNCNATKLFI
random_21655,MCRDYQNHENCVGKMKTYEV
random_21656,DLTMADLPNASFYNAGAGKH
random_21657,MGPNVHMKDGVYRFWQVHKGD
random_21658,SAIAMFLIFSRGSPHDQIPW
random_21659,DVDEWTMGEATDSRAAIKFE
random_21660,FNKMCEGPYWNW
random_21661,DSCFQNESSMMAQIDHWPDT
random_21662,MHWYE
random_21663,PMLEMLHNGFHRTEITERDMS
random_21664,PRQFWWIYQHKVNARQVAGA
random_21665,WWITMYLLSSRMENVAPLME
random_21666,WENRNVHDRLCSQPQTYPFS
random_21667,DLDHHQIHMWKHECITSKRA
random_21668,CRCEIGDFIFHAEWAGVEVM
random_21669,ACQLRVPKEVIMNMQTWWAA
random_21670,EVPWFFTGWQNPDGSDYRAW
random_21671,GGNNYCHPIAHWWAIEWDSCM
random_21672,ATAMIFIWCNNFAGSMPCGM
random_21673,INPQLINSEPKPQIHETQTM
random_21674,GWIKFDAGLPQDTYALKCPWW
random_21675,YSRKMHMYWMRLRARNTGDD
random_21676,CTMGAW
random_21677,MITNNEEIEDYPSVIVFFCD
random_21678,SRNWFMFHRWFHYIDSVCLG
random_21679,LDCFRMVWHTHPDRKWNKYA
random_21680,GYTEYACGDNCFTYSDEEQL
random_21681,EWCMLQYKFADRNFNIAA
random_21682,LCVGCICFV
random_21683,SIDFPTDTRATQYPLCQHVD
random_21684,NICEPVDYINLAGESFFVSV
random_21685,TQTILGYYLTAFWDWYIIWP
random_21686,SIPIFECIVRDEMDFLCIED
random_21687,FRCVDNQQKDANLYIAAIIH
random_21688,YSTYTHWYDIHVRYMSYC
random_21689,PCAPTLKMVSIVGNWRMQWE
random_21690,WKYYCQITEKPFQTGISKYD
random_21691,NLRRKGGPLMQSWQVFTGCI
random_21692,WRGGQDPAGVYSNMRMRKRF
random_21693,ASAQIVKRSLDLYQPST
random_21694,LSVDVILK
random_21695,LWFMVFDRWAIGTMRRTNHVV
random_21696,HIAMLMQQRNYTSTQPHWGQ
random_21697,VMPAKHVDRSMDLKACSYLP
random_21698,WYKVQIKFFTHSTVKDEQCY
random_21699,QSNFLGDHHKAIAMTCKGNP
random_21700,MCNQYTWWSEHLGWCA
random_21701,THWYFKVHMRGEMCLPTDRE
random_21702,WKLTSDNQGDYNSGCCDGYG
random_21703,TSWCPTKTMEVSNYWDPQGT
random_21704,VATMLKDKGTVVLHMSPVHG
random_21705,IKDQSAFYECTACRTNGFYG
random_21706,VDLNNCYNYYFVKHLQDSNSM
random_21707,NARHAGCISCHPNCHSMHEI
random_21708,SEDAPDLWWERCHKMGVCSM
random_21709,MPPGNDLGEDAQFQYNSGIQ
random_21710,NEVWCMLELFMHYSGEALDQ
random_21711,CWKDDIRQMCYCGGC
random_21712,TRDMADCCTFPEMFCANDWY
random_21713,PMNQNLVV
random_21714,QSLKHLTYCGGDNVYWHQCN
random_21715,FSYSDIQKQLFRTPAYEHTD
random_21716,WPVDAKEQHDLGHCCFSMEH
random_21717,VSLVYLSCQWLYWYQTDCMF
random_21718,GQDKGVVLDICIAQWTKLHK
random_21719,CNSKGPRMTSLMKLFSTE
random_21720,WQSDKAVCNFRNGRDQLYAK
random_21721,RFYECARADR
random_21722,YPWGILDPKPVQWRALIHDQ
random_21723,TYYNPFYRYRIHQHDAANH
random_21724,FDDVTLCCVHRHQKSPHFKG
random_21725,IHLQIPMMGTQYHCHQKNVQ
random_21726,IHPTKFEPMVWWGLNEGSHV
random_21727,PNKCWGIQLKRVKPCLMKHM
random_21728,VVVQLLYYPAVIPPVMGLSKV
random_21729,CCVVNYPFDIAYKEDQRAMA
random_21730,IMQALWNWNWQENFSWTPTF
random_21731,EPDTAHPQSHWGLMRIM
random_21732,TNYAPVAFNQITGCFWILTF
random_21733,FWQNFYRVDTEGPWMPRIPRM
random_21734,QITQGSAAEFMTDFHSYQSL
random_21735,ETPICEIGIHCHHWATQAI
random_21736,DCTAVTNSEVIDYMVRWWAA
random_21737,VCRKRDTIDVILWAVLSSWQ
random_21738,QMNWSHFSCNNRPYPISMPD
random_21739,EITQISAYKPFSPRVGQTVK
random_21740,WAYAAHHCKCHVMCDDFSCK
random_21741,WRFGFCYHFGGEGVENTVYR
random_21742,VPNRHYDVEECTPNHICCVH
random_21743,ANFMHDVCVRRFGEVFYHPGK
random_21744,QMYMQHSAMPQRMYCWDIQL
random_21745,VYISAWTNNLKSPFYSWFYV
random_21746,SQCMYDRCNANFDRNYYFNA
random_21747,ALDYLKIGVHSEKLGDTRCW
random_21748,EDFNCDAEGIQIPMPPRAKMQ
random_21749,NVCDSKPWHGRQMGYYIVAY
random_21750,QCRPIGEGPSYVHDMYRKTT
random_21751,EIYRDGFFRRNTHVRCWGDA
random_21752,DWTMQGDIRYWPENLLMWKE
random_21753,KYIVAVYQIHFMMVKKHPFA
random_21754,FMSCADVMGINLCLMADVME
random_21755,TSEMCKSWRHYVHY
random_21756,YVDNRIDNLSSYTKQYMQGA
random_21757,IVKVWEMCDPIQVHPPEESS
random_21758,GTILRHDWNGTYVVDEQVVT
random_21759,MENHLPNCLGKFVKM
random_21760,ITSPAFDGSHHTNISMMLWS
random_21761,ELDDFKGEESEPMQT
random_21762,PQMPNQGTQMDCMEYWWLRC
random_21763,LMNFESMWIEQWAQCSLRYF
random_21764,AATYPYGVEKKIFSR
random_21765,LYTEEKNYHPFVAQRDWDDG
random_21766,PIWCVMGWQCHVTGGIWCWS
random_21767,WWQVDDQCSTIIVGVIGMCF
random_21768,MWHAWCWPRICRGEGQQFPI
random_21769,EWRTWFELKSRARLSHAREY
random_21770,VCYVYYMCEAYILKGMQEMM
random_21771,YNGTSAQRSFPDYTTGRPQQ
random_21772,FAVSNCQTFGMIIKLHGGR
random_21773,WVGPVMNTDNNSMSICVMSK
random_21774,DKPAAHMDFMIMASQIHLPPT
random_21775,FIRSMIGDARAHVNESCWDA
random_21776,VRCIPRPVMAIWKWDRYCLW
random_21777,NVEWMRWEVVSYLFHNETMV
random_21778,CSDRQYAGTYPSAWWWPHFQ
random_21779,LWGFASLGTNDEKGKVSMTWL
random_21780,VCKVLHMHYAQNMFIYIRHH
random_21781,ARGMAERDSHVYHPFMD
random_21782,HFYGCVPDKCEEFYDRCNDH
random_21783,FATGRSWSITQAIYAAHIYC
random_21784,QQKMCPVPIQILCFQRMLCF
random_21785,FCPFFGPAF
random_21786,QEQRHIHRATCNENFFFCVY
random_21787,SSWFHHCYCDVASIHWTMPA
random_21788,YDVVPDSPLLWNGYLIF
random_21789,MSRDHSYKFFYKHTLKAVEQQ
random_21790,CNSFGCPPWEKCVNTEKMPP
random_21791,YCNRQMLAHDCWKPDHTHPNF
random_21792,GYCKQQYHSWMR
random_21793,YEPNACLWR
random_21794,LTDEWNMIPVTKEFIGRLRS
random_21795,HGGWEWIIKVMDFFIHYVVKP
random_21796,HCIAHQGPNQVEGH
random_21797,ATPHGKDVALGKKRLTYSMK
random_21798,WGQHHEEYTHAMFDDHFGSN
random_21799,KFKPTYQGLQYIMQLIVPRHL
random_21800,YCKYC
random_21801,YCLLLNPASWHPLENICSTG
random_21802,CMWYVKFM
random_21803,YKDYDHAHVCWHHDVKTQKV
random_21804,HAFLQYKTNMLHRTHYKQHD
random_21805,PDMKLPNMNSNLMCKIMAAE
random_21806,NCGKCYWVEMNFPHSKNQRV
random_21807,ILYESEDRQEECIGEYY
random_21808,SKDVMVP
random_21809,MRHFGGLKKQKMNLGWPSTE
random_21810,WMSMHSIE
random_21811,GYSAYMSNVQILKPKCMYNF
random_21812,DVGGSMMDAWTSIMDQWYCK
random_21813,RWNEMPAWYFIFLEKDTAT
random_21814,MSSDCIRQD
random_21815,SHRVIIGAQPPMPWEYMLQQ
random_21816,DWKYQPHMFWEGSAWVLWIT
random_21817,RECRVRSDTYSYLGTPFRWG
random_21818,FTGMPYLTDLGGSLWGDPIF
random_21819,DYAEPRDYKWPKENSCHKNFC
random_21820,DSTTSAPPEMGLKTYHMQSG
random_21821,RCIFFNWKNMYRVLTRRFGA
random_21822,PRPIKPLFQGPDKCCMNYVY
random_21823,KTQNISMGMRCQWLLMVCNE
random_21824,RLQKIQIVGPWRITFWATHC
random_21825,WWAHQYCWAWNLYNMQEYSH
random_21826,GGCEYTYLCIMLDDVFTNGL
random_21827,MSRVGDPNHLLGDEDNANYW
random_21828,WRWFPFHIRNSFYGGLFYFE
random_21829,WVLWRQKIEVYINAEFGHMW
random_21830,PGRPRTYSQHWAM
random_21831,LKASNHSTACADKTMFVWKT
random_21832,QWCEFTWDNDNIEPDIYDLE
random_21833,SDGCKGAYHPFRKHCQMEFRV
random_21834,DNPMIGRSTNTGDETL
random_21835,AWNTSQDQYRLMGWWNNCPC
random_21836,ACSNSFATEWCNGKISTDVW
random_21837,VYNCPWRTCDTWW
random_21838,DYKLYTEQHGHLTFSFVVFH
random_21839,AFVLVLNLWIAIRCLFVWRQ
random_21840,WIRPMWIKMDMNEYSSWNIS
random_21841,DWEPHYLDR
random_21842,LCQPGLTHKDCVNNYHIHHQ
random_21843,AKNSQHKNGGRNRWKIMGSA
random_21844,WQEEKNTSHGETNTTECQMNL
random_21845,PLGNDAPQVKAKMMEDTIDYS
random_21846,HMIQTIRHEGLLPPDQLWPD
random_21847,ISYYMLVMQDQYICQFD
random_21848,WIIHAFIEMRSDAIFCMYCR
random_21849,NIAQKNYHPQRLHFKNKMRQ
random_21850,FTHGYSSMFDFHKWCGKEWT
random_21851,HIESMWI
random_21852,THRIEWN
random_21853,ATDFHTGSPTDHWSTDIICK
random_21854,RWHPWCVIYDPCQAELRAWM
random_21855,TFQYVWNELKQWPVQPKLKS
random_21856,EEYHQLCYPNLPLGLHIMNV
random_21857,WGEGSKCYGTPGVTSHEFRQ
random_21858,AWRFPVRIHHIETFPLCAVQ
random_21859,CVGFCWYSMLVEIPRVLAHI
random_21860,CNGFYQPKQR
random_21861,KEYCARVMFDPSSIWHEFSI
random_21862,VKHRYDRQIIQIPCISPHHD
random_21863,FYAMET
random_21864,APVIKPLIPMEPYNI
random_21865,MWNGDPL
random_21866,KWFNLSKLISYKEVCDTFAM
random_21867,GMAVCGEHKM
random_21868,DEKWIE
random_21869,NMHTNDNQQCSRGKNHDNFH
random_21870,IRTREEYADGDNKFPCFTDA
random_21871,HQDKPYFHPCCKWGFVLSHV
random_21872,FLPWLARKWKRGMLVSMGEL
random_21873,QFNVVSNTVIIETGFCSIST
random_21874,RICRPYACANHWINDFMVWK
random_21875,FMPNRVGRWEIGIRDNQCNF
random_21876,HCFSVSNNFEGEYEQAPV
random_21877,MVVNHSLMKTWTNVHVWVSN
random_21878,FICTDAAMQSLIMGPSAREV
random_21879,HESVKTFARYVANYLIMHNR
random_21880,QFQRKPDPPSTQQDV
random_21881,PGKYRHRIYGWSRFHRQYA
random_21882,HTYEKQVFWELEWIVMEHFE
random_21883,DIKFDGPGAKMGCMECQYDE
random_21884,LTQQKEIRPWKVICGVILRM
random_21885,LTNDPHPDFSTWKQQSEQNS
random_21886,LWWTIETCAMCKYVGDCFCA
random_21887,AQLEELIVEFVMNAECCHWK
random_21888,MNMLAAIPKVAFSSQPQVDE
random_21889,VLLTSTATEQEMDLQPDWAS
random_21890,VGFSGELTQMCAMPKCLFPY
random_21891,FLNGASEAMY
random_21892,IIVGVWRNGMSDKVIHAQFPA
random_21893,LWDYEFSMEIKSAFSWGPQM
random_21894,NDITFPAQSHMCPGCRG
random_21895,PAILMAFINQGEIHELPWQR
random_21896,FGTCREKCFAKMLQQTSQPE
random_21897,MPCKTLAVVRHQGRQDG
random_21898,TVQDQIEQRADIAMEEFLAR
random_21899,LLDKDMCMGAFSMH
random_21900,HPMINYCQIPSYDYQVVVGQ
random_21901,KVECLGTRDWMNIQSNFEAF
random_21902,KIRFSCHWPEGAMNSSIPDT
random_21903,HDYLKWVMTNAIFTDSKQKN
random_21904,MIPLTETQSIDFLWSYSYGY
random_21905,ERYAGPWLCGKAEVKQYGNDS
random_21906,IWKTAMAMQRAPAQHPVMST
random_21907,PPRQEFGRIDMQYHERYDQW
random_21908,TCIWCEWIGITNSHVIALLC
random_21909,SMEYQKFAFNDMSWHWEILR
random_21910,QKCKSESEFILHMFWFLMWN
random_21911,FYVCATLAWGDCDMS
random_21912,TYGWHWQRTRNLR
random_21913,EFDKGVARYSAAELTRVTAD
random_21914,HDSSWHHVPAKDEWSMIGEHD
random_21915,HFGMITVT
random_21916,RIMKRLKGAHWVIKRRHQTM
random_21917,PFFGMFLPQTFPSWSN
random_21918,MFQEGWVEQYGASQKLKNII
random_21919,SIQTQAVQWDAGMAQDPPNR
random_21920,IWMIWVLMDEHNFYMLMWIN
random_21921,RMADNNHQTFVLDKSPYRLI
random_21922,VVCLYIMCYYWRGSPQWHRG
random_21923,IDVPWCKSHYQRNSIKLYPH
random_21924,LLVAENNG
random_21925,VNYPSAFIDQDADRFGDPQH
random_21926,SATVPQCRSLGL
random_21927,RFRACINQMWYPWPHLTKAK
random_21928,LWAHIMSRAQSCMSAKHYRP
random_21929,LPDKP
random_21930,IGVERVTVHSMWQYNLIRQR
random_21931,AMPTVYYMVTSRWWVCLHLQ
random_21932,NSHSIDGCVGFINFENMNM
random_21933,KSHKMHIIDATELLVHDFQD
random_21934,ENNDKMECDNIMYHHPDFRA
random_21935,VMAIEAASMENAYLHWSRYG
random_21936,TVLSRTWTCQDSNCFTRWKW
random_21937,PMNFCVCVCRMFAGFPYTTA
random_21938,VNDFYYTMRACRQMQFMPLE
random_21939,WYWGHGRIPPWVSMRAMHPD
random_21940,ISSKKLCEHPSDSF
random_21941,WFMTMYQTRCMKWLMFLWMK
random_21942,YKEIRPNLDTHPHGLCKITMM
random_21943,RMCTCHFRWLMSYITNRSKP
random_21944,SDYLFAHHNNMDVQCPPRLM
random_21945,GINQIGGYAKFRMGGAVAGP
random_21946,MRCKIQGNCGTCCLKVNHQR
random_21947,PNYPKSLNGSKAMYIYYVIS
random_21948,MPHNPLDMEAWDEYWNWRAI
random_21949,MRNQVHRILFM
random_21950,HANFITLTVEQVYSPQTLWP
random_21951,VRSESYMRESVTDYCVDCAS
random_21952,YCGQAGKEYFCATNDAADRN
random_21953,NTWQWKKLNVPMRG
random_21954,LAVLAKPQLEQCQFCINQLH
random_21955,THHWRWLQMPNYYYKNDNHP
random_21956,PTLMMFPHQKLSSRNVPCDS
random_21957,PAMWAQTWIDHCSIFCRSDI
random_21958,TVYFHVLEKQQWQCSVWWIN
random_21959,IDCPQMSYDPYWFDKKR
random_21960,LFDTQVRHPFSISWLRWART
random_21961,KEDLKVKGKCALSHCMNDET
random_21962,TISSGEEEQKFWNWETFDTPV
random_21963,ILKECWICKHEMAWGSLHDT
random_21964,RGAEDSFGLQGRDDCTDNFC
random_21965,VATKQCRFKSAYSFFKCYFN
random_21966,FPFNSHRQAVKQIVDSVGAG
random_21967,SWPWWVVSLFLEAW
random_21968,HARLDEFLRGHADAAYIRYI
random_21969,SEFKRIEALYCEDKKAYKWS
random_21970,VFLYSEDSMTWHVRMSQW
random_21971,RECICL
random_21972,RMHSSSFFTRVTAYQFDHAT
random_21973,HLNCQWGCVQPYCTANNFNI
random_21974,TLDHPPDDQRLCVGH
random_21975,KWPMRKFLINAHAPTCVTIL
random_21976,MAWAMIFMENHYVAHIPE
random_21977,RCMSSFTKLWLIWISRQMTS
random_21978,EDLAGHVRISIVIMPRWKFI
random_21979,MAVFISFT
random_21980,EQKDAIVGVIMPPWGKQSWY
random_21981,GRQSNAWVGCGGKFIDPLNQ
random_21982,IKFNTGLKHDSHLASGQFFW
random_21983,MQQFG
random_21984,SGRYKWEAHPDMTQHERFPH
random_21985,PVVQVQSLDIFHKHLYLDKW
random_21986,KTDYTTRADHPTPPFA
random_21987,PSKAVNFYQDFNFKFVYNRE
random_21988,LYNAWNDNSYWAVVGLESRM
random_21989,GNVRSAHLRIYGKLSVET
random_21990,RQRCTEDGQSLNDKVRWKHQ
random_21991,YLTGRLDIEEGCSTHSPRPP
random_21992,YIYITWEDIFYH
random_21993,DEIIKEPLGYRDSCTTKVYF
random_21994,GYSCARHECQITTMCLGAIF
random_21995,WTMYTKWPHQAFWATLTTMR
random_21996,TMKWQWWVQAVCEINKSHAD
random_21997,VMEEHCRSCTWIFMKYCYGI
random_21998,QHATQCMHDRNWTHYSTRDT
random_21999,FQTKATTG
random_22000,DMRDPLSLWLRRATRSNHWL
random_22001,QDREVVWHFGFLFDFMIMEQ
random_22002,IIVQG
random_22003,NCHWFQMYQWMDSDHIAFFN
random_22004,CANLWICGGQGAWTWFFEPV
random_22005,GMPGPCRYTMDWEFRNTMRA
random_22006,RILEMSDVRNEYLVKWHWIY
random_22007,SNVDWERSHLRPECIGKAWN
random_22008,GIILWEGWGAPMHAWNYGAL
random_22009,SERCWLQ
random_22010,ARFQYNDGWHHAAAAMKMMP
random_22011,YWQCYTLQR
random_22012,WSCGTNYRRYRKEFGAHHCN
random_22013,NQDRPDRFVHIKLQFVHASL
random_22014,IYDTSVRHFDLKESKMGKHHK
random_22015,PPAPFNFPNPFPSMR
random_22016,PKQWQHMFCSAQCDQTQECY
random_22017,TQISKETFNILEMEKSLGNI
random_22018,ETMQFHTYRHTANYYHWWQA
random_22019,NSHSCYGSMQIFINPAQGPH
random_22020,IVKAMEQWNWGHAESMFTWKM
random_22021,PLVQYRCISDEIVHGLHARN
random_22022,DRAAKCPTRVINHWYKNLRE
random_22023,TLVWSLSVTHKWVRSHYNNI
random_22024,YPPADVCNLCNVAQVLLEPC
random_22025,DMNAYSTPRFIAVAAAPSEIF
random_22026,LSYKWFWAEKDKICKFHCQK
random_22027,TEFMEEFSYPCRCMKTLHAT
random_22028,PQNVYIWMCMNFPPALQLGN
random_22029,VDQQHQASQQASQELASTRI
random_22030,LTYVCFNAELWHAWF
random_22031,QSTFWSHEIEDAKWRW
random_22032,LNIHHRAHQYLVWYPMAKHL
random_22033,NSGGMWKMEDRFAPTGFPTD
random_22034,MWRVFMQMANHNWRYLECEG
random_22035,FCWVFQAEVFHRNMLYKYLD
random_22036,WMEHRR
random_22037,NTNVLWWPNFCNTWMMTTKKH
random_22038,EHDIGESMRLIEFHERNCGLR
random_22039,CMIDEKNT
random_22040,ADKDMQLRMYMTRQMHWETA
random_22041,HVKWWKGHI
random_22042,AKAPYTFRNNITQ
random_22043,EYPAIIYWLLIMTHVQMHFH
random_22044,QQPCETTQCRSVEEPLHLYCP
random_22045,VEGSHIKDCMPGWTVFAVMC
random_22046,IPPGVKQNHRHCEMMDT
random_22047,AFQPDDGKYAIEEHTLKQAW
random_22048,DYLKEARKMSCTHMKRSLCL
random_22049,YQVLIKYYDRASFYQWPFYQ
random_22050,WDWHAMWPYAMRCLWPTSTN
random_22051,CRTCIWSKTVVFHLMPGPDA
random_22052,IDWKGDTCQRLYAIFTEYKC
random_22053,ERTCHTLDLLWFVYSDHNCC
random_22054,MYDDHWIPKDEPM
random_22055,HIVVFMDRNVHCSYGYALQDN
random_22056,DFKIQHINANFCQIVSDCCK
random_22057,NLLWNTQNEYDQEMWAMSAE
random_22058,HFAYDTHLFHFETSHEFERL
random_22059,EPSEFHTEWK
random_22060,SKYMCQEQICQSAPCLPMFR
random_22061,KNMDWNQNWCGCKETV
random_22062,YPMECWCFALCAYQQAYPKV
random_22063,RSIDINWDVHTPTTVMPHVM
random_22064,YWGDRNLNHPCMCSYKYKWTN
random_22065,CYDPTLLQTDTWQELRWRYS
random_22066,MPPEDKLRRKDEQLQAKCGH
random_22067,KENHCGISRMVTAYFDCKMN
random_22068,LNTHPEHKVVKANENTKCDV
random_22069,FNRFVQWQQCQAHRPTRDLR
random_22070,ACEIKHCFWTDGIWPSLGQL
random_22071,WMHKRGHSHCAFYARHM
random_22072,APCYEACNWIWVFYTPGLFR
random_22073,MHKPMGEMMRSDWKHVQNSK
random_22074,SSPTINYWDQGQYDHDIRFP
random_22075,CTICLYKHVFDIFPCNCVWA
random_22076,MVPGRWGRNETYVAYYVESE
random_22077,VCCETKVYDISTYNQTDFIR
random_22078,AFHGKMKHTGAS
random_22079,AYRRICDPQAHGKGDDMTCM
random_22080,MPLEISEWQPHQMIL
random_22081,SFLWENHECIGAVEQYCWNV
random_22082,YCYRQQSQLTWDAAFPMRCH
random_22083,DDQIHNLSAMNRQYVTPTTHW
random_22084,MCPMDDFLFPRYMSISRRYN
random_22085,SGSAQVAKHDKVMIPSRVHE
random_22086,DYLQFPEPLFTKRGDIHM
random_22087,EWHHYETYDVPISWHPFNPF
random_22088,NTSGPISML
random_22089,ITNHEWNRNYPRVRWAKQFI
random_22090,VPAYWTRWGRQRKVYQIEAG
random_22091,RWIWQWGWVMTMRIYKEPKAF
random_22092,SCEGHSTLMVEMLAPFWAYY
random_22093,RAAMRVDWGTQIMYRQRCHC
random_22094,GWRDSDHGYSK
random_22095,NFHIRIVKKFPIHSRRMNEWT
random_22096,EIKCKAIFTSEAQCMCTGRD
random_22097,MMGPHDQPNKMIRVYVHFTR
random_22098,PARTHCYKSRHWVEFIMMES
random_22099,ADGTCIYYYECNQSC
random_22100,WEQHNHY
random_22101,KTLTWVVIVAPTMSCWQVTMW
random_22102,FEHMRMGTYKYACNEQFSRA
random_22103,YQWAANHSPKGNLVNHS
random_22104,SDCWRTEYAVAKTPEQRKCF
random_22105,GHYSRTYPDFTTPGCSLAEA
random_22106,WYLKEPAVETICHAVTGQAS
random_22107,VFKLWPACCGVELGWYNPGI
random_22108,NMAKDIWAMDRKLGGKRLNPC
random_22109,KIQHQGFLPLTTTHYCICVP
random_22110,NVSHGITDTHVVTSMHSEHCH
random_22111,NPHTVKFTNRPRARLDMVKV
random_22112,LEHFYVFNMHEYNEDIYWRL
random_22113,RMACEHHCQDWNDCKPCRSF
random_22114,LEWGIYVQNIPKMYILDVLE
random_22115,TWPGVCKDNTTQNLMEHYHW
random_22116,FMIAANIIDLITVWHGGQNA
random_22117,RQMFASRQYRQTHHAEMTVP
random_22118,AEKKVKAHCVIPWTEGSTLQ
random_22119,IFYHWQVLDQHDDQCHPYLT
random_22120,VTTYCQALIEGPWERIKVRT
random_22121,MMPFIIDERQVMDSHCHAFM
random_22122,QTGCAQSPEPQESSYAQTSI
random_22123,WWACVCEVVEHAYQRYRRDD
random_22124,INHGQYLPMHIQWQYRANQC
random_22125,MKSPATNDHAKCCKIERCPW
random_22126,PVESKINYRYFMTCGRSTNYC
random_22127,LQYNQIGAWLNDIKCCAHYHE
random_22128,PNRRKKSLFEMMAACMMKYM
random_22129,AMIFKRNCVKLEYKCTPEWVQ
random_22130,CGITWMMIIESVKVADVTTT
random_22131,QFVLKTWDVQRRYEYASQ
random_22132,GPISHQYYNYLPYDMYDSYF
random_22133,ITRVINWFFRIAKMQ
random_22134,RFAHEFEKDPFVHPYVHNVM
random_22135,PAGYFKYVISMVHVQHVDKP
random_22136,SYWWHVDFTNHLWWKDTLQA
random_22137,WRTRLGGMKVSWNWYQDESS
random_22138,EAIFHKQTELIHQMITW
random_22139,NNNQWENTDDPRGTHTGHGT
random_22140,VANFWNPCCAWHHHGQNNVT
random_22141,QIHTQGYCADCDNVKPYCWK
random_22142,CFFKGNCMPLGYIYWKRTCM
random_22143,EDLNPLAIICPA
random_22144,CKIWNHFNISNLRMLAYAIY
random_22145,CITFDARMTWAEAYVDSQRK
random_22146,QLIQSMSCDRIQMRCSAKHY
random_22147,HELYWPTMRLWVYEAFIMDG
random_22148,LWEALCHLSETTKEHNFKVQ
random_22149,LCKWQKVLI
random_22150,LPQRRHGQPFNWW
random_22151,IDAGRFNFFETAIHRYGLQAW
random_22152,RSFIKNWEIHMWCWHICQVT
random_22153,VMVIEQNEMYWPRTAIWQGV
random_22154,PFFCR
random_22155,GGFPAQGTASRMWI
random_22156,KKQWFCPCGTAETRWNKCDF
random_22157,INRNKSGYPLMTWTSMPNYM
random_22158,YAKDHH
random_22159,VNQTEYPGDIIFGKG
random_22160,FAMTGIQTWQMKEGQDRWSG
random_22161,WRYKCTGGSNLKNEDPINLI
random_22162,TDEYWHVAIELIFLLTMSTL
random_22163,QWWHRWSSAFLSANWEYERL
random_22164,TIDEDPTDPPT
random_22165,SGYECRNICDCMEKLCFQAM
random_22166,VDVWYFAQSCFSCANRTWIR
random_22167,WRKGVKGTEKKMGNMISVFW
random_22168,TFRWHNFFNMQHSLHSECRC
random_22169,MEPVMMCLDIVCRKQFTYVMM
random_22170,QSWFSKPHMRLVFRMKWLSN
random_22171,CESMKSGLGHNCKLRNIMIHH
random_22172,FTCSGMQHREWQWSKGYWDE
random_22173,VEFDSQFWEDWNADWWGYQK
random_22174,NQEDLYRQINHRLSLYEMRNT
random_22175,FPMCQVCVNLIFARCQMFIW
random_22176,QLHPGFEVDQQKRFD
random_22177,DAQNEEWTKKSPKRPKFFMD
random_22178,PYPNWLAIINPQAMDLHSPQ
random_22179,GDHYWGGGPSDSPVGTMSDG
random_22180,REKGYPGWYGRHRQMYS
random_22181,GHPEASNTYQHNYMYLFRMR
random_22182,IWMSRAMMGIKSMNRNCSMK
random_22183,TNFGEIIC
random_22184,RSQWSEPMSRDYESKWGHES
random_22185,KRDYASSCFEKDQMHVLVAE
random_22186,LWERMGPTPSMHWAIIHLKPF
random_22187,QEINPRPPTMMWMFDTCMIP
random_22188,LLTFIRNICHRPSMCSYKHE
random_22189,EYMYIMYRYQYVM
random_22190,VITSKQERPTGAIESTRCWY
random_22191,CVFKQKLWSSSPCYSQVEQQ
random_22192,YMQENSTCVDYTIACPCQAE
random_22193,FPCGCGACFKPWIDAQRF
random_22194,YLKWMDFMVHFKFLWDEVCA
random_22195,FQATYQVWDYETMIWEQPGC
random_22196,EERICYWPCVNVHRKQRTGL
random_22197,VWVHPQLY
random_22198,SWSNREAQQVSIYSEQIDTC
random_22199,AHNFRTIQNLKRTERTYFHI
random_22200,DALLDYHENWCENTFQFKGIR
random_22201,NYRGFKTCFHFKWIPAMPCKQ
random_22202,KPWENWSNAHVIDFRGHYSC
random_22203,NTQMNCRQMVRFAARMR
random_22204,NMRCYDCEPGIGYSPFTMPP
random_22205,YWNGVGRALHGDGATRKRT
random_22206,KCFMWSLPVSGPRESNA
random_22207,SWELITMSQEHFSFACVNSW
random_22208,HADHFRANVCVYTCTHMIWH
random_22209,MAGSQ
random_22210,LKRDLHCTYENFRYINFTFP
random_22211,RYPMSDPYYHSFDVGLCPHM
random_22212,ELLDNWIADQDVYKDYDDIQ
random_22213,ARFEFMYQTVINCIDTVQQT
random_22214,YEWVWHRPDYKACFRTIWHL
random_22215,LMQMQKHSSLLRHQEDEIRR
random_22216,HFLWMYLGGDPLGYNPPFID
random_22217,VYQFSGLHQYHTMKKGSTME
random_22218,NMLQMVPMMKWVLQCFAWCR
random_22219,KDQCGTHMEEVMWLCRHGIR
random_22220,VCHPNVSPYITDLTLYHGKG
random_22221,RCHYWQEPADPVQKEIIWID
random_22222,VWITNCGRNQYRTHNTVR
random_22223,GPKEVEQEASPGLPTHAY
random_22224,WVWGPKWVRIRKAMIRIMMDD
random_22225,WQWDWLYVYNPSYCAQRTA
random_22226,VVLFKREHHKMWFECIPEESM
random_22227,QAGHGQDEMDVIEINPDTHF
random_22228,YFPCYFPEDSDKCNCQPDQS
random_22229,HMRKRECLAVVMLEEFGQYP
random_22230,TWNAWWINPQFNSMNGQGLH
random_22231,LRRRRFTNDQMQLEWFDAVVF
random_22232,KTGDSAFLIYKINWNSNVMV
random_22233,TTNRLKHNSPCVTHLCDTQSH
random_22234,TSERCYCMGGCRWSAIDGWM
random_22235,KHYIHHCRMVREIHRDTKRY
random_22236,YEVKE
random_22237,HVNVMTIFGRKPFGCEGHEV
random_22238,CECEVQLTDDMLKSMLEVRL
random_22239,REEGLRWWQLWNWTPNMNES
random_22240,VNAHLPVMGRTPGFGDTYLL
random_22241,HAPVYSFHIIPGQVRMPGLD
random_22242,DTRPFQGWARCMICYFHEDY
random_22243,YYPKRDFTFEKHKVPYGPMM
random_22244,SWPTMVSCFQVHRLTPGYS
random_22245,LWGHSTPIVSRSQMCGWFTP
random_22246,VWRAMELGHMMSMQPNELGRC
random_22247,WVTPNGRCQHNSHVSRCMLE
random_22248,TDHRLRYRHQLWPDVRKMFF
random_22249,FCSSMHQHQSAAILWIPYPM
random_22250,FYCRHMRQHITEVHVPWHTPN
random_22251,TMMPTRYAYLMETREYFTIK
random_22252,MIIWKAHMQMSGLFTG
random_22253,TSIAVHDMETRQFAYMSR
random_22254,WPQKGFAWAHGMRLSSGYSC
random_22255,EVGHSRTTQMAVCQVRQTQF
random_22256,GTKWWFGWHNRRFEAQS
random_22257,HKANHHMDKP
random_22258,CGDCHFKPMLALLHIYCIAQ
random_22259,MNVLDWKCYDRVNTSWITSC
random_22260,PETWQSWCTDWWPVDKNGTS
random_22261,IDMYDYMQDKQCAMEFHYKP
random_22262,NEQQRYDLF
random_22263,FFRWFQNKWYDYHKYSPEGE
random_22264,EPDKDSASNHAG
random_22265,LMSFYDYCTQPYRSEYARFN
random_22266,RCEAIWKDPLYGSWMCMSVV
random_22267,ASMRIVYLAHDD
random_22268,GCQGDAFCYPSLVDIIIIMMF
random_22269,KQYHHYGGQQDTHRKIRVFAQ
random_22270,CWLSDVWSTLTPVVSCWYMA
random_22271,RFWCVSAAGKQTQYGPQPHK
random_22272,DDFIQNIEDIRNFDVRYLDV
random_22273,LYDADDCYPNIAAQTRWMGC
random_22274,TIFEQGWIGEKLFHNFHETF
random_22275,SNIFTDGDKHDPFAYDDNKTV
random_22276,ATRCHRKQVKHIGAEAH
random_22277,KSIKDCGNFVVFEKAYIYHN
random_22278,DRHKYFWQINLISKWSSRWT
random_22279,FSYGFHVESVDKFKDNAFTK
random_22280,WPGMATFWVDQMTVV
random_22281,CTVYCSVMIEEKYYKWEWIG
random_22282,GWNNKLPTTTVPYLCFEQIC
random_22283,EWHTNYFTDSKGDFKKQWMK
random_22284,FYIMKGNCVFHWQADRAELP
random_22285,RTWDRSNNAEYKNACVAEER
random_22286,RPCFYRFIFQNMASLEYYECC
random_22287,QEGWMGGLIVKMDQIEGYQK
random_22288,HQYAKTLMVMLGGACWSRTFG
random_22289,VMCRHGSRPRNHNFYAGF
random_22290,ISRCFHQKFWKCYHAVKHEK
random_22291,KVGLYDNLNDLEDQRECM
random_22292,VPMARKHQLKWSIFEWSSSY
random_22293,YCEVQDSSWISPNNRHRLQV
random_22294,SGANSYHSHN
random_22295,LKLEKHQAKHARLSCDVTSG
random_22296,WENTNGSGYSGMTHLKECVRV
random_22297,CPHWHGETVTKSTPFPPCAI
random_22298,PKYGQDYRTWMCHWTQCLEM
random_22299,ANDFVVPFCHLSTMTTNNFR
random_22300,ANPDMASYECGMEW
random_22301,NPIGMYGMFLYICESSCFW
random_22302,VMYYRCMIR
random_22303,LTHWWWFFTDWIKMDIYMKL
random_22304,THWVWKDNRINYICWARPIK
random_22305,VQWQIQKIQIWCDEQYARGQ
random_22306,TEFRPTDKDKVWMPQNWHYT
random_22307,NGASKMDSSKHFCELDMTRQ
random_22308,EINDCQSSVFQCDVS
random_22309,KWICNHIPIN
random_22310,GITMYLGLKGGNFCIIPVRG
random_22311,SLVRRPYPITEAYAQYANKL
random_22312,MPEVATGWHQYMHGAMHYLSM
random_22313,CLHVCRDPASLWFAALMEYG
random_22314,PNKKTNGFNHSWERHFNEQI
random_22315,NQTAPIQSTWSHFPSRRDIL
random_22316,FGFLVEPYTWMYMAA
random_22317,ETWAFASGEDAKSMRHIFIA
random_22318,RQGFLYMCEIGFRYTCRRTR
random_22319,EINNNVGWSADCPKENWCNWA
random_22320,ADQIATFKPQYYEVYWNQLP
random_22321,AVQLINCERKQMTRAANYLE
random_22322,QFEAEQNVINL
random_22323,MTMMIIHTLQWGAVCCRHHT
random_22324,NQFVYCIVNWCNEPFWDILR
random_22325,NQPCKFAFCDREFVCYLTDS
random_22326,ILSFPRPHTHETHFTPDPRM
random_22327,DYMKPFDTHGQWWRARVGGC
random_22328,DHERMMSAHQIIQYANMFVW
random_22329,CAFWAPIGD
random_22330,HFCKLWMKACIEIWGVIYQL
random_22331,HEGNHLDGEISKHCSIWFDR
random_22332,LYHYYQPQKTVGPEWMQQAQ
random_22333,DTWRDGLCFHTNMRVEKSWCQ
random_22334,VMGFQKHAWVSNVEMMDWYV
random_22335,KQQLDGAMSDASVPWRFVMQ
random_22336,WSAKRNYAAIRKPGYVDQPH
random_22337,LPHCREAANPMIKFQTQVYF
random_22338,WHTWRMALI
random_22339,FWGAQAKRPQGFHEKCHTNK
random_22340,SHRRSLDCVSQGYWTDWMMN
random_22341,GTHKHGKNEVLGYVWDFSQQQ
random_22342,KHYPKVALQTFPIAWGANCW
random_22343,TASRWADLQHIYVWNMGEFR
random_22344,MHLWIDGLLGRCCYLWFGRT
random_22345,HCKQRKKRYQHYNEHVRQSIE
random_22346,HFMRVSFYRFMNMQ
random_22347,LIFALETQP
random_22348,FGLRGWSGYHHTTPVPLTWE
random_22349,PMTSFGTMTVNHEFMRSCLC
random_22350,YGVCSKPWANSPIIESNNAC
random_22351,CAEYIAHSDERVHSPVYYED
random_22352,YDYCSWSGVPFGEFCWYDGK
random_22353,SISPLQVKTCPTQTRTWITE
random_22354,NAYGMDGAPWWILIEADKTP
random_22355,HWGQQQSDIRRFKTMILYAL
random_22356,CFLFVDYMIGSKFMGHYWRN
random_22357,IWWITLFPPCEWCWIAIKLV
random_22358,ADQPGYVTVYVKTRASNEAC
random_22359,KVYAIYSCVATPSRHFWGCR
random_22360,IMTYRHKCWGQNRPMYKPVQ
random_22361,EFHMIKRHACWYMDFLVYNE
random_22362,QIKMVQAAQDCWDYDDHHEFW
random_22363,WHPDFQEKTEEVGWVRNQA
random_22364,VHACGAQHGPWCDMFCRHFHS
random_22365,FIIMMMHFMWKDEICMYHRI
random_22366,VHQCCTEVPIR
random_22367,SCCEVEQEYVMV
random_22368,FALNFRKIAQMASVAYENWT
random_22369,WFKGDW
random_22370,NRYKQLIIVADPHEWMYIWA
random_22371,DTHIHLVCTCVTMQWQW
random_22372,DYLPINGLAMTHCKGTFAGY
random_22373,TVPMYEDRMMPGGHQWACIP
random_22374,IWTGLWNGCGLCPSHMANQW
random_22375,WTMGQYDFKYCSDPKGVATI
random_22376,AMMQHSFWTWVLACGQKVEF
random_22377,DVDEGHFSPNLNYREEFDF
random_22378,QRMLCRYPDPKSAEMGSRMAY
random_22379,APMNQCWNYVDWHRPLKVHD
random_22380,KHGLRAVVAAFWQTDCFCMY
random_22381,VMKYTGVGFDYMMYYIPQQPG
random_22382,IYHPWSSPMWPRQMKEEEQG
random_22383,TTFRIEQCCTYDANKCTTIT
random_22384,QKYCCCVRPQQTTRMYI
random_22385,TFHESSCTRQNLHIWC
random_22386,LAPNCRIIMSCKTGKYSTDW
random_22387,GGFPVKPHHLGWLAALAGEE
random_22388,MPRMFWHNWAVTKPADGWCV
random_22389,TWGGYEETPKGVYYERHG
random_22390,NDQKIARPCPSFKKWCNHRS
random_22391,NYLLVYYITAKCIMVEKIVQ
random_22392,WNTMIMYMKWFNLAMELRYN
random_22393,HKMNKPENAMRFPLHCNAYL
random_22394,EATTGERRVMMFNVMSYPTVN
random_22395,IKRGYTFVVHNWS
random_22396,KVLTMWIEVFTHCAHTKLSN
random_22397,KHKAMENKVANDRATYPDPR
random_22398,YHTWSDMFFRWPHHYSTQQL
random_22399,DHQHRAMWWTDRWLRDHYFP
random_22400,QMSSIIEFVCNLARDHPAGM
random_22401,RGTAPQDCGFDMTRGDLSCWS
random_22402,MPWPMALTSIIRRHFHS
random_22403,WHGHGKYSRKIESRTEGSAP
random_22404,PHMITTCKFYEVFKSEVTN
random_22405,GYYNCPRIEDSRSRSSCGNY
random_22406,LVHLFPVCMLMVLRWLITPC
random_22407,RCFCKNPEWMEL
random_22408,IQYHNLGYLYM
random_22409,SHDHDEKGPMTRRWPR
random_22410,NTHAYSNKPYLPTQGYLFFM
random_22411,FLSNIFLTQRQRCDGYWWSN
random_22412,PVHEKTTEDQQTIPNIMDHH
random_22413,ICGPFVDFKPYDMVFLTDSG
random_22414,VELWHQYPHIQSKEHRGWKK
random_22415,CTSIYHGCARTQKWDYC
random_22416,FEKHIATQFEYIINRMAMFC
random_22417,MLFEKKCLSWPPVKWN
random_22418,DPAFTPPTGFCGYTHGIIFQ
random_22419,EFYGYRY
random_22420,TFWVNPRVRSVDYHIYFAYD
random_22421,VTKQTFNDWSASEEWLIPRE
random_22422,MPQVVIAWLWILNSQEDLDR
random_22423,DITYRYYIWKS
random_22424,WIHCEKCIHELEAGF
random_22425,MHMDRYFKTLVWNFTSSIGG
random_22426,EGNQVVGDEYGTMGWYSKYRR
random_22427,GMLVKIYPKPVQPGTINSEG
random_22428,YDKCFSNFDKRGKIHTMHWI
random_22429,INNCHWEVWEIRQRTHHFQA
random_22430,SGNYHINVGMDALNTSLPKL
random_22431,ASEMWSYMGVIVSIHEPHRG
random_22432,TRYCHWVSMENPEDWEQPSK
random_22433,IDMGLIKRTITAAFTWYDQW
random_22434,ACGCHATWWVLVVNDLSFAM
random_22435,PQFVHNYKFHCQDIMST
random_22436,FWISQQHEMAMGKHKGYWVR
random_22437,QIDAFPEQDNESERRWQMCK
random_22438,KYISFIYYHHLPGTLRNVDN
random_22439,QEVPPAVPQVCSG
random_22440,QYKSHVWHEIWIHQTNMTGS
random_22441,MKLRHCEFQTMLAYQNNSGCC
random_22442,LCCPTMWHENIFMCYRGFTH
random_22443,WAWEVEDMTFSSMKLNVMII
random_22444,PDFTELQFVKGGLRNTYDKG
random_22445,QTLHELEYLWFPRPTAVCYY
random_22446,GKPPPQMKNNHSYNQGPHVF
random_22447,DNQFFRWRCMQGKVHWWCHK
random_22448,LGDHVLTVGFHR
random_22449,REAHGMNHNEPYWVYLIPDM
random_22450,FLYHDKYYIRIHSGQCKVHL
random_22451,GCIVITVKIAVPIEGHELIS
random_22452,MFYIKVYAHYQHECENVADY
random_22453,THDECLCLVPLDMY
random_22454,SHDAYKCWPQSYDFIAYSES
random_22455,WLISCPRFTDTPFGKRMESH
random_22456,FRLDWSAYDCPHPSVQHTSR
random_22457,EDISMMQMDCDMPHTVTLAD
random_22458,WQGEIFRSMLD
random_22459,EKQFNPAPANGSQAEHIFEF
random_22460,QTPKVPRPQWHMARSPPVYSV
random_22461,NVHAKMNMQTFRESCKYSPT
random_22462,SHAMYEMHYEPVGIGCYQAQ
random_22463,LSNYGCAMTSLSANFCFIDQ
random_22464,HFRVFEWWWSRGMTSNHHFC
random_22465,CGRGITQQMGGFQVVDTKDG
random_22466,FSHEEEGGCHPLKDFKLHHK
random_22467,HMQECATAVISANMSIFVVE
random_22468,QIAERRGARNAMIFNREPCAL
random_22469,DTPLLLSRQVTIIFCFIEEQ
random_22470,GTEMKIVEWKFAGSRSWPDVV
random_22471,HMSMKPHTCGKERQMYPSKI
random_22472,QWPNYYWLGRHMKWHDEDIW
random_22473,FKCWYNVCAHPQICWGEWK
random_22474,NIWYNRWEGEDTYEPSSQAL
random_22475,MNFSVSDFHLYSPTETFLAS
random_22476,SFFDECTALQDMGDSDHMPN
random_22477,EGEYKVTKLPCGKNIWQHDD
random_22478,HFTQLDGLCRMRTHTRAQKM
random_22479,DQFSATFWPVPWFVWMMHVQ
random_22480,CSSTEQHALVRHWFQTGFYT
random_22481,AHMAFPAMRRKAVS
random_22482,WFFPVYFNFDYWFWQAACCCY
random_22483,REHQQGSGVMDYFPFCTKQI
random_22484,NASINYFVTSDIFEHWNGLK
random_22485,HSDPPRAFTACYPKYQEPNHH
random_22486,EWAFVVQ
random_22487,LFIGHDIDIPWCPAQYVRLT
random_22488,PIYIFYVMKNDEYWMDQIRC
random_22489,VYREIRDNHFGFCPYRAIHE
random_22490,LRWQQAKTSDPACEQIRWNA
random_22491,WFLTAMHIHVWVFQTPKTYM
random_22492,GRPNMYFMYKHFLNGHFPYE
random_22493,NGGNVGKDSVALMQIVSEK
random_22494,PKQIPAEMHNLTAWEASNTQ
random_22495,QICILVFDVHSEYGFEVASE
random_22496,YWHAQNSCWEERGMA
random_22497,TPDNEPCNWDRTQGQYMFTP
random_22498,CKAGPNRKLIPWCCL
random_22499,ESSSWKCMMRFVTVV
random_22500,RVMEPRAVTRAKTMETYEKR
random_22501,VPDMYWWQTDSQEEYWRLVDP
random_22502,ALPPNCLETMYQYADEHC
random_22503,ECNWLWWLTKHELHNGKGQY
random_22504,EIIIMCQFTKQRSIKHEQFH
random_22505,QASIHRSEWLWHKKTTHAMQ
random_22506,TNCVKPGVWASFRPQKGQVF
random_22507,VNKWLSSQSQTPSTQFSDTD
random_22508,RSLGTHAARNWKV
random_22509,IRSLYASFGVVYVTEQKIAI
random_22510,WIWYPQDPALPDLWFYWDNY
random_22511,VWHFIFHYKMQYKSFEADTP
random_22512,FSPHQRHWVPAW
random_22513,SFLIEHDRYIFRTGQNVAHI
random_22514,PTEENSYFVMHRYYGNK
random_22515,WEYKNATIVFPMQCQAECSM
random_22516,CFHGRSFQHSLDTACGTTCG
random_22517,YFAIQQNQMLDIRWGSMAPY
random_22518,CCWKYPHHPWCWCLELKIMT
random_22519,YKENVDRIGYPRHANTWCRS
random_22520,KGQVNTICENSTMMEMSI
random_22521,GGSYQHYWDFRCFCGQQIAI
random_22522,QHADQMHQMMIISLTSKPAF
random_22523,YVERWDSNAPAPANHYYDWH
random_22524,WTHIVRAYAKCLTIFIKGNE
random_22525,YQRCEESHFFE
random_22526,SQYEV
random_22527,YRNWLIEQLCDSAQVYIFSM
random_22528,VYMDNLENPTWDQYD
random_22529,WLAMLLALTGHHRQFRRGSS
random_22530,IMENWPH
random_22531,IGWLDIINGYKIPNEDQNKF
random_22532,LPWIPSRDTATKSKHWSVMV
random_22533,MAPLVCMMRAYVATLPEKWC
random_22534,SMSCRSGYWRESQSCKPKHL
random_22535,YKVWEAHYK
random_22536,CEPGIGWMACWPCYNTTAQC
random_22537,LDTYLGNGSATVWHGNQKYR
random_22538,EPYENANKADKRCHTCLRCR
random_22539,LKFLVQLSHAQVKIYIIGETM
random_22540,YQENIRAPYKSICIEVNLLI
random_22541,CRIQFGMKHFNGDQMPVPNG
random_22542,GLDHAACNGTCGVQIRWAYQ
random_22543,MVMFHWMEQLKQRWGAWFVC
random_22544,AGCDLGYNGSCSWFRPNHAY
random_22545,TKYTTEHQFACSISSYYDYS
random_22546,GEPHRKHHGNHRYFRAVWLQ
random_22547,SKYWKHKGYAQWDIRAWGCM
random_22548,CGAMFHSNRPLRQDHENSTM
random_22549,RDEIARFVGAMSGNRSVALG
random_22550,SCDYWDDMTMEAPTWFVWEY
random_22551,SSNPYKR
random_22552,FNHFTFNDYGSPNVIICFAS
random_22553,KYDIPDDAGLTTFGPLDLEP
random_22554,VYNLGFQ
random_22555,TKRFADTGGPSPCMEFDMAE
random_22556,NSLKWGIICPHKTDMRYIYI
random_22557,ADDFWTKYKYCYSDKVVMMF
random_22558,MRYDSCMAEWEMDTEGYLYK
random_22559,GNNQDKHIHSQIT
random_22560,QWYTMYDVHQIWHFLKDIIY
random_22561,HDLDKRYAHRRCQFASWQDI
random_22562,QIFCQESEAFGWDHHQHVHPD
random_22563,FVFCNPVPKGEFYMWMSKDS
random_22564,YQWVEVLFAKAFHMNTFHAS
random_22565,MIKGMDWCTHTPVHHNGDVR
random_22566,GWDLF
random_22567,TDWPWKYMRFFILYDAHIAN
random_22568,TSEVVNVEHS
random_22569,VATRTEQEFGCRDPLCW
random_22570,HAEKRNQKTYEGADPPQKQQ
random_22571,VSNPRLRLTFIDLKLQHGSM
random_22572,WYEDHKAYL
random_22573,SDVPIHNFMECYTERIEYDF
random_22574,GCDPTPMTGAGDAVLYFDII
random_22575,GLRDDTVFEVQQDFMSSPWC
random_22576,TGYTYWSEILELEIDSY
random_22577,IWIQI
random_22578,HKLARNVGWLKKCYRHKIM
random_22579,YKCTGRANTLNMVPT
random_22580,AQPACIEIET
random_22581,IPHEWIFRVMPWI
random_22582,VELYGVKHKETENAFHLEDP
random_22583,RVAVFPDIPLNPSGP
random_22584,VKRSRQGGDCQWYSLTAFPF
random_22585,HFIEGIAWDFVRITVAPYCF
random_22586,NWGKTYTVKKNHWHFPHVRI
random_22587,GHTCPMFDMLWNWGF
random_22588,LEICTPLRMKHMFIGEFTMM
random_22589,YSEFRYWWVSGPVHMSDHFR
random_22590,LWDIHWVQRRCVSSWPFMWR
random_22591,PINHVLLCKSTRKHIWESPC
random_22592,MQWMQEVKSFWVEGALEFVPP
random_22593,WHQCLAPNFFTEDM
random_22594,TVLAANDKVLMDFAGRGQDK
random_22595,KETNTGGPFWHAGPGWADCN
random_22596,FGWVLSLDTPINKTISIEKF
random_22597,SKRCHPDVISLQRKDWCCDR
random_22598,ALGTSKMWFQYMCYLVWPWS
random_22599,LCSMGPWPNEYTEHCFDNKR
random_22600,MPYPVQIAKATIAVAVFLCK
random_22601,HHWNLVLWNESDQRNDKFRA
random_22602,TSVLEMCSENCNCACEIGAG
random_22603,GCLTSWFMKFIDRYYPACPH
random_22604,MDAVERDDLDVWGDDEAIEW
random_22605,TYIMQDNRNWTMDCINLSSS
random_22606,NGCNGTEGNVTSDNQSCDGL
random_22607,RSFMCQPHQRCYWWYPKHVM
random_22608,LQICSHLWGKVQCYGYSHACQ
random_22609,WEDVQDCSSAAESCRWNWSN
random_22610,HVCHWSIWGREIYNPRFK
random_22611,QDNSFCEFNTSPPG
random_22612,PSRQVTTNDHVGELGKNLLP
random_22613,LFPEPRFFCETKRA
random_22614,WAFMC
random_22615,AETRDKMVTGKTALAWCAKG
random_22616,TDEKHAENWNQKCLTCHSDK
random_22617,RFPGEASPQRTTV
random_22618,NPCDFCPWHQSAAEWYWSIM
random_22619,PTYHSGDHPYVFARYTMLCT
random_22620,HPVAWYVESTASFMDEEYER
random_22621,NLCQPYIREII
random_22622,DIMIHEMEYVYSEEVQTVSD
random_22623,IWGALCCLLGPIRSDGEVEP
random_22624,FYVKQHFTNGRSAFDPMFVY
random_22625,IICCEGNYPPMNMDYDKRCM
random_22626,EDNEPWKSYTLSKAASFSRR
random_22627,VTSFWHNHQQVCNKL
random_22628,DYTRITPGRTRNLGNWQDWM
random_22629,LRRPYAKNKTPTRRTYPNPN
random_22630,SSGRGFEWWCFYLVQKSVTT
random_22631,EVSQYGKWSRYVTYFYMFMF
random_22632,MWACATTICNHTHYFAAFTR
random_22633,LICCGQLVRCSKNHIEEHFK
random_22634,MICWQTHTMDLYPRDDTYGF
random_22635,CDQKENNKSWCWIVRESFFQ
random_22636,MMVCHPEFVMALDTICFCCR
random_22637,YTTMSVRYVIETFHDRPYHTG
random_22638,RDYKEPRVDKNADPDRLY
random_22639,SYDHHERYRQFERIVKLEVS
random_22640,VRGSEMQIIMIINQWTDMKF
random_22641,DMIEEDPDKNKLSNHYPRPL
random_22642,RDHQLWMCQQLCCIQHDHLV
random_22643,QYYKDTWEEYKE
random_22644,RQSQFVFIVMSTWG
random_22645,ALYISICKMNDMGKAGACLK
random_22646,VMRIVWKYFYKKENPPKNHH
random_22647,CNNGLAMDYNNRLSSGHGDG
random_22648,QGWEPGTMWWYIIHYGGYEV
random_22649,HPEHAMAQTIIYYSLPERVA
random_22650,HHTQLFWWMIFMLMAGDYLW
random_22651,HRTFVTQSPTCAHHCDQRVW
random_22652,SPKPTNDESPVIWLPKRTEFG
random_22653,PYPTIQCPPDSFVLYWNVWD
random_22654,MIAEMTSVPWSDFIFPGWFS
random_22655,LTCMSLCEGTNDVLGLWATF
random_22656,GRLFVLKKRDPMQEIRLQFK
random_22657,EILTWSWVLAPRTARITHCH
random_22658,KLNGLCFKTIIMELYRRHQKV
random_22659,ELIWYIKHDPIMYEQISQCN
random_22660,TGPLCMMQVPCQWNNPVIIW
random_22661,PFISIFQVIGSLSFANFTVR
random_22662,SEIIANMCFWFDKPLIASVH
random_22663,LPNNSYYTVLVYSFQIADNK
random_22664,IVNYEHFTSG
random_22665,LQHGKISAYCTAMQAHTWLG
random_22666,DGTVLDAHLMLDSFF
random_22667,LAEAAHQWRYCICIMTQDIM
random_22668,DPLMVRVIVVIKPWFF
random_22669,EIKVRVWGFESNCRSIHIVLV
random_22670,AYQWKPGNVQMLNGFGCCDP
random_22671,NHYIFATEESMTGQNPVDCCT
random_22672,CPIHLADNPCNTATYASLCM
random_22673,PTLAENQHVR
random_22674,YISDVNN
random_22675,KLKQWNFKHWDGHCTFRYSQ
random_22676,ERVKLKCLLAYESNGMADYS
random_22677,FHSTQYWTWYNYQVSVNLVD
random_22678,HIYIADQADGKGQQFPTVLW
random_22679,ITTSTFGMKKCMIEHFDNND
random_22680,CHCQLRILVFKNVNPFWNWS
random_22681,YGEHTVGRHMMGMIWWYPKW
random_22682,DTMQDDHFMSLNAKIYIHWC
random_22683,PCFRRYVQPIQWEIHKTNKG
random_22684,PNKEMSSCMWLDCGW
random_22685,NMQEFLEIAGHKCHRYYYPD
random_22686,HVWSGTDWVTILPFPNGCQV
random_22687,NVPKKMTGPWFTPTIYTIYM
random_22688,LWNKWGISLMEVAKEKWSFC
random_22689,RAIFVIHHQGKEMHEMFDKP
random_22690,PWVDLED
random_22691,FEDTARWCNYIAIIGRWRGC
random_22692,LAPQMMLPQLAYFWIYHQDS
random_22693,LANEFQPTMSSNLFHGMFAI
random_22694,QANWPPQLPRCGLFMNQVRW
random_22695,VFDCYKTNPKLEPDQFTGQQ
random_22696,FLNAECVPMNMMAPNTNKEQ
random_22697,FSMCCFCDPMEQNGEHHKKN
random_22698,FQACQCTGNNPACTCPQRTC
random_22699,TIEIDCGQPDQGPAFRTIKG
random_22700,NGRETHDWNQDKPDNQWVPL
random_22701,YYARGHNDLRIWAFKHKMK
random_22702,AGFIFAGDYAYTCV
random_22703,RSLYPNYRYETYDTGFGSTDF
random_22704,VMMFVGKLFCMPRYCGDQLG
random_22705,RPNGKSNR
random_22706,MHQCLMFNAWCSMLYKTQDQ
random_22707,YCGKQYKSNSIKPQDFPFQTL
random_22708,GWEYTKGSLIQIDHT
random_22709,TEPARKMKYAVIWSDQKHCQE
random_22710,KNEFHSIPYGQNKLKYHYGC
random_22711,QCEITQSELMFNGKWVLMLS
random_22712,LYEPPALTNADQCTKFQYEY
random_22713,MDYMVPYSGSEVIPKTRNIC
random_22714,WFCIYFSNFGKHQTEQIMAE
random_22715,DVETQMWANVRLQPTFNRKR
random_22716,TISREGMCKDENACILFRIT
random_22717,AILPSPEHYIWSWARLIMCS
random_22718,PDFAEDNILKYFA
random_22719,TAHRNWVYTDSCSCERSLPW
random_22720,QRDGPIWYGSGTPNDEARFD
random_22721,AKGPVGYFQHMKQSCCGTGK
random_22722,RLQIGDMGPTNIVLEIT
random_22723,HAQNDPWFNIMSIEPHRTKS
random_22724,VIALSYVEEHVLYWHETQMA
random_22725,MKCHSIHLFDAWSTRWLVMQ
random_22726,FRIGHKDQEMSGRSCCQQV
random_22727,IMYAIWMGKNEATDSWWQVG
random_22728,RKDETEERKNVVTYFHWNTP
random_22729,NYMYREYKPTEQEESGYCFC
random_22730,TMILKGRFINWEWKGINKYF
random_22731,ADIEWAWQTYHEPWELTYNP
random_22732,YFPKHNIMTLYEALPECASD
random_22733,WDNKHDTWWPWWVCIICRLMR
random_22734,SNMFHLQPTCPGNYPMQGLW
random_22735,PCGWNCSVCD
random_22736,VSVSWIFIRSLTAAGPRIETT
random_22737,NMMVLQDMAVS
random_22738,AYLNVCAPVNEVYPMSQYIG
random_22739,FYCRCQMSNIRGNRMLCYMW
random_22740,VIFEMRRHQTWKEMLCGKKK
random_22741,FTHEEQLCEGMLKKKQTIYE
random_22742,DECQWCEPYKPLHMSYYFYV
random_22743,AGMEWGSHNDYMCQICGRNP
random_22744,TFHCCYPVHLEAKRVVLEMV
random_22745,SDFSTFLQKGPLNEVHLGKN
random_22746,INHFIMNQAAYFKHNYYHHT
random_22747,NAKNQHIMFEITLNRMYKFW
random_22748,ECTSEFWICGDTFIYIYWDR
random_22749,NVLIQ
random_22750,DTEHSARW
random_22751,KGTKVAEPWIQTKMKSAMRM
random_22752,RMQSMYFTYPTAGPNLKVDIW
random_22753,HCKRHLEDLNVGCWYIMNHA
random_22754,AICCVILSTGYTQDWGADLY
random_22755,QKCSHMTAKYRYEFQCPNDE
random_22756,SYEFRFSERVEMK
random_22757,LPHCWTAPRYVLIDTMSSMRF
random_22758,FIYGVRSNGFEPPWDQMLIK
random_22759,CLDIDKFRINKDSTKGARQW
random_22760,TLFGYMLP
random_22761,VAYYHPGTNYCEHPHTDLCR
random_22762,ANCVLFWGCVCLGKLYQTRR
random_22763,WDPKICWSFGAAWRMRHDAW
random_22764,YDIMSHDAG
random_22765,INSSNWTDIV
random_22766,YSSGKWYPQFPKMHFDKFWE
random_22767,VHNETTCFIWSNTQANYPHRE
random_22768,PICLLMPPMIGENVCDDGM
random_22769,YEQKTWWYLRDQENIICDEQ
random_22770,GATYRQQKYVIVQRGTEYPS
random_22771,WVCNKN
random_22772,MQCEATITCNRELFRTHTQL
random_22773,SSIVRERWMHYSTHYLYILI
random_22774,LFGIHAQLWSMTHFQLHKLA
random_22775,SWRSFRMYRMTAQMADYVHP
random_22776,LPSHGEHIHTTDPVCQQMFE
random_22777,QGLGETVKGGNDHRWM
random_22778,ITHAPSGFTVTPASMTCVKF
random_22779,KHHSMRHTLKGRSQCIQNNEE
random_22780,YLGCIVIQPQKHFGWTLMVG
random_22781,LRWVVAGMLMYMYRFQDMPV
random_22782,VKNKLHAFLSGDSRYWHMEW
random_22783,FMFIYCANPMSMSMPAEAKI
random_22784,DGNNIHWSQHQFEAHEIMSN
random_22785,EHEWPWQFMRTSSPECLEGM
random_22786,HFQYYMETVCVHCMMQKCHMN
random_22787,ISPPNDREYLYASYYAVPFHC
random_22788,TRHKYMREKDKTFKAYACMF
random_22789,HRSVGITQQAQCALWTFVHF
random_22790,SKLHFIYIPMAMMEQ
random_22791,LPNWVTLCVSWKCEGWWKKG
random_22792,SWKKHIKGFDHFFLPN
random_22793,MRPCMYCVVPGHVVRGNSKK
random_22794,TGFEMLLCR
random_22795,DMMYLIMEWELQTFTRRWTK
random_22796,CMILIFMERKCHKNTRTQEC
random_22797,TQGTVILRRSGEDYLCDVAMA
random_22798,FHIEAPQT
random_22799,YFQANHACSTGPKWYIYKVK
random_22800,DPGCANQTGMYKCPVPMDFY
random_22801,SNAARLYFTSTKWFPGAEFD
random_22802,HFWQVKHC
random_22803,HYDYNDVFCCIYGCYTQNGK
random_22804,GPTQDLNIPM
random_22805,MMGKSQMDEETHQRIHMGPP
random_22806,CYQICEDMIYPFFDFEACTG
random_22807,YPDFHTKDRQLRPVDPREMP
random_22808,RISGTQVAQEYYRCS
random_22809,ETNYERKSAY
random_22810,KDELKLSNDVPYYRELGYLT
random_22811,RFVPKKCPFTGADQTACQTV
random_22812,APVHGEFYVLQCLQKRITIP
random_22813,LYISFGYSEVHRCTFGW
random_22814,NSVTPSPYVYPCEHTVM
random_22815,YACWQQFIVHFTWQQMGQWW
random_22816,ESQPGYSITSYYWIIMPGPE
random_22817,NMFDCHMFLDEHKECPTIRYH
random_22818,QCGREFNVGEKNEARMGHQT
random_22819,CGRWAAWGI
random_22820,CWLMSQPVWEQMVMIWNSQL
random_22821,RWWYPADCNVTYALMLPVSR
random_22822,PDIYGKTTILGTQHNEMMVS
random_22823,TSFIHDWGDDVPRWRVDPHE
random_22824,MLYHITIRR
random_22825,PFSLNAL
random_22826,WVKKVLWQIMTTMHIMHRFR
random_22827,MIVNAYRRKWNISFCFAWDA
random_22828,TRIDTCFYQHAYVFECDTTY
random_22829,SQQVPKYWIYWERVCIWCMH
random_22830,QEWIYNYLIFNYYPAHEQHI
random_22831,DQTTMCGAYFIFWQGWPLWG
random_22832,SCERVAEDSCSLHWYGWNGF
random_22833,HRYKYRESSGAMHTAQSDDP
random_22834,SKPQENKMQQCSDGWDLFGM
random_22835,HVRVGSQCEYKLNMHEKLWL
random_22836,RYLNQVCCKWNWWLITRGCV
random_22837,YDQFRCSAPLSYEIWCRHNL
random_22838,WGQGNVFNGTLPICQNHAWL
random_22839,QTCGHYCIKYGQCTWMKWMVA
random_22840,QCRRWNVGPTLWHVPFWLSK
random_22841,EYAVQHNNIHKAMWDPQWAY
random_22842,LYKMEGKGQVC
random_22843,RGHFNYHDNKEHWPQEPEFQ
random_22844,RWHTKRWESM
random_22845,SHSDSSMGCAFDMLKWAPEVY
random_22846,ESPIFYHW
random_22847,ENRCNFIKGMSVMQEGHGTS
random_22848,VRAFDQGRGKPCDQFAGVTA
random_22849,EILKQIILSLNCDMMGWRCA
random_22850,HILWQMRHDRDQFYSWTQVY
random_22851,QQHVMKLRSPQQGHLRCDKP
random_22852,GCTLAALAVAMLFGINRSLT
random_22853,HEAWTCICNAHQQGRKWTNE
random_22854,APVCNHREAPASAAQDQ
random_22855,QFTPRYSWNSN
random_22856,CLGEILNCVCIV
random_22857,NHSCGKARQAPKPEMFK
random_22858,EAFADIEGMFCWFEEMCIHL
random_22859,LSMQPSHAWQIDTNTQACWP
random_22860,LPDHEEYLKSYRMTIKNVS
random_22861,GMHRDASLDSLLWFNTYDFG
random_22862,ECLWVMTWGYEALPDEAAMR
random_22863,FYQMRHPGKQ
random_22864,GLWQVVDMDYLRWYQGETYC
random_22865,CSDNICIQTETYQYTQHRDW
random_22866,DAMFAGLHPGEHPYVR
random_22867,QFFQVWDRDWMMEPSTLRNT
random_22868,VAEHLTLGIGSVEWEVNSDY
random_22869,MFADHMERDVFYVRIMEIQH
random_22870,GYVQIFGRLSWSVQRDCSSN
random_22871,FHAMWNPNMMTQQKILQQVG
random_22872,GKRHWNVHLCMRN
random_22873,MLWCTRMYAQMDGIVQQNNW
random_22874,KEREYMDDRQEYRPWHRHVC
random_22875,KGPCSFCRTRSQMSWMVEGI
random_22876,NKMVKNIVESCGVPTTLMHQ
random_22877,CHFTQRQKNHHINCHFTPPR
random_22878,VGRDICYFLVNQCGPKAAEM
random_22879,EPMDHGKITSQFGERMVAWF
random_22880,FKMVKPQLAGYKKWGWLVGD
random_22881,IMMYYCEPMYKRFRHMWIEK
random_22882,ENLVQPATGREMQNWSNFDH
random_22883,SQHLLKWQGVMMANTLIATV
random_22884,AMHQQQTSHWSFMMNWPNWG
random_22885,SSHICYNARTIDWFETGGKT
random_22886,WPLIEKNCACMEFKMTKYPMK
random_22887,WTNNCRVAWRVLMQFWMYNIH
random_22888,FAAYKSIIMWMLKIHTCRKY
random_22889,QFISCHQIYVAEIPKGNWDK
random_22890,IYCWYLNTYVFLVKAWMDNA
random_22891,ACGGGLLDINNNPNLWYY
random_22892,PYRSDINWLAKHECRCAFTG
random_22893,FPRHKEPFNTLYKDICQMED
random_22894,KQNCWAMEDFMMMDYKQTMI
random_22895,IYIMKHPQMKMDYNPYTFGN
random_22896,MRPCKFWHHEEPVSMPDRRA
random_22897,QACALI
random_22898,TFWHARANSLAYFVNQDARF
random_22899,IKRVFGMCWAHMLHNFCMEF
random_22900,MPLTTMMLARPCHDQFFAHA
random_22901,ATAFQNGGSYQETMMMFHHT
random_22902,LCDLSSHQMFFLPMLVEVWR
random_22903,HPRIYSKDYVSYRINQKQCAT
random_22904,LAHCNLGHNVQLKEVKLEFN
random_22905,QFQNYSAMKHSFCASRFLVM
random_22906,ESLNDSMKFVPGIDIDQFTE
random_22907,FIRTFNLRFT
random_22908,YMIWLDQ
random_22909,KPMEHIALIYCMFSEYVKKP
random_22910,QIPCFWQCYGHKMSLIGLMV
random_22911,DEDWHKQWRYYMRYVLQACMT
random_22912,NPNWMVAKRWNRA
random_22913,LDSMEGAKDHHGACDLLAAV
random_22914,FVAGEQ
random_22915,DFIRQPIEYQVHPTII
random_22916,CQLNCTSWDTKYRPGVVMVH
random_22917,AFTSKNPNHLSVAQDYVLGFK
random_22918,RAYLVNVRCVTSCMCTHHKW
random_22919,WCHWTWTQDTYLKQMPMHID
random_22920,VCMFRRFQDTQGGCDRPISK
random_22921,AKHRFPMDKSPGGNCHDLHI
random_22922,LHRRPYKALGL
random_22923,FNCYASMLYHIRPSHWVL
random_22924,YTRMMRWEDDHHHYCYFLMH
random_22925,YDETRAQTLSTVFRVCMNLN
random_22926,VTYMDYVMCGPTVMDPINEW
random_22927,NGWDWTVFFAYTEVEVFFGW
random_22928,WPGGPLSEYSPIIIQ
random_22929,ILYKCDSADKGGTYACKWHF
random_22930,EGWMQFHTQGPYVACSLMEF
random_22931,QGRIITDLMYLPQNLPPHCF
random_22932,AIKFRTCKWTKWHPQLRRVV
random_22933,TFCVHWSKAHINSIKEIAAF
random_22934,KRMGRDVNCAWSTTPECCHN
random_22935,VDGMEMEWRMAAMWTCTIPD
random_22936,HKIAQMVACGTHNNMSQLAP
random_22937,ASVFRG
random_22938,TGIDSYFSHIMGRHEARWFI
random_22939,KDMTQEQFMHVRGWIMGGMKF
random_22940,ELGRQNWLHSGECQCAKWLG
random_22941,HLREFDHCADDRCQQQEELEL
random_22942,SYFHMFIKCGESNYIKKMPQ
random_22943,YAQFCSAHVDKDKAMLDQLI
random_22944,PQWHLYIWNYNSMYDQLACS
random_22945,SGYHMKVQVV
random_22946,CSFFHWHAIPLLRQHKPTFL
random_22947,SQGHGWKKGAYGHARFKYFR
random_22948,IYIGCIAYWVAFEHDECCIW
random_22949,AFSLEYMVYMIFKYTCITDC
random_22950,TQSQCCDMFLFPVQPDSERH
random_22951,ITVDHNSLSKSSQKHDARCG
random_22952,DTMCDHQFIGANQK
random_22953,TEPCPQFVNREMTLLFMNML
random_22954,GFLIIIYPEKDNLYQHDTPE
random_22955,KSAHMLNPHFWY
random_22956,GTVHHVTNSDTYGMLIFYWK
random_22957,ALQKHDVQQGLKRVHNKKEG
random_22958,LCDMWIGGKQKMVGTCYRNW
random_22959,VRQLNDDMCPTDSEDPLGQA
random_22960,MEGIHIPVVSTGMHMVVPCC
random_22961,FQCQAPPCILQHQRKKPEKE
random_22962,EECIVISKALPAFFMNGPLPD
random_22963,GRCCMDTDGKIGYMGPDEMH
random_22964,NNIEEVTSQRALYKMKLSYK
random_22965,QGRVTNNKYDYIPERVLEWP
random_22966,GAVPF
random_22967,VGDCRSYMLYNESQHDIGSCG
random_22968,VIKDSHNETGMASAFIARFE
random_22969,PGKIYISIINWREEMG
random_22970,DYKFQPYFIM
random_22971,VRIYLIYYDPLGESSIRECI
random_22972,LDDFSQNDIVSYAPMVHKFQ
random_22973,RWMFCAKHCESDIVECPEMV
random_22974,MHALANRQKERQCIFEGWAV
random_22975,GYAHMCHMNMFKNYEQH
random_22976,MRGLAKAFVPVWCVVSFCGS
random_22977,SSDICISPFHRSAWFNTDIM
random_22978,ICKGADPELRFWFWHQSLFC
random_22979,STGGASAQITVQCQIKQNWE
random_22980,AYQWWCWSHAWDFMG
random_22981,YAHHSKCKR
random_22982,THILWREVACWWVLDYMRSI
random_22983,RKIRRNGFGRNDNITHP
random_22984,FPLMEYAGHMHGIWEPHISM
random_22985,SQHFTKVSLAHWDRSTYHWE
random_22986,CHIETCQKHRIRKT
random_22987,DRQSDANCTCYEADDQMYMI
random_22988,MLKSI
random_22989,VCHYARFHKGAEDEKWAKLN
random_22990,IIPTLPQQQPEKIASQIVRW
random_22991,HYIHQVHDMLGQ
random_22992,VTEEWHTQWLYIWLNPWMAK
random_22993,QESLQPCQWCPAFMNHDGAR
random_22994,IEEMYIKHPYNTKYVVYCRQ
random_22995,MDGTMWHVCQGCINYW
random_22996,IVYNYWEKAYTKILCVHRLK
random_22997,TWGFEDDWFKVSDLGFTIRC
random_22998,IVRLGNLEPTNSHHALMRKH
random_22999,PMRYPPTENIA
random_23000,MSTTNRACEAKSTRFQYTEF
random_23001,ACFYCCEHWRVGCTEGCPN
random_23002,KHSATCVMMLCPYQMIENGV
random_23003,FWAPSLCKINQSFVWCAF
random_23004,VPSVTKCCHEEGCLVSWMEAI
random_23005,IHHCILPFEADCYPAGWVCWH
random_23006,CLFDMDTMVTVAPTFQSDYH
random_23007,HNWWYKLCMAFCDSTQRGEY
random_23008,AKGKWHQIGRDFPGVEMQLE
random_23009,IFTCRAYFFMINFEYHPYYV
random_23010,ESFFEWTGTMRSYNK
random_23011,YEVNVRSYHNDM
random_23012,FFCDCSFIMPEPFTGYDVNQ
random_23013,LDMPNYGNKCYASHQHWGLD
random_23014,GPKFFMIKNMHQYAIQKWDC
random_23015,QWWGISWLQILFKGHWQFKW
random_23016,NWEICHKNENDFMDTEMFLA
random_23017,LYYAKAHKDIMIVYS
random_23018,HDLLCSMAKGKFPYACHRKA
random_23019,RFWQHWFDRSGISWYGGRET
random_23020,MNWNMSFWKWAFFCYVPLFT
random_23021,AIWIMAFCIVIAEWMSVECS
random_23022,HNVVYLSSHWYYEMKHHCTE
random_23023,SCDATRFYTMGYAKTNTKGW
random_23024,NPLCEACNDGPMPMPMWCV
random_23025,PVTICALCFASDPCCHQD
random_23026,SSKWHQQTHHNKSVRWVQIV
random_23027,PPCREPSQDKNDHQTELFVL
random_23028,EPSFESQHPDTAKCDCYPCD
random_23029,KFYHMAFMRIPVAVVGYSLK
random_23030,DEETAFAEL
random_23031,HDNVIDIYFGELCQGASICC
random_23032,RHDGIMKLDWCRLSNGSKCM
random_23033,MDMLSFICSRPEHGLEIC
random_23034,EIYFIHGYFGLKYCGKRHIF
random_23035,NKAEYDKMTYNFPHAHCKMG
random_23036,RHRDKTVLNWLFCCAGCHAR
random_23037,EVHVKWQRPDQYKDKEFYDQ
random_23038,CGRQHPQNLNFPLCNTYQAG
random_23039,RFMRDGCSDCRMYKLRDNME
random_23040,DDRKGRIFWRPDRMGT
random_23041,VWYTVMAVCI
random_23042,DDRPLMDDSAEVWPPLSSYM
random_23043,PRCDHRSYNNGEFRVCDEDI
random_23044,SIDEQPH
random_23045,FAKDQDGTAFPQQCSKFQVE
random_23046,QSKKMADAFGTDFKCT
random_23047,AQTCAEWAQD
random_23048,FNSAIKAV
random_23049,FPKLHCTTEERLWASVAGLK
random_23050,FLDDTYHPWIKLAQWWE
random_23051,PDYQHPLFVPKVGPWWAPFC
random_23052,LHIWFTCSLNIMDNQGQEYSS
random_23053,YPRTMGMYYYSDRIYVKKRL
random_23054,KSKQTTERVACD
random_23055,PMILFYWLDAVTFPAMVFFP
random_23056,DRIYWEESVGEKTRPPPPHT
random_23057,HPFFPAHRGPAPDSVYEREG
random_23058,VDYNECGGWQWSRANEEFNW
random_23059,YCCMVADESIIQYVPRFCFF
random_23060,KDSYDP
random_23061,YHGSERMDLPSKRTWEF
random_23062,LTGIVQM
random_23063,WVGLFIVIRVQCFDGL
random_23064,ATEWRYWTANKRTAGRSYVR
random_23065,TCWVMDWVSIDDHCNVFTEA
random_23066,GKIPQVNTDWIESF
random_23067,DPLVFMWGPPDETNYLDPIL
random_23068,CLDGVGVEGTHASYVMSKRAN
random_23069,PYSQWMLADIGAYPRMEHEI
random_23070,MYDSFKQGQNIQPGWICIEY
random_23071,ENRCNHGRDCQEDDDYTT
random_23072,AIRWPLCRVCILQAPTRWYE
random_23073,DNPVFWANWWNQDNQY
random_23074,RPNRMETKKLLVI
random_23075,CNEKDSQCLKGWVIFLKFIT
random_23076,SNRGNIHQPCIGLACEASDT
random_23077,DCGKEWPDPRYAKQMLCQWD
random_23078,PCRDWCAHFDMTIELRPWID
random_23079,MMDYDMEWTEICSQHTHWCE
random_23080,FWPTYDVHWWWVV
random_23081,QCVNDFISYQQDGNPLFIIF
random_23082,TPHYATFRIPMMNLV
random_23083,GIKMGLTQNRGDGPMFWQCT
random_23084,SKLFFEPFPPGYGYTSMRAP
random_23085,SILDWQRHIDIPFSHGVHQE
random_23086,NNISTLNYGYAGVEVIKCVV
random_23087,RKGDWDQLSCQMCYESHVDD
random_23088,VVNLARAVVFQFHFTIGDSQ
random_23089,TWCKLIASCWNQDWDWMQMKE
random_23090,FQCEIIDSHFEYIDSWSNDSQ
random_23091,ELYIIKRQYKVTNYRHGPVS
random_23092,KRCMCMAKAIHHYSD
random_23093,NIQKEMYCCMIVENLWWEWL
random_23094,EHNWPDIDAMDTPVCNERNW
random_23095,ALNRVFRSTPRFLNIEYIVA
random_23096,PSFKYEQ
random_23097,PNNFHQCFVDLVSFLFMDTV
random_23098,AWYMLESPLVKDWSTHHRPQ
random_23099,WCMTLQDWCGVCARCVRRCW
random_23100,RFPKDQFRSWTQYTHYSIFD
random_23101,LVYCMPNAPNMYEVELRMLN
random_23102,TMICVGIKDQIMWHHRNKSP
random_23103,RKTQHVERSLQQGSHHTILW
random_23104,RTAPPKKKEERAGVTMVWNT
random_23105,EISLCTLWSCKEWNYMLWAN
random_23106,WKIWPRKKFITLVINFHFES
random_23107,TCTMSTGVDMAPVKIVAMMQ
random_23108,PCQNLMSRYFWCLSSKNNPS
random_23109,FRQHFVCDTTGTYMKIWFHQ
random_23110,GYEQLKGCSVHIKQHFIDTM
random_23111,HYYGNDCYLEQAPMLKWVHVY
random_23112,SCWGRRWWQYHD
random_23113,ERSFDMIPYHWSKPIYSQKV
random_23114,VVCVSVATRSYEHTMPRMYK
random_23115,LWTTYRHTCAAGVWMHIFDH
random_23116,IWMGYTRKKDSE
random_23117,ATCCTF
random_23118,WVASAPCHHHWCSIKKVGWK
random_23119,FYYKSLCTAVKKMPTSLVAES
random_23120,IAMCACQLAYTNFYTKTAWSI
random_23121,LIGETFKLSLYTKYALGHHH
random_23122,NSCDHFEKQFHWIKNGNIYT
random_23123,RCHLFAMPENFFRGENWVGC
random_23124,SPSRGSQAMQLKPSESWQIEW
random_23125,NTCVNSNDHESAVWCDEKKP
random_23126,PFHTVEYNFTQVAWLSFMLK
random_23127,FFNWNFSIYCQLGEPMRPDT
random_23128,PTGLKSVEIMTHTFHLWEII
random_23129,MLMGMRYWIKTWRWDQYLVT
random_23130,SGRPRWVHPNYAPVGTDRRP
random_23131,RKQQVIKIAVKMSIDCAAFL
random_23132,ISSFMCYFKL
random_23133,SIVALCENNAHFFTCRQMRV
random_23134,FFKDTWHMTNKIDFMQRHLQ
random_23135,YSPRVDEMSMYFNHVPFCDGE
random_23136,WMVWKANAYRNASGYQDTPV
random_23137,TPRVISIEHPPGGRKCAIVE
random_23138,PACESEGACESW
random_23139,MIAKLPPPMQHSFGYMNTLW
random_23140,FPQFPEHTGDEDGFRGVRTV
random_23141,HFWVWKVASGAPRIKKPMAL
random_23142,GWDMKCSYTMHMMCGWTCSI
random_23143,NEGMHDNRRIVHILCGFKWC
random_23144,TVNPMDRILRH
random_23145,KIYDCDNIDVGYMDTHCTYL
random_23146,RTVCGSHCMMSQIVSNQYGF
random_23147,DMYCREHDEQFGFTTHEWSP
random_23148,TEFYWGPDFSHFRAYSTNWP
random_23149,EYEGINMSRDPCFFQFIGWW
random_23150,HWVCMKSVLHQHAACYLDEW
random_23151,QRPPHYMTGCTLTMVPHTVV
random_23152,GDHANSMFAGMDMDKCEIRQ
random_23153,ASAESRAENRMDRFCKMMHL
random_23154,WSCWEKEIQERLHREKHTEP
random_23155,PNMDCWLCIIVKNVSPGECL
random_23156,QMMFWHKKQRPYSKVIQFDH
random_23157,APKEAVNVLYPRPQSSFWFP
random_23158,PSEIEPL
random_23159,PWEKVGVCMEQWVHENQMPY
random_23160,TVTWHNCDQVECQRRRINSD
random_23161,HTSRRWHDGYPIQVRTLRMVV
random_23162,IYNDIHG
random_23163,IARVPQWLWWWSKSTGGQQHL
random_23164,AAIKPECADPSMCGHSYMLAT
random_23165,CWQQFKRFFTPPNCQYQSVF
random_23166,ANIQVGHH
random_23167,EPQYV
random_23168,RQSQI
random_23169,GSMPINTWDYVYCSNRRLRP
random_23170,WPNRTSFHEGLCQTSHACCP
random_23171,NHPWADAGWQLVLMHDFFVM
random_23172,EARTMPKASVCKNRKFLTPH
random_23173,KQPFAFGNDRTNWEACGDSV
random_23174,RATSPRKCRCRMKKK
random_23175,LVYPSKKLIAPTPYCCNDKG
random_23176,HPGAMVCAHLTQMMKYQRKH
random_23177,PTNVLLQMRCRIGKICDYKF
random_23178,HIKYKFPSIETRISSYMMGD
random_23179,VLEVVPKQISCCMDLNCEIW
random_23180,SDMPKEMSNNSFQRYHMWAA
random_23181,EMVIAMHQNPFTFRIN
random_23182,WIGYGIVQMMRPVALEFHMN
random_23183,VNDAVFRQPESRGWQSDIVS
random_23184,MDPPNSQFMI
random_23185,GWDYHNTWSVGNNESEHFRWE
random_23186,KHPMP
random_23187,IHNNKHRWCGYEHGAQQYAV
random_23188,IDNFHWDSNHCPEHVFKVMV
random_23189,AIQATWFNWISRYF
random_23190,QDTMRVEQKSNSFCAIKCWP
random_23191,PFPEGKSSSRSPLYYKHICA
random_23192,VKQEMSFDTPMVVS
random_23193,QKTDAFEQGWPLILNPHKVHF
random_23194,VPSKVMEDPCMLVNMVWCVH
random_23195,GTHMT
random_23196,RAVDEWNWPFNQKMPHPCPF
random_23197,NNQKRWHSSSSPYYFVILRLL
random_23198,FLETTKHDHVFTHHEYWCNN
random_23199,GKLNTNAGWTPIGQPLFMMMT
random_23200,DKYTNPKHLHMLRNYVKLMC
random_23201,VKHRRYLKVIKKQLEI
random_23202,ELEQAKLFELQICMRGNWTW
random_23203,DNLMGQLGSPEHMPGHHVQR
random_23204,AERQYCTQQVVELWMPGAQI
random_23205,AHCPARVLWIMRHYADEWPQ
random_23206,LLGFDYSGCNH
random_23207,LIFMYTLEECPDMMIVDGDN
random_23208,KHMRVEPHNCQRYGIVDNAM
random_23209,HFTMIWMFAVCRAVQCWEQK
random_23210,YGRVHDIANTGA
random_23211,AVVVKYKFYYMLSPYLS
random_23212,STWSNCFIGWEENTNAQPAG
random_23213,YQRIAVIMYWIMAPHHWN
random_23214,IIAPCFYSGWVYPHKKW
random_23215,HTPMIGIQRHTGDSFWEFVI
random_23216,DNRSKSQDETVRWAGWHRKEC
random_23217,HQVYRMPCYKHRQAEDQTVI
random_23218,ALAIKVQEKTTMKNKYICIG
random_23219,PLGDPPFQQQYPLKHCTDAA
random_23220,MFLAGLFTTRSWWTPCSQQY
random_23221,WRYWMVFLPAFFIFYHHERM
random_23222,AHGLRIYSPGPTRTHEDVMD
random_23223,LRECVPVSGENGCGKAHGCQ
random_23224,IWVFILGECPKGCENCFSR
random_23225,FADPCIPVQFFKESNDNVNA
random_23226,ASACHEAVINSIAFEY
random_23227,YMIGWELFAKTKVTVHTLRGI
random_23228,EVVAGSGQSA
random_23229,FVLIIYDYIVRFCLQWVSET
random_23230,PVDSTHESMEFEQ
random_23231,HFKQSGCHKFHARRARVWQN
random_23232,VNKNIEMMTLWRWLLYFTNI
random_23233,FISDEGFFDRI
random_23234,KHSCCVGEPHGRFCTMWQVR
random_23235,AFAYMSATHIYEWD
random_23236,PCNQVLPFRDR
random_23237,TLWADGFISAMRGHIPQDAF
random_23238,GVLFIARHGYDVPKIWITAH
random_23239,YGCEMCSKKLIIGTWYVA
random_23240,YRDFMFPRLIKFSKTGDCIN
random_23241,FRAKVTQWSPQHCRTLRFWV
random_23242,RPDGAPSHENDHITVIA
random_23243,KMTADPRVEPSMITNT
random_23244,NCMEVVPRTMRTPLVATDFPL
random_23245,FHRPSWVVAPDAVMQMDNYE
random_23246,METVNPYYNDWLHFMYMCIE
random_23247,YELEEHKREPKCRNPGKVEKE
random_23248,VKDSIWHIISWYSQWRHPFRE
random_23249,KLKRIMFLKYRWCFADIEQF
random_23250,THRMRGFRVDSMKHLAFSPY
random_23251,VCPGRRVNRCLLSSKLRDHS
random_23252,FDAYIHDYVLRMKVEQCFPI
random_23253,RITHMHFGMRSKWEALTMFC
random_23254,QKWTVCAGASVEQTYQNATS
random_23255,EWMYGAYQRPTPFHDMEAFW
random_23256,EVEVPFMMMWMDQRI
random_23257,YWWPKVHKCAEKYCYEEHGQ
random_23258,VTTKLLPQFKCHHVAEWWEG
random_23259,RMKQGPLSSPPQFNFKKPCC
random_23260,NPAAGGETWGYNDCHCSQRP
random_23261,GFMPCNLQHCYEYWRGGQAF
random_23262,FHALKINVEVHFWDRNKTMD
random_23263,HDVPDMEH
random_23264,AIWHSDHKMFYMQPMFSYFR
random_23265,VDQKGNEMWPEKSAGPMSVQ
random_23266,ACIWDWFEGKRANMLEESRI
random_23267,NYTHWNEYELKLLPC
random_23268,KFHQFYVCWSVEDPSNFDFGM
random_23269,IIFFIARERRHNCGFFYINF
random_23270,CRVFQNWRLYHHYVTYTTKR
random_23271,SKCIDFHMEMYNVSWSTDRL
random_23272,LSALDPDNPCAQGNYRAGVD
random_23273,FLWCENNRLVSNSGEVVHMA
random_23274,QQRVSTMH
random_23275,HWHKSMIRAEGFGRLCLSGQ
random_23276,FWVRIKQNLDSLSEPWCFND
random_23277,YFNMVAHIFVNYEGNFEAGH
random_23278,QHALNMYQHLTQIHYDMQTG
random_23279,NQMGVDPMTMED
random_23280,CLKPHVFYMSFDTAGWASQR
random_23281,YTYYDSSGEQFGPCIWNSL
random_23282,KCYSRWKTQHSIYENMQSHM
random_23283,GYAYWLIPHWSQKHTHRPH
random_23284,MRGASVPGCNCIWTRFESKF
random_23285,HIDNAEEGAHMLYNDAPQRF
random_23286,CLRTDMRTISDEQMK
random_23287,FFRFAFEWRMWCAVLKIYCW
random_23288,MCGNHSNHWMWECFKNKITY
random_23289,PANCQDTDILQTAGLNGESMF
random_23290,LTKIVPWFHANMRCHFPQYR
random_23291,DSQRIILAIDIWQCESYPEW
random_23292,DWCMSTFMPYMRNTYVG
random_23293,RPNWRPM
random_23294,RRCVDSRIPTPGNTSDN
random_23295,TRFNCGQIDGNKINMQVLCD
random_23296,EDGATNVSNHCWFQTKNGDL
random_23297,VQPIMHDAWGREKWHHNMPG
random_23298,VHEPMYFSVFCEGPRNWCNC
random_23299,QYWYFSGRMSA
random_23300,MFVDPIYCQILVRHHDFDGN
random_23301,IISAPKNTDHAMRFQNVEIGG
random_23302,FIFKFRNIQNQKTTHD
random_23303,GQHPFPLMPSCP
random_23304,DRIMIYWRHNEDLISCLPDF
random_23305,ARHNWLHYYEFSYPQPLWKK
random_23306,RRRSYQHTPEEIM
random_23307,HHLIVKTMGMFWVLARHCFP
random_23308,GMRIYKIPSYYISKGRDEDP
random_23309,QDFGADIEWCMLHQNKPGTI
random_23310,RSYFQMDCQMMLIGAQNPHSS
random_23311,KLFKCIQWMKAAQLGDYREG
random_23312,DRGDYPIFGRNWRANFSRLW
random_23313,FTNNQMGTCFANTGCLPEHS
random_23314,YSNTCGMYILQASRVGCYAE
random_23315,MKMDRWFLCTGHT
random_23316,NSCCHGDNGG
random_23317,NRRHVKHWCSWWHAFAKRNN
random_23318,PVALWPVCNWGASVFICFTI
random_23319,QTRPPHITWDCWVSLKRYTI
random_23320,PGSFITMSYVHPGLWDTNPL
random_23321,DICQKINTGQVAMDAVWGGH
random_23322,MVHSLRRRELDAGHEHSWGV
random_23323,QLWAFACLREIFR
random_23324,KTARNGHKNRIAVQSRNQAH
random_23325,KNTGLDETYIMRRPKICWDM
random_23326,MPRHMAHRMCWNDVVHKHCR
random_23327,FSHNLNGVCLAHENSITCFA
random_23328,TTRFFCPDIGKQFPENCLQDC
random_23329,DIHIQVLLQGEEH
random_23330,RTQYAIFVVFPCACQYEKYH
random_23331,HAYTLQNTGTFNAGLLLDYA
random_23332,ERRTPIVKGFDHRCNQ
random_23333,GREGQDPVSCLCPLFEVDAA
random_23334,RWGEMYWPTHIPNKPSKS
random_23335,ACPMTRQFPFCNYGHCYLFS
random_23336,CDEFHSRTVEMFRAGHGGNH
random_23337,ETVNQGHNWCQWHKKDLEIT
random_23338,CTWHRQTFRQEFFWVFMEQY
random_23339,LVPVP
random_23340,IRRESNNDIFHSVVCEPWAI
random_23341,ILEGILKQCWSREFEHEPGK
random_23342,YCSNCGMNRMPHYHIEYIHK
random_23343,VGPHGNPTVNGAVVEREGYT
random_23344,RNQHFNLNLGNHNT
random_23345,CEREASPEVSDYHPTQIRMQV
random_23346,VNFESFYMLYRLRDSGPCG
random_23347,LNIQPHHQREEGVMVQPKCV
random_23348,CYNFSDFSYEYAIERK
random_23349,HWHTKFLDWFA
random_23350,MYWFFHGFCRYYCYQRAERD
random_23351,PCSKCCSPIECQNFVAMAAD
random_23352,ECEWCPHAVKQNERVPHCFF
random_23353,HSMEWQCFKPPGYHMENHFM
random_23354,GDDDFSTHYNVTKRMGQLLH
random_23355,IRAVGEPWKNEREPVRHTCC
random_23356,FFTQMMYMMRYCKGLQGSNA
random_23357,IMEFQVYAKKKISHTHTQWD
random_23358,DSFVAPHRQEQTVKKRMAGWW
random_23359,YDDIRCEFYCKHDYMYSVHP
random_23360,WYPMHNQYIGGMWCWGNFWS
random_23361,MEAYFDYSPYRWEYMKCLNG
random_23362,SDQTTPPET
random_23363,VAMMIGMTILTWDISCV
random_23364,KAPLKPTNNQMLVGTMDYMD
random_23365,TIIGIGFAVTPMESVHMWME
random_23366,AEYQWQDRIKDQHWIHKDSV
random_23367,ISYEIGSSQA
random_23368,QVAKPHHGTSWCTRQCMCTM
random_23369,GAFKHAIYGNDDEWLEYNSW
random_23370,CHCMRVWPTLKEPRGDCKWS
random_23371,QVMITKINECKYYRCFH
random_23372,KANRMHATYDRWGQGHYRSR
random_23373,AWYSIKLFVCTSIIYYALTL
random_23374,YVNKKECFELLDKRWKGRDK
random_23375,KWKTWFYETRGFN
random_23376,QFCMAYIPDRGTSVLNSFLG
random_23377,YLFGNFIYTMKKWSRAPVDL
random_23378,LMRDLHFTRQQ
random_23379,LNEQKQDIN
random_23380,HPHMKELDP
random_23381,MKSVGIAHIIRGGKYGKNDD
random_23382,QHFYMHYFIDNHNYWNNKLM
random_23383,CLYKGAAIWWMTDGW
random_23384,WWTWTRFHDADSEMPGQLLY
random_23385,CLSMMHLIKCPVLFFARVSW
random_23386,PMLQFMCKIDLQDHLHRRFH
random_23387,CSSEKWDCYTWRSCHMHMLVS
random_23388,TPLNSPKMICAGYCPEGLMM
random_23389,SKCHSFYYNYGWTLSETYFKC
random_23390,KYNKLNNCVLPWHMPSPWRC
random_23391,GVLYGMKVLDRGIRNLSDCQ
random_23392,CAFAWMRDWGYKDVYYKWTP
random_23393,VNDGAANFLKLYNCPCLPEE
random_23394,RLSDHAYFYRMNWIQRGYTT
random_23395,KMFGAHWITLYTPDACPFAQ
random_23396,GTTARCADIWHDGGLDSALS
random_23397,STNSAARSIPYPGDNMWENV
random_23398,YMLGCVQGWQHFWMWWQHSQ
random_23399,DASNDTRPLAATEDWSQNQL
random_23400,IWPDLYMNKSTGAKFLNNYI
random_23401,TSNNEHHVSMAQCFCASGDW
random_23402,KELEGYMQKCKYDCQITWGG
random_23403,ISVMKHEMFFVWSSNSSVNI
random_23404,AIEDKGHAYWFVANEMYPVT
random_23405,SPCLHGIKDYFDEHESSAEG
random_23406,TCAIVKCSHLENAETN
random_23407,LVLPWILSHICRFHLGEWDM
random_23408,MICLVATHEPLIYTRDHALA
random_23409,YWYDVCLLRFCIHWFVRKMA
random_23410,MKGYQCWNIMPLEAHMSGEN
random_23411,CVAIIRSNPGIPGPCYRCKI
random_23412,WRVLGIKMHQTVWYHQQKPN
random_23413,MQPHPGPLTYDIGNCGRANR
random_23414,YNCMRHFPDDEMCNYNATEF
random_23415,KSDLMDRELACEFFFKYAVP
random_23416,CIQQEICSEWRAQCVLAMAD
random_23417,RFCAPGLFKDKIGIGRCQWI
random_23418,PAHAEMQSSTGSDYSTWWDR
random_23419,QAMLIIGQFMGYWS
random_23420,IIMFDTYNEFIPRTGEFYEY
random_23421,HMYAQWECTGSDFAEYVQYR
random_23422,RTRWSEDTKARYAPCCIWEV
random_23423,QWDKNAASQLCNPEMWQMAG
random_23424,DWHHMHNM
random_23425,SQNIYYCHMGNYNGRWLQDQ
random_23426,DNERGAGRLVIVHGWASSQQ
random_23427,DSDDSSGGLGVGGRA
random_23428,GPTLLTGSHENRHDHPLPDK
random_23429,IICCIKNTKGWSRVIRSFCH
random_23430,LLRQFTHLEKLATNEWAGPIE
random_23431,PITITSC
random_23432,NAMGVGHWGVEFQPRQIL
random_23433,FIAERTMNFMLPIFTSTIDR
random_23434,WRKWRAHNVKWWTGQYYSAW
random_23435,NGDQMWVVWWGQWPFEVVSW
random_23436,GNYGPAKLESQPM
random_23437,WLPGVHKHLWHWCEPPKIKKN
random_23438,YDVFEDC
random_23439,ADKADMRSLNCYDNGKQRTNP
random_23440,RRVNNTGDTLQGIVIDAKP
random_23441,ADEDGE
random_23442,WFRIMWCMDVQDNSDAHFWC
random_23443,PACNIEVCHHPKIPCWQ
random_23444,TVTIYCWVRIRKDCRFKIEE
random_23445,QPHIPCPTHVKANKFACILE
random_23446,TTIKTCKDKGHNQMCYLIIF
random_23447,SDILLYIYKN
random_23448,YRVVGKDFPPVMSCFRM
random_23449,SKWDYIIWKMIVLTPRLFHM
random_23450,QANHEPKPLPNDFRIFQCQFQ
random_23451,QDQPQPCGWMSYKMIE
random_23452,SFAGAIRMDNRIDVAQEYNI
random_23453,NGESHHNYADLQYPGTEDWN
random_23454,KPGPEQKLTMVKNLTVRKNK
random_23455,LINQYHRCGWMTDLERVYLM
random_23456,VGVTNQAFKEHWWRLIVDPD
random_23457,MDERVWTWFEGPQCGEVRVI
random_23458,FMNSKGIQFQHTETLMQRIF
random_23459,FQKSYDSFWPEQWKVMINWQ
random_23460,NGLLHIGYYPHHYNQPWRAWT
random_23461,YCMMNWTLQWDWLAYVP
random_23462,DAFLYDKTEGLCLCWGEILS
random_23463,MKFMVRHESKKDGTQKHMMF
random_23464,MHDLAAYVQRHCRELHYKFA
random_23465,KEFGCCKVWLFAWIPEPQKE
random_23466,TNYHAFLRLGYP
random_23467,DSPDQVEDPI
random_23468,AQKHKCFHKALKMNGLGR
random_23469,VESCEPPCPLYENINDRDKG
random_23470,CSVVPNECLSVGVKYGAFMP
random_23471,DRLASFWFDSEFIPCHSDHP
random_23472,KNIQYAGYISRTVAKHWQEP
random_23473,GEHCLFCGMDHAAIMMSPTC
random_23474,ETRINFMNVPRDQAWVATQD
random_23475,WDVDYCKTIMKTGSPNTAS
random_23476,FQEHPSYPLNAHGHFVH
random_23477,ICHWKKNNPNHFPAQK
random_23478,MVQRWEGKHDPFSSKPSHKY
random_23479,PDLAPPTWECEWAWCRRGAE
random_23480,WLGHIQMDHGVWPNMWVQWY
random_23481,LYGKKDTVM
random_23482,DLQDHQRYICEACMSHRVTDV
random_23483,NEGPDWTAHPNCELRP
random_23484,KIRVVCPFISWHRPYHDIWV
random_23485,MYLKGKSE
random_23486,RWKHQQLQHPW
random_23487,MDDLFSR
random_23488,PDNFGEYAEVKPMAHKWFTF
random_23489,ISRTCCYKA
random_23490,ALCPNIWGYPYAELPSMVKE
random_23491,PNQYEDPKRTQEQQIMQISI
random_23492,DIWWDKMATDTDMHIRQCCK
random_23493,YIMLIVLQRAMSEGSLREWD
random_23494,AITFVSPDCPQIVPKEGKRG
random_23495,FWGQPMVSGLYFRWTKETLS
random_23496,GPHHAMSKRAEPRCHCKNRC
random_23497,CFDANQQHMCQHYTSIGPSQ
random_23498,IETIRKHVSCRAVAPTGRDL
random_23499,KMMNLEPD
random_23500,KQDLYCNTRPWKPNHDDFDG
random_23501,QRFSNKPRDERVVQPLKVEN
random_23502,EHRQPFEKPHIEWETVKLPE
random_23503,AMKCMCRKYYMTSMEKDLTAY
random_23504,SVCNKNGQA
random_23505,YLTQKCYCGMVKPDHAQQKD
random_23506,DQHCKCDTDIWNYIHRCFYM
random_23507,DMHVMAKVIWH
random_23508,AFSINSGAQAVGAFVWLEWQ
random_23509,HRKRERPTVKFPGLRRGNIC
random_23510,PWVFLTARWMEEDMMFFFYM
random_23511,TAKRCQECNFEETQCWYMWY
random_23512,KWIWEVFLDVWKMDTVGGAE
random_23513,WCYCKS
random_23514,NMWGYCPPRMCVQYTRQHTM
random_23515,PCEQHPNVKCPDWKNKKGFW
random_23516,GVEHNQMPPVCDKKFGKGNN
random_23517,YGQRHTAWWQCAGFMKCNMGM
random_23518,KKITHQMNLALPAPCHDEEE
random_23519,NAMYMDFKTFHKFTIWIMFI
random_23520,LFFEKVRLLDYAWEVQESAF
random_23521,FHGPGDQEMDCAHLHV
random_23522,ASDVARNFRYNWSTTSERYN
random_23523,RSMSKLACKMISMDGPCWTP
random_23524,LMDAVGFIRWDAGQNPYMGF
random_23525,MMRYGFSFRYFLTFNTPAPH
random_23526,PDENPAVPDMPEKMFGMPSH
random_23527,DYFDVFNICHYMQWEICLGE
random_23528,EMQYVKFDHRHDHIFDASNK
random_23529,WSCMILGWSCQYQEQFNCRL
random_23530,HCTMQYFNFKILWTIINEWK
random_23531,SHEERTGRVLCFDFNNVFAT
random_23532,ATEILFLPWPGIKSFIRNAE
random_23533,IMKADAQYITYRC
random_23534,KQCCEWLLHNENQAQKTFGI
random_23535,GAIGYKHKPAECW
random_23536,PFWLVNWVETEAKGMNEPSH
random_23537,AVHWTAGIIPFKMQTASKFK
random_23538,PIPPYRDQDMTGLGNGCFKL
random_23539,PCGLDGRGVNQK
random_23540,NEVMGLMMKRSDIQNWTMDG
random_23541,TCKGNRTIQGCEQNFPQILL
random_23542,WLAHYWAPVGDAEVYQITVGI
random_23543,CSMGWFQMWGTLVWVEDNAL
random_23544,HDMVTYQGKV
random_23545,ISWMSPEVYQYKVHFYKIFN
random_23546,KHFDIHLLWYCACDCKRRLM
random_23547,YNSSQVFHNIQFLNLDITVP
random_23548,KGDDGICQSQHFNVTSRKGP
random_23549,NMDLLTHLTFENFLYTVSTA
random_23550,VGWMGPYVCRNPDKQQGMLK
random_23551,HIAEASFDFAYKKCFMIHKC
random_23552,WWKWKWYFWPYKRFYQYAKQ
random_23553,NAAVHAWCDSTVSSWIRLEL
random_23554,IHMCIDNA
random_23555,VEEWHRCEIGDSWHTNNYTC
random_23556,FIPPLDN
random_23557,TDNEQITSKCTKYSYKYPAF
random_23558,SHGDNDRTSEYFPELHIWSW
random_23559,MFFMGMDDFVMTPIPYKDER
random_23560,MADRNKHCIFCDWRYYKLPC
random_23561,TCNVW
random_23562,SARERQILTFIENYGEDDAA
random_23563,YPVFMWDIENARDQKFLFAP
random_23564,NFVVKRWWIL
random_23565,NYWVMNHVMFGMVSNSQSNL
random_23566,QPLQHKYMMMWLMKWSWHWV
random_23567,GDVGHNELYDCY
random_23568,FHLEPPEDNLMLPQNDCAGDH
random_23569,NFQYDQWYSACDWHP
random_23570,QVDARVWAKEPRPDQGRDNPE
random_23571,WWGFKLHPNNSEFEAEGEKN
random_23572,WSTQRQISLNTYSMPTMNRC
random_23573,NCEFMHETNSSCGVPNTGSL
random_23574,PTFVYGKDLPCVKARTGCDD
random_23575,ATELTCMGDIYTDQLNL
random_23576,ISFVPRHIPWTTNQIFKEAF
random_23577,DQFGGMKGYMQGR
random_23578,KYRLYACQFLAKQGINHMHH
random_23579,QTWNNKLPFVRLESIQDNQH
random_23580,MCLTQYECVCVCDDQHLERP
random_23581,CFDGPQTRHYNSDAKIVDVI
random_23582,MEFYYKTICQRWVWFPHPSP
random_23583,HQTNWYAVNDCCWKYQGAVQ
random_23584,KAQFYSCLAPAAAWGNSCQKQ
random_23585,TDAYAKCCDQAEKDHMWYYR
random_23586,HKLMMWHLSHRRCPEGSYGE
random_23587,SAVPTDGG
random_23588,QCMGPPIQIVCRFAVWTQFP
random_23589,HVCGWYFGKALGCITSEYRM
random_23590,WHFNKEGEKPQGFPPHWYMD
random_23591,VMQENKTILEGYYRDGALPFI
random_23592,EMFMCKPATAPCVHWIRVPQR
random_23593,CGMQWWSLPDAEFHNPVGHT
random_23594,MRLVDHATIWDEKMPYYRMR
random_23595,DMRWGDHMSNNEIFPMNCDQ
random_23596,WIYYPYTHPNDRNDVKPDEV
random_23597,HGYEMWVLLYWHQFKDCQ
random_23598,HGCFIMDEMWACWPMDWGGV
random_23599,SKQYDQDKSRQNGDVWEGKH
random_23600,GFGLYADQISCNLGDICPVA
random_23601,YHKYKMGSVPAFRGPNHAGP
random_23602,SWYRFIGKKKHVWLMYILPI
random_23603,NMTPSMAWDERPSWPPTAQQF
random_23604,EQGNDCESS
random_23605,DQCFYPRLRRACREDQTRLI
random_23606,RNAHHGEPNQPYWYYQRDQM
random_23607,KFDEAKGPVPLRTVYNDHFA
random_23608,FWDFNTDPPWHDIIYEYETR
random_23609,FQFVEQFLPPVRK
random_23610,NFIFP
random_23611,MMCKNRAIDLHDQMEQIAIG
random_23612,YNMLYAQLIMPSYTTPRGND
random_23613,MEVRGRLQRSTMNLGNS
random_23614,QEWRYEVCPNQMDVFHMQKW
random_23615,RTNMCGRATHIVVFECMEPK
random_23616,GNCHGPGCF
random_23617,GYARWKFC
random_23618,PDHCTHSCCIEWWQPWKKCC
random_23619,MPSSATWSVISDVWQSGCAWE
random_23620,VQNDYPIPSKVYMMSLLVMS
random_23621,KTYMENEEKQKQDIKYEAKI
random_23622,THFTM
random_23623,DETYATKYFRVVCRPPWRSQ
random_23624,IFGVNHLIFKEAKSNWMDFQ
random_23625,CNVAHGSGITCNIKFMEFPF
random_23626,NHHMMNRTFNKMNK
random_23627,VFKEHWAWLFGHDLVAAWKF
random_23628,VANNLKHPVTHEDCQESDMW
random_23629,TMQCHKLRMNWMTKQPKCPHL
random_23630,VKAPVSTDNQRDMVRAAILQ
random_23631,VGRPIEIYYWYWINVKSGFI
random_23632,KEVTLDLGPYPGVHMVPCIM
random_23633,KSPYFISQRGHPN
random_23634,KHQTMSGGLCFDKMKMHDY
random_23635,EMFMYQRAKFFPDGIR
random_23636,HHMEYCMRTKQLEGALIVIG
random_23637,FSGWTLGTIPSCCKPKFWLN
random_23638,PEIIRKSVAGEKHFAHVDNQ
random_23639,EWGCDILLRSHYASNFCDKH
random_23640,MIQMVLFKGEDVVQKYSGRW
random_23641,QFGEPLVNRHCAKNATCHNN
random_23642,CHTQHVTGKDYRLMSCGVRT
random_23643,WLEWEGQNPFFAHQCFEIIPD
random_23644,QQVHYLEEVHVVKLYKDYCV
random_23645,DWKFNQPTQGTLTKWWIYLE
random_23646,KIGSTILCMREGFMEKYRYV
random_23647,WYAPPVCTMLWYAECHWVYG
random_23648,WLIYIYSGCVFHDHTPHRWW
random_23649,FSRACMMPG
random_23650,FYSRQIKRVNAIECEWKDLM
random_23651,SDERCITGNVAVRKMYEEQA
random_23652,RWNRGIWLAMLWGWDVKPVC
random_23653,IVEHTYTDNNTDYPSHEQEN
random_23654,SQPPHYSSDKRWARCINA
random_23655,EYPFSLQFCSNQEYHVGGLN
random_23656,MEREALNGVTPMFYPMWHVD
random_23657,EMTITDCEWLDKNQASMITTL
random_23658,EIYLNDAKYNGIQNHWWEFPS
random_23659,YQMEGCYMIDVGRNGWCDLDE
random_23660,EKKVACQVKPEVWEYVFWRM
random_23661,LIYFASFWGTLFYYSGNGFC
random_23662,RMHADAKFHCGMLFMDQIFR
random_23663,LQLHTFVKCPSQLNYSTQFM
random_23664,ACHRMYFACR
random_23665,LGGMNECMTACMFLHHHTME
random_23666,FYENTMKIWAARVWWWWEGC
random_23667,TIHLPMHYDACVPFEFEAKD
random_23668,KHKEQLFLGFMQQHSSLEMF
random_23669,VEWTYQYAEIPAMFKEEWREG
random_23670,RDVPNYKSFEGVLQPNSKMR
random_23671,GGYEPDNHCGNDHSYVEYTK
random_23672,PHEIWRKGTEWPIDNWKMSH
random_23673,HLKIQFWGTQPR
random_23674,GMMNMWLYTTMLRRAGLSMI
random_23675,FGWIYITCANNAQDEWWHIY
random_23676,HTEII
random_23677,IQCLIHCPEVPTACCILQ
random_23678,CNIVRGKMQAELIVYWCNVYW
random_23679,SEAWTFPRSDSYVRSSQNCC
random_23680,TFWACGLQINKRED
random_23681,DNNSHNGLQ
random_23682,YCIERMWVWLQTFHYWL
random_23683,SLLYPYLYHIKKHRHIYQYV
random_23684,ELIWHCIHIEEQTQNDL
random_23685,FWDNFHEWYKHM
random_23686,PGPQKRQEFVFVQTEVFVWM
random_23687,MQHHWVWYADTNSPFKGPAY
random_23688,TGANSRDWGHNKCFIMLSVM
random_23689,DEHYYETNMNKPGNTS
random_23690,PMLHICTMVTVWFMCDVLLN
random_23691,TFTPMRGLAEHHHEGFYGGS
random_23692,RWLHWIYYATIAYQAEYDGP
random_23693,ANSHPSTHGYEEPLAKTMRY
random_23694,WKDSKLIPAAHKWMYFD
random_23695,YSRDNVWVAKMMTAVYVTSH
random_23696,LRLHFNAQYYQQFTSHHINW
random_23697,VEERPFKWTHWERVFGMPYF
random_23698,EEPGCPHCAGQQDDIKFSHP
random_23699,YPHTPYEPFRPSSWYQTVT
random_23700,CSADQPSNYAEAVKDAYCWF
random_23701,TDSMYRHMASNPHFRIKHHC
random_23702,RCKVIPRPGHVQILLWQKLT
random_23703,FHVDTNVYGYTQNECFFQPIE
random_23704,GTVGQVGWQRNYWDNCFFFI
random_23705,SCSNTRLLFTASIQNDMDCK
random_23706,MEQVLS
random_23707,QGIPFKGYFGCVPRI
random_23708,HSQRVSQLQQSSGAHCTNCD
random_23709,FHEATILPACLIKPWVNTHG
random_23710,ACFWPEVCMYANMFIKIAHD
random_23711,IEGIVIRPTHMNHLTGCYQV
random_23712,HNLFEPYHTLDVSHRPAWHA
random_23713,NWFEESEDETSLIMIFYTDC
random_23714,TIADYWCEAIDGPNPWDCPN
random_23715,LIRIDFDYWDYKETMRRKYFS
random_23716,LWIEQIGWHDMINHPIIRPM
random_23717,YSNVNEALTHEDLWKVQHIE
random_23718,EYTDELQNMCIGHHMSGVFQ
random_23719,IYPGYETVLSWWTTGQGEL
random_23720,GVYLSPPRSRYTKG
random_23721,KLSHKCNLYVYSKMVIIYAA
random_23722,YMHRSPKWDRHMESHGYMVG
random_23723,LKSKAHPEMKKLCTQTDRIS
random_23724,NGNIQMTSTSDLFTRPDRSQ
random_23725,NQGMAPQIIAGMI
random_23726,EHMLDAIGFDWWEGCIYGWT
random_23727,NACMGI
random_23728,HIAPCPDTDEVMCLQKVHKI
random_23729,MHVQQIIWHWFIPPQWAW
random_23730,LRICIITIREQACYAP
random_23731,WSFMWHYHADIEIMMAVYNK
random_23732,DTQMWMQHNENNKGWMIVPV
random_23733,DWEPMMWGLRYQIYEKIGFEE
random_23734,GLKKCSRSPGAMADPMP
random_23735,VVGTCSAVTAQEHLKPLIWA
random_23736,CVCPVHVEYTICMGDGYCHP
random_23737,YHPRETRQKMAHEIDYVHWL
random_23738,QKAAWCRPCVMCKMKKANVP
random_23739,KVWMKITMMHHGDHAMPGSV
random_23740,GVYSWPTGYTTGLNNEFLMS
random_23741,TRHNIYRRDDICKRPEHCWQ
random_23742,KDQIKIPHHWYWAVLSHPIY
random_23743,FKWDFKKVP
random_23744,PEVMEM
random_23745,IIMWYWWDRE
random_23746,CFFCDFVISFGANIWWQRWG
random_23747,NMPMICCRDVYITSNFPVYQ
random_23748,FYTCKPSLHLRYVLHEPYWQ
random_23749,PPMLVAPPMFMMERQLFDMG
random_23750,SCYPTETTI
random_23751,IAFCMEWFYI
random_23752,WKVWSSMCVRNVGSGENIFKG
random_23753,RDQDRRMETRVMTDVNSSGN
random_23754,QAHRHKTMMTEECIKEQLYN
random_23755,LCWNIQKVKIHGPWAAWIMD
random_23756,FIWWTDQFQYFYISVGR
random_23757,KYDLFDLIDPIKRCEEDPMC
random_23758,CDNDC
random_23759,NFWYPHHPYCAEKCVGSQVA
random_23760,QSGIGSWQMLPRPAVKHDVI
random_23761,FQVAHWLWFMPRMIGCNHMW
random_23762,PSIGMHCGTRDHTVTCQG
random_23763,SKKWKDHLWKDLNPKPHTTN
random_23764,WIFNQYVGFMWHNCARVHRM
random_23765,SHMNYDMPVQEWNRDNMPCA
random_23766,FKCFKICMRPIEYKPGRSVY
random_23767,YCEIKCIGQHQCQFGRCKPT
random_23768,CRVSQVNKNQSCYMTYPALN
random_23769,GLFHMDGVYSYAMEYNEFDP
random_23770,IEQIDDWRATNAVHGRIMPA
random_23771,HCQYECYEWFHRDPT
random_23772,DKNFEENHNCQLLYRAE
random_23773,WFINQWCNLWRHWTYPQRAK
random_23774,NADGSNLQQWPGVQMVLTRM
random_23775,TWHCNWALYAMAEWIQVVRL
random_23776,RNWWQLKLHTKLTWRKKGIM
random_23777,MWMVDEWLTGRKWGPNTISD
random_23778,HQVQPCNSCGCLWIRTGQGH
random_23779,SYHMQFSWIWRQGHMWNIKY
random_23780,LVRDILHFGFDVHAPHCWLL
random_23781,NTNLCLLLEYMWI
random_23782,PCYAKQMNDINFPPEYAHMG
random_23783,CMYIRFPKYEF
random_23784,SGCPTSPVHTSYKWLWIVKG
random_23785,MHAWRTYKDGIIFDRMPLMW
random_23786,VLIYI
random_23787,FIHHMKTRQRDKNVKMEEEAP
random_23788,NNSRIAMTDML
random_23789,LVQFHQCGDQQSNTTVADTQ
random_23790,RRYWRDSFGKPWNHPTMHMK
random_23791,GCTEMEKSGKDENQFGRCLH
random_23792,WEVWKRHMDGEHGIHNPNTS
random_23793,LFFGTAIQEH
random_23794,PKKSIYLFTPVTLKNANLQL
random_23795,YDDEPALQKVNKWHHCYRDM
random_23796,NCDSYQWSVKPAKVIWCIFV
random_23797,LNMQNTDHYSKCYQNDQLKT
random_23798,WDGERKKVKKGACFGQLYAK
random_23799,CTCNTRDRGHVSTISMDILH
random_23800,PSCVTAMFCKCLMSVWDVGF
random_23801,YTRMLGHIESGYARKRHVDW
random_23802,GIKGEAMVWAHPMRRKKCSS
random_23803,MSLNIQQSWFIAMKHFPLYH
random_23804,PHQHAIGFADCKSDDNEYKY
random_23805,WGLWQAPNGPKSVCLDAFCR
random_23806,NKQARKCAQI
random_23807,FYDMAVHQIKMTEAKETQQNI
random_23808,NIEHGGQMRETENVLYTCGN
random_23809,IFWCVVAFCDKNKGYA
random_23810,YISCSVNSATQFWPGHQCVI
random_23811,VSVFIGIITCGPIKDYE
random_23812,QNGLQKKWWVKMDHSACHNI
random_23813,QAFND
random_23814,WAKMPNPNTEQRVEWLGYTM
random_23815,MWTLTEDIPEMAKTCPFTNF
random_23816,SQTRSEA
random_23817,RLTVVLADVTRPQPQALQHK
random_23818,GLIRKMIRWAHPHIAAWDCG
random_23819,ASAGFTRCENTTVGDNKY
random_23820,DKFKFRWIQSVTIWMKVEQQ
random_23821,HNRINDQQTNSFGKKPEHYG
random_23822,AYKHDKKDDEIWPWFNQDYML
random_23823,TKFIHGSLFVENTQKVVDDP
random_23824,CWKEDVAFLSIQPDDPDQAH
random_23825,MEETALCVRDFFHSQWQSCN
random_23826,YTKYPTFRAHGFYYHTTALP
random_23827,HALCRKHENNSNPDNRSDNY
random_23828,SQHTDGPNRADQMHRVFIT
random_23829,LSDKTMINWKCDDYTFAIPC
random_23830,LGYCEYNSQMDYNYHHETEY
random_23831,CPAMEDQRCGVERAYWWWCE
random_23832,HQMTYQTCEYDVCQDWCHAS
random_23833,LSCDMFMAMLHWECPVMFAT
random_23834,TWIVYHNQHEKSFHCT
random_23835,ADHTKDTIWSSKGFIMGHDD
random_23836,RIQRMDEKKEFYYFKPFPEQ
random_23837,TLHWYEQCTLSFLEAHTDAG
random_23838,YYCAFQVRVDPTGATASNINK
random_23839,GEFMFKAGCDSEQLWDKSNG
random_23840,RHMWKEAEMQSEDYTQQFCY
random_23841,ASPSSCLRWDYTTYVGFTRS
random_23842,RVWRECYSLRL
random_23843,DECWDKKVKTENCCRMYQYM
random_23844,IIYTTEYEASRVAANKTMNV
random_23845,EQRIAELNYEAGEFMCVFTP
random_23846,DTTDVATEMP
random_23847,FYGGFTASPCGSCFMCWARV
random_23848,GCITEETEWVTQGSLRIDTQ
random_23849,GMKESIKMEEIGVCDEAIII
random_23850,HEANWASEEHFRIIIQRGEY
random_23851,LGEVAKLDWTYVWKRQGDFRT
random_23852,KDCAIGKCFAY
random_23853,NRPIFMVMGIQAKNQAPTCK
random_23854,PCFFQCYQCYHNWSSFMDHP
random_23855,KELCQRNSSDAVFDVSPFGC
random_23856,FVQKCMDLVENGARVNR
random_23857,KSPPGSECHIPYLAGGYMAF
random_23858,WIIHHIVIMPYRPNCIHGIA
random_23859,YQHLLYQISQMSYGGMMMSA
random_23860,PRRALAVDYHLPEFYGVWEA
random_23861,SGHGSNPAYSELWGGVPIPM
random_23862,DWHEW
random_23863,QITANIPWFIVQVVPAYGKR
random_23864,RNVYPNTDDPVFQPPTYWFV
random_23865,RRPNHQFMNLSFTYPWRQDF
random_23866,HSCCCYKFSSGHWITGISFD
random_23867,RAAYHKCPLDFDFKQRVSKW
random_23868,REDFIMNWQRTFQCIDMQIA
random_23869,DMFGGQSKMLCGVIRTDPMI
random_23870,WVEDNGSLRRMVDDDHKDCRK
random_23871,AFMTHHVNDYEQPSVYYMRR
random_23872,WQEHICPDISWPHIMKMQ
random_23873,EKNGQTYVETIRGERPGYPM
random_23874,HTMVQTSPETVTMDCFTCMY
random_23875,SCTVEPISCQQEFRI
random_23876,KVKNTTGQWQDNEMNPTIYR
random_23877,NKWLHSMGDPNAIKSMSDKC
random_23878,PHIAM
random_23879,IVGASHQRHQEAGPLLYWKF
random_23880,RCGNSYENFCFPWTIALVTP
random_23881,SVETTMTEIRARPGNETTAC
random_23882,SPWRMEPFQNCFQNYVEMDP
random_23883,HNCYQDRPNWQDYVQKGKMEG
random_23884,DWTWRRMYRAIYCYYRNLLL
random_23885,IMSGEDMVDL
random_23886,PKYPQVLQEVGNLKSMRFGQ
random_23887,RLPNAKCPFGFDDRLALHDAE
random_23888,SEHMTDKDFSFYNPWCCFDI
random_23889,YIKNCKVDMICPGARQTRDS
random_23890,FICVECFVNNM
random_23891,RWATHYTYQNWECQDYPIQW
random_23892,CAWIFLAKIICMTWKVRWGV
random_23893,CFNKKSPTLARQFSLCAQVY
random_23894,WNPFHRSQGA
random_23895,WDPDHDYSS
random_23896,DMHGSRKPWCREHKKQAEFS
random_23897,NGFCIIYISAKNEWYTSVGN
random_23898,TWWTKWMVVMGGRSMIMNVY
random_23899,SDWKWQWFEKWPRYNDQGSN
random_23900,WELPQSMDQYGRFWQRADFR
random_23901,VNQYKVYQNKRMDACWNGFV
random_23902,SDRGNVMTYKYHIKLYNCFV
random_23903,QLGVMYE
random_23904,LGDPVPVVYTDIEWEIYSTV
random_23905,NDRQKFHEWDWHRMTLFPEI
random_23906,VYDMLELHCGQCVIEHWLYC
random_23907,YSMQDKLGMQGHVW
random_23908,VLQRKCLIIPVAIGEQYWRK
random_23909,YPHVTLIPIHEFGKDPWPVVY
random_23910,NSIPYFLGTFI
random_23911,DLKLQDRHLRACAILAHRLY
random_23912,YKFNINPVVPPMHELHQCDI
random_23913,FMRTVPFDYYDMCVTSLMQM
random_23914,CCYCRHRFFQCRFDATRTRF
random_23915,TGCKYWYAAACPWQSYMNYA
random_23916,YARHT
random_23917,DGEKTFHSELQCQKCFKACC
random_23918,HPHHEIVTVDVPMDYTQSEK
random_23919,KKACLFFKSMSNVVDTHICV
random_23920,MTYEPHAHRAFCGAASAQVC
random_23921,FLQKASSFTKKTLTEMFAEP
random_23922,QRCQQDCHDNLMSEWTIPAP
random_23923,DAVVLQSNVCHWWFETFHGK
random_23924,LELMIRGPTQLGHVGITRPD
random_23925,CHKFAQ
random_23926,QFERAFDRK
random_23927,DLRDWFPDDSDW
random_23928,YNTIHFESAGESSTCYIPVQ
random_23929,DKMECQLAFWGEDSFNDCWT
random_23930,CQKMPKGNYICEILPAWERPW
random_23931,LQAYSFKQIKLDGWMVFSEK
random_23932,YPFHYRIGNDAVTHIVQIRN
random_23933,TTLYWFEKIPHHSGWIWLNK
random_23934,MDHKCNREMSAYMLER
random_23935,YIDRYTHCSCYGIEWAIMVV
random_23936,GDIHIWRYSDCTIYTFECEQ
random_23937,MCRKEGESFVIPYPRNRQG
random_23938,PELTYWPFEFPNQKKQHQST
random_23939,VSTIFIQVFRCYTAYLNIRP
random_23940,NQPEQNEHPYDFMTSWHYSM
random_23941,GRSCTRVGVKKPWYRYRPSD
random_23942,FDESQEDPNRQMSRLTMEHP
random_23943,RNPEMKTKNQREVHQMTCWN
random_23944,WDYYKMFGTTAPHKSAWWLQT
random_23945,WCHPGHATKHFRCLYITCTW
random_23946,FNGTTWTGSNLADLYPISNC
random_23947,FPGKYAVTSSWPYKVDIKFT
random_23948,FYEGLVVFFDKEWRFIDSGQ
random_23949,LIFDLPDRIAIGVNTFCNKE
random_23950,WGGFMQYRTCCCEDPV
random_23951,MWPVKQKN
random_23952,RKVCGINLQFAGERPTSAHR
random_23953,YCWYGTANNWHVPSTVGWFY
random_23954,CGGQNFPDWLMPTDPITQTD
random_23955,DEPGFWKDLFSDMWEDWPNQ
random_23956,RNMCCYIMLEETTRHKKVRD
random_23957,HPSQNPFLPIPCALSYWRAH
random_23958,HPTFSWWYCVKRHFHYKVHC
random_23959,FHYFEATPSKVQVPNFLHLL
random_23960,GCFHEAVNFDWIEKELLQKT
random_23961,AKMLVHF
random_23962,LQRRERSIGHHLILMSVMIH
random_23963,SCARACY
random_23964,EMCPCMTELSNRDHLDHVQP
random_23965,AMDYLTDRRDLNEQAD
random_23966,WLPRMKVTNNDFTDVYFFIIP
random_23967,QIEGVKQQMFGCKPHHSCFM
random_23968,WRQYNNGQNMVHRAHVQ
random_23969,LETTQIECIPAKENLCTCLH
random_23970,QAWKSKRTRSMTTWLKNKNI
random_23971,QDEMWDHRYCVTHQYCWSPR
random_23972,QTPGDHRASKAMHFVREHKL
random_23973,PYYEGMTSYRQNFICWLDQD
random_23974,WVPHAQNPFQHASKLKHWMT
random_23975,YQEYHFNHCAHRFWASPLRQ
random_23976,RCHILCIDEDARYD
random_23977,AMQKCYHFAAMDLECDVTYP
random_23978,ECNVWYVWKLRIEHKGEQDD
random_23979,RCADSVWAWLVPYEGICMLW
random_23980,HASCIMMKLYNVGIFFDTYC
random_23981,TWGFEMSTDNVKAY
random_23982,QKSTTKIDDGQMNPEKQTAT
random_23983,WDWAVFAWYDQYNYNGGLDG
random_23984,PLVFHWVEEVFIQKISPLQM
random_23985,LKNQWENEMKCKYLDSEKR
random_23986,RGMNYNCEYRGCRGWGDIRW
random_23987,NPDRDTVWGFLSIYDMRWPQ
random_23988,FGYTERYNYMIRQTEQCHHM
random_23989,NSHQKEGYTACAVFDSV
random_23990,ENAWACSTMRPKFADTPNAY
random_23991,MSKWL
random_23992,TINRFAWCRNTQWGHASAMP
random_23993,EDVQG
random_23994,CAWIGPQWCIFAMWTHHPHS
random_23995,TAKGFPCAAHQFFAARKIYP
random_23996,DALAPICWIRYLIMYEKPIQ
random_23997,MYDNMVDKQWAPFFMSPNPG
random_23998,CLCDMRLQKWMCIHIYFKGM
random_23999,HSFCQDMQPYMKRAYLEMQA
random_24000,PSRHTHHSWFW
random_24001,GDEEQNCVYQYCEPLIRSQC
random_24002,MTNVRVYDMKYQYNQWNQKQ
random_24003,NQWLDKDSAFAEYAMSMIEY
random_24004,WLVQEPEYPGGCYMFHNEGF
random_24005,SSWGFTSQIFEYLVAMPQRI
random_24006,QAHFSWTLHTMHFYLDSDFM
random_24007,WRGDQHAIPAGHMG
random_24008,CFYLLLVAWVQKLFKCRTGQ
random_24009,RMFYAKKIDQPKQYPIVVTI
random_24010,FQQPQDELGMSYWHQSFKVR
random_24011,GPGLVGF
random_24012,RYCPMLGWHQPWSWHMVCAQ
random_24013,PDQERLRMTDVH
random_24014,WKNARGNENVMHWCYHFEIL
random_24015,RMFCIRKERTTSYEEHRVMT
random_24016,KWKDPTYCDWPWEQW
random_24017,CMCQKDVHDGGALIWMMQAH
random_24018,MYIHE
random_24019,QFEQGDMVPNEFAFCYQEID
random_24020,YHCIIDDSYRCTGTC
random_24021,HNNWVCKMTDTLMPAETYNR
random_24022,EQSIGDVEDRERENINSYTM
random_24023,KEFHTMHPKPECEHPQKWFQ
random_24024,FIDAFWLGVVKLDMRPDMSV
random_24025,KLYPRFPWRYMCNNPCNSSN
random_24026,LYAQCCVVNTDRENWTPKSE
random_24027,SAIYECTPGLEAYQQNDHMM
random_24028,VRAEFFMRWSIGLTSAHVSC
random_24029,TPRYKHLYMGKSCTYQNCKR
random_24030,PAMAAYEWFCSFIVGGSLMV
random_24031,GDSFDTMGPCFMRMQHGIWY
random_24032,MDALWHPGMDLRMLDNFMHE
random_24033,DYDNAAIDHSWFPSNWAPEI
random_24034,KDNLWQGWNKHRVLFQQTDW
random_24035,QFEWPDQ
random_24036,KGWFEGRDEKKQSHMTSLIY
random_24037,QTKAWCGHWRLYIEAFLTSN
random_24038,TLCWFSNSFTIMMACETFWW
random_24039,LMDKEDTEWHGKNHRPADHS
random_24040,LMGEALLLTWYTDEGHDEKQ
random_24041,CCTGQSFLAEHK
random_24042,REFHVHFVHYQYYSNPHAGD
random_24043,TTGTGRCSGPLCPQD
random_24044,FPWMEDICWF
random_24045,KAYVHEVAMSMNPQWYRMTM
random_24046,DSFRFNWVPYFCWIGCPTCY
random_24047,AEDGLWEFKYT
random_24048,TTWDVWEAQYVCAMDWKNTE
random_24049,DPISPWQWQYEYQQPDPGSH
random_24050,NWEEGAFEHQRMELKLFTKL
random_24051,GQCDLIVQNWFALDAVQTKL
random_24052,HGGCYCHKWMVYPNPGKTTL
random_24053,KFCGWVSDIRFALEIAHIQT
random_24054,VPLEKPGWSWQMDVMPPVWQD
random_24055,MIWVKQCGYGWMYPFDQQLH
random_24056,WWWTYMAHNGDEFQSMEPLQ
random_24057,KCAMGDACTVPWYPDQH
random_24058,ANDHELMNDNISKEMRFNHM
random_24059,RMDCPEFVLDLIWSYIDQKH
random_24060,RITPDYGQVWC
random_24061,PQQMNQAFPFSVHAVAKTPG
random_24062,MYGEMFITQSGDKDHCQHPW
random_24063,ICTHKTCNTMSLVTVHCNHN
random_24064,SQGLHADFVGIKHM
random_24065,NYPIDNWLSHPMHCNSNSPP
random_24066,HCAPRLP
random_24067,PNEKVENVKTCMCWEFVVPM
random_24068,PHNTIMELDVFHHPSIGTFL
random_24069,MMTPAWDTTYQRR
random_24070,NQHDAIISSIHDNFKIEVKG
random_24071,FYKGFNADTFN
random_24072,QMCVEYNRDHTSDPGNMNNY
random_24073,VHKERDFSCCPKQWNETRVN
random_24074,SEPTPFPFKRTKC
random_24075,WIQIENWFY
random_24076,YPWIPGRTLWGWIPNFHESL
random_24077,RLCTSCLACGVNEVMNEKNQP
random_24078,PQRCFFVLYNIAFMYGISFS
random_24079,VVKKIHDFITEKMSSMWRYS
random_24080,KCIGNQEPYEIITWEAPEMQ
random_24081,CMFNYEYPGPEHSSNLNANP
random_24082,HIWKPTWCLSVATSEPRSCH
random_24083,ANNHMFIQWGMYWHMNHQVI
random_24084,RMICHNTNHCDGRRATNATP
random_24085,LRSPQLDDWLPKWPSLITFY
random_24086,WPFDYCPNVGYWMLCVAPWV
random_24087,SQECAMWPCYDICNNAFGHW
random_24088,VCFVCNNLK
random_24089,CNAVGFSWADVVEYRWFH
random_24090,CVFVNFESTVAYMHEDSMTC
random_24091,PMQLQYEDCLKTKKAHEHRT
random_24092,EMVNEFKNFYCGKSPEKWCQ
random_24093,LNYNMFEMKQHCNWNQCDWR
random_24094,WEPDSPIGVSWNRKNFLHIL
random_24095,HCDCPHELQHLECSFVQCKK
random_24096,KIGQWCNIEDDFRARRGHNG
random_24097,YIKDFQDDCPTQCHYALCGA
random_24098,MYVQVCVAILGEQQKNHEAF
random_24099,SAMRVYTYKHWVQQDSFQVM
random_24100,IFSGAPRSQMNDVWNHRAQM
random_24101,NEHGKPSVCQMGIVYFNNKL
random_24102,YVDVTNRRF
random_24103,NFFGWNDDSCAVETGAELPC
random_24104,AAAKVDDC
random_24105,FANLESPP
random_24106,KNLDHMACDP
random_24107,SAEGCQCYYWMKPAWGSPWI
random_24108,TEQMCYSDHKLAQ
random_24109,DLRLSGRTGIRGFRTIVPFI
random_24110,NELSRWHVKAPGNLWPYFCF
random_24111,KMSLTFIGDPDMYMGIYWGT
random_24112,SCVPWDSAVSFLRQTQYDKH
random_24113,MHLDIMLMNMEQNNI
random_24114,WIEADQKLWTFTFSSPIKLN
random_24115,TLVQFIMAASKIVKMHSQPV
random_24116,VYQLEIMGHNTQPWRQSFKD
random_24117,TYFIPTIRTTVHCMDQGTFF
random_24118,MTGYTQFPYPQRNFLVQCKP
random_24119,GTSIHIYPTVVTYMYLCKGK
random_24120,ENANGPEGWMAEGRPQTNTV
random_24121,LHFAFSWVNWNFPIEWRGDD
random_24122,SRKCIAIWTI
random_24123,RHNWGAFWEDF
random_24124,GDACNIM
random_24125,QALDKIHMYLCICDWHWHTT
random_24126,FWDHTSGLRDIP
random_24127,APCFVWKLRMNVWSRDYWSV
random_24128,VAETSLQIQKGQWFRQHPRW
random_24129,TQQCTWFTFCMQSYRPLDYG
random_24130,VIKDYERS
random_24131,STQMCSANLAKYFMPATMSR
random_24132,GKMKCGIHLRLNEPQGMCQNW
random_24133,CYMLLWKMAVQLYPQYRHQW
random_24134,FTAAYAMMYVMKMKITISIW
random_24135,LFFLTPHNYAHAIEHPNMIQ
random_24136,CIEAHNGYMHYYRVFTIITD
random_24137,TGISRKQYEIVQDGHQYSFA
random_24138,TEKALTNYQMFNKKQSCKYV
random_24139,SFCGITYEKHDSHENVMTGK
random_24140,MLTRAHININILNNLDIFGV
random_24141,RRSPHSMQQWGGWPQYDWVG
random_24142,SISRRDDVMIRHAWF
random_24143,NFYPNKLWTE
random_24144,EWWHAKPMGAVLGSKRRRSP
random_24145,TMSSWRFWEFTTNWVGAKPR
random_24146,CDGHTFTIPYSAALKIGYGR
random_24147,QEERLAIRDTMGGPKPGYGY
random_24148,EMIFELYLFWGWNAMVI
random_24149,EEEESPPNWCCC
random_24150,QTACMF
random_24151,MHVWDRTKMEFQGKTITAYLF
random_24152,LSFWHIYFMEQICSNNAAFS
random_24153,FFPCMNYDTAMPRNHIDYVG
random_24154,MKQMIKNIEPVSAIEHQQWR
random_24155,MHFSMIENYLMHFLPNNA
random_24156,VADIFGPKYRDPGGKWNIWS
random_24157,YYFVARQWRIGPFAIAICFK
random_24158,INKLRWSEMSMPRNVYGCCW
random_24159,KVNCMLNQG
random_24160,REWKEREDTSTQDWEIDAGS
random_24161,PTHRMACWR
random_24162,THWKGFFCRHWYQVWSHCVT
random_24163,WIQEPWAGSPSNRRHDAYDR
random_24164,KQLVHHGFPWLGTVRNEPLKH
random_24165,LGSGCGMDIWRHESCIAHPH
random_24166,HPATGHAHDKWSRGYHIGDQ
random_24167,MEESSGCIRYYAMVTHWTWE
random_24168,THDTPAKWSGAVNWDVHQIK
random_24169,VTCPVCPPVYRHNCSIYHRV
random_24170,LTPDRYDITCFGTSGGHGTH
random_24171,CALRWEKWTQFIHYIVGYWY
random_24172,RFAFDQKCPNPWFMEPYDL
random_24173,TEFMWKSSDPFEDQ
random_24174,MMPGFQKTVQYLRDGVLFHY
random_24175,RKNPACWDWEAEKQFHMSSI
random_24176,WCWKPLMSNPLEFPLPAYLH
random_24177,DSGKNYHCMWPFEAHDGNNE
random_24178,FDTKPHNPQS
random_24179,ASPEYIITSAQLERRKMGWH
random_24180,MCLYWNGKIMTCRSRTSLCW
random_24181,KLEFKSYGCSNFCQVEPWIF
random_24182,HAHCPFCGGPVNHEHSLCNR
random_24183,IVRCCLCYFMINIV
random_24184,HYKVTGTWIRQGPGDFCIRY
random_24185,IGYEPQAFFHFSAQCDEESIK
random_24186,NTGMINNYFYFVYLYNSADP
random_24187,PARWLHQEAKLCN
random_24188,RWHHGNSWCTDLKYHRSWYD
random_24189,NYFKDAKLYRAMRKNSMISQ
random_24190,IDWWVFQHYDGSVFDAAEIG
random_24191,KYGKHNVWMGHKMQLHEWFR
random_24192,KDSPISCKYLKQCMYVIGWA
random_24193,CKRMFIYQYYASHTAPQMAF
random_24194,MFSGYNSFEWCQEKQPLIDM
random_24195,EWFRYCIIRAPYVHKSDQVT
random_24196,CGCIAGRMNDSRINYMEQYK
random_24197,QGWAFRHHSVFHCDLAAFVQ
random_24198,CHDKAGIHQINN
random_24199,FDLLYAMQVKTTDKDIQVTT
random_24200,YDNNYNWWWTGMQMSFHAQW
random_24201,TSCPVILLFPHGMKFRFTAM
random_24202,IHMEKWSCRYVFAVVFDPFT
random_24203,WSWFITQQSMQTYGRKSHIK
random_24204,SEPCANSGAEQKFYTNTHCG
random_24205,KKPMLKFTCKHITSEDFPIT
random_24206,GPQSIMW
random_24207,DKKCLEKMPINRAWTDTLLM
random_24208,DVFRCCAEAYRTT
random_24209,DVRECSAKNYEGCKRNWNQSE
random_24210,PSTPFTRFKDAWYQAYPTDK
random_24211,MCWAFTWSQGNGNS
random_24212,VPCSKVEYNHTYKCASWMII
random_24213,CGCCFCRRQIANDNGQDNAK
random_24214,VQHRGGEAMFSDWLMMQLTI
random_24215,YEGVRDRLRQEWCPASQRMH
random_24216,NIECFILFKHDLWFVVKPSC
random_24217,HQDHMWSGMKKYWARWIKMHC
random_24218,IHWDPLPPGYMP
random_24219,PEYSGDLIETDMLAVVQEEK
random_24220,STFTLWEAYQEKVQHCNAYE
random_24221,CTNHGSHMTNSAHQHPWANR
random_24222,TFMIHSMMKIDLCGTQYQDE
random_24223,QWCSVHENAAGNQQVTEAFM
random_24224,TGLTCNTCYMFGYMDLQAHN
random_24225,KHKRRLFLFHWEVCISHHVL
random_24226,WFDGP
random_24227,DCKKVSQLRMIFGRYQFWIY
random_24228,QFNCVIKTDNACIHNDCSPYH
random_24229,QVIPTCCMID
random_24230,MRRMLPDHPNIVWDTKTL
random_24231,INQTTFPDIMVKTYATENCT
random_24232,CSPKREQWQTKNFFVIMYIC
random_24233,YVSQVCKKSRVKLHTCKQQF
random_24234,SEGNVEPEMVYYMT
random_24235,CSDPRWIRFWWKRVHHWWFN
random_24236,SNLPRAE
random_24237,VTDELAGDYCFVLEHQKDYS
random_24238,CTPPAPDGSPTGFM
random_24239,TYVPNGGLGW
random_24240,DWIAHYRELGYKRPGGFIRQ
random_24241,WFYLFYGSFNKSHDLQ
random_24242,FNMCKPCSNKSRNRHWPVAV
random_24243,EFHMSTGGPPWYRIECDPHE
random_24244,CVIWTRHNWSWRKHSGRKHR
random_24245,NDCYCNKIMYLCNTSVEEYQ
random_24246,GAPNHGDMFCYVCRGTLIVD
random_24247,PENVACYCNKCTICGEWILE
random_24248,PCINNEVWFPNKLHAMNGNCR
random_24249,HCVGKKMENTA
random_24250,VWVIPKVKMK
random_24251,TYMPLRQIVAMT
random_24252,PLAPCPEFKLKYEFVNLPHS
random_24253,LGAEGHSTQSAVIAQSSDTP
random_24254,MPLNNSAKESVHLIILLIC
random_24255,CPTHRKDNGMVWQYCMALVY
random_24256,TLVLLWNFICLRKGHRKWSE
random_24257,IHEKPKAIMWQQWMEG
random_24258,LPDETPHGSYIGSGH
random_24259,KGDNIMSSTLWDLCIMAGDQ
random_24260,GGEKDAWKRMSHADYAIETD
random_24261,HMETTIPDWKACCGCTIMCYM
random_24262,GDQFKQENDCVEWGIINQMK
random_24263,GRQLHPILHNGGCVNDNGIQ
random_24264,LWVIHNPRMNNY
random_24265,NLSCGWNNSPVYSEREGNLG
random_24266,SLNARYPAINIVYYYMIGGW
random_24267,SPMKRKMWNSGRDFVYGMIC
random_24268,HDLWDLGKDGESTRTVGVAN
random_24269,IHASCCQVWAGFWFVGHKR
random_24270,HGTHGTPNSFYAFFKPN
random_24271,SIYYWSYYSYIKQQHCGNM
random_24272,NPPRMMCKCSFHLTFPSRWA
random_24273,FWVWFQW
random_24274,PVWWICNRVDLYVLQFTFPP
random_24275,CDHRANLPHRWHYHRNNTGLM
random_24276,SGMIYEYVHSSQDEDGCMLV
random_24277,SIKLTRIDITPPRFFQQAYS
random_24278,SSQTLDRTVRTSSRDICYNQ
random_24279,AMNHGYEC
random_24280,KGRRDQTAAN
random_24281,KHPLQQDISKDIWYCGMPWE
random_24282,LAVQEDIDVYKLLGFLIYQCV
random_24283,EATQIIVYMVQAAEAAYNTQ
random_24284,TMDAYPGITIIPTMFIIPRE
random_24285,CRGTMANYPQFCM
random_24286,WASRKANMYQYK
random_24287,TQEVFKDFWLNWYLDMHDDN
random_24288,FHPNDHAVIMSCKLSSWNSA
random_24289,DITIHRNAKESRCLPYALGW
random_24290,YVGKMISNLCYFYEKIVDGR
random_24291,ANFMFNQEHGNNWVSSPTLD
random_24292,FCSIIFHYCCYMDLAAPPLC
random_24293,CNLFLFGWDQEPWYFLKAYC
random_24294,NDDHAGYRIEPDWNKGHDYR
random_24295,KNIHHIHLIY
random_24296,AYPGYCPLLRMSDH
random_24297,DPCCAFHTVTTSGRQKITAM
random_24298,IQDKYCTTKVIITELTNEAPL
random_24299,DPVWLNEFFSMF
random_24300,DGHIEQQKWLGEMMECQTII
random_24301,ADKDGLDASFNVGYRNQAKT
random_24302,TYLIAYYNHTHEMDDNDVDW
random_24303,QNPNMEHAPMQNYHLTEEPP
random_24304,KDRTCGTAAWSVGFDGEYKR
random_24305,IAPACRWADENIKICEFVLA
random_24306,WNEIEPSQCKWTTKTSKGKH
random_24307,RHAIKEVLKSHDGVEDFSTE
random_24308,WPIHPWSGYLTTNKWLQEIT
random_24309,YLGMYEENYNHMKRERASRP
random_24310,TSPWWLTNHT
random_24311,AFWRIWFDVDDEQS
random_24312,RGKDHQSMERFSTWTYHRNP
random_24313,ENGPEQWNNMFVKASLVMIM
random_24314,TFCLHDMTYMSGSIRPRLMP
random_24315,INQKQS
random_24316,HEQPYPYWRKDCMYFSFSYS
random_24317,LCYIQPIRGWVLQRDHWKKL
random_24318,SMAFTNDSFTEDMVRQGLPM
random_24319,VQTGSPQMQHYLNDIFYFND
random_24320,RGQACIKNGMI
random_24321,DIDLYIWYLASHG
random_24322,CNLHNWPNEIIVHIAQGSVG
random_24323,NHMKSYQHSNISHCYILTSR
random_24324,DVLAWVQNRGCMYPKNQRFS
random_24325,YTMDGKHDPLKHNYKFFANHR
random_24326,FPNIHSVLDQFCQRQGSNSH
random_24327,LYHSTMHMLMNADDGSEMIG
random_24328,GNGLLDAQPGWEMNQFQMSK
random_24329,CVLNFREFGRTAMPYFEQQY
random_24330,VDWRLSYTKFKCHL
random_24331,IIHFLAWMKYPQVQEYIQAD
random_24332,DEMASGMTYRTTKCFCIQHL
random_24333,SHWGHSMKERHCIDVSYQDNG
random_24334,FALETFGKQYMRESYHPRIF
random_24335,DHNSDCQPNMWVRTNQGHRR
random_24336,IHWKWHTNYTTNPWLVHS
random_24337,VWTWVFHSRPICTMMAELDG
random_24338,WKGDMCHDTGFVCYTFTEWP
random_24339,WCGPDL
random_24340,VARRFEFLMENYRAGQQDQNG
random_24341,PRMFEKGASTSLYVNSIKAR
random_24342,RKQTAAINAWLIQHQQKQPT
random_24343,VTHAKTQYHVMDYYCRYRTL
random_24344,MQHREHSLKRSNIWYHATQA
random_24345,SGILSKYEHQCDSQRKSAPE
random_24346,QPTLGWYYYCWSSFIVACVW
random_24347,QLPQKIEFTMCTWGHTLFFK
random_24348,NGFKNIMMEKQPPHQCGTDEC
random_24349,GQRWYQGCIKHWIFFSGGYR
random_24350,CFIDASPTYDCANFDRCGRD
random_24351,AQYRDARYKGK
random_24352,KAMKAIVYDFNGDLACFNRS
random_24353,ILMMNSIRCHDDRPHVQWRY
random_24354,PENVAYIPDIRDFKNPKYDL
random_24355,GGSSVKPNMAPQDIDCQIWE
random_24356,PHMHWQEIDLCHDSLCLPDI
random_24357,NTADLRCDYIRENAWCWFAS
random_24358,GFTTLKNPDQIFDQTYSDMP
random_24359,RKRWVHHSIGFTLIPPHEEI
random_24360,IFLEG
random_24361,DRQKFVYKNEQIFIMTRMRQ
random_24362,KMWYGCSSCIDANDAPCQPC
random_24363,WIRLVNPYGFNPDNFMPMWW
random_24364,HIGDNMFNKPCLHGIHFCCQ
random_24365,WKLLQGQNLRVQNPYTYNLE
random_24366,GQPEPFYRWSPNWGMAQQTI
random_24367,QMMTDCPDLCDASNTNEGAR
random_24368,TMKLYQYKLVAHLYTKRVSH
random_24369,WQAVTLKSGCICKEPLCASW
random_24370,FCHVEKDVECNGKMPGDPEY
random_24371,HINGLWSLSLQDCDDQDCRA
random_24372,WGDTHYPYPFTYCMQPFGLE
random_24373,FKQPSWQILRMRDYMPCQDN
random_24374,KFSVNTMHLLFVGAITMEWP
random_24375,GIFKWRIKELFIWTNKIVKDF
random_24376,SWIMSTWTQRGSKTMPRGLS
random_24377,LRADSMIVICSHPWMEMQYQ
random_24378,REGAKQLYPRNDRYIWDQKGC
random_24379,WFKGSIAYYKEGTDCWFDSA
random_24380,SFSNGWNLSSTKNPDGEVL
random_24381,NYPHLNDEVAKGSTSIPNL
random_24382,MYTMPKPMYAMLKAMHDHAF
random_24383,DNIYHELQFELWLFDDAGSL
random_24384,QTWKWRIHCRIRWWPWRGNC
random_24385,NLACFFGQRDFLYQHFHKQQ
random_24386,PLCRNSIHHSNWHDALYEQK
random_24387,LWFCWCGIKQNKVYVRVENY
random_24388,RFGLFYWGIRRERLLKYNYI
random_24389,AAMGHHKLGQVYPKNWWVAT
random_24390,DAMWYFLWCYSQLEQVTHQA
random_24391,HSGLVVTPKMMFMHWKSVKC
random_24392,MIQPKSRLPTFYLESMAFRT
random_24393,DGFNVMTWHKCWFQESQGMH
random_24394,CRMFAMGT
random_24395,ADPVYCIATFTCICADYDQE
random_24396,PAPQHP
random_24397,TVILSFNFQSKYWRQPNFAS
random_24398,LRPMRDQCEHDMCGY
random_24399,NPFRMAEYYGYRLHPNTFTD
random_24400,QELDEFYLHH
random_24401,YDLPDYYWTNCCVVVIHY
random_24402,VVLAPYKERKAFGQAMNYFYE
random_24403,WPGKEVGYNWSIHVYKHQEK
random_24404,CQLTAQWDHRERWPYMQFMD
random_24405,EIDLPQMDASHSQVGIHWCN
random_24406,EYDESTQYYPGQWHNEIIPI
random_24407,SNRFHKCFMASNCSEQGILA
random_24408,HSKCKPPDRAEKWNTDGVRT
random_24409,INFQAVMLIAADGAFPSTHE
random_24410,NCITQSHTEESEHKHIVWKQ
random_24411,EWSNYRFITAKHLNEQYFFD
random_24412,GRCRFYPILSKYCPSYMLPWT
random_24413,SRWDKYEMIGFCSE
random_24414,YKNRSDNHTMRPEYHAYNDV
random_24415,LTVEWELLFRTMFPHRTQVH
random_24416,RQCRDRLVQWMTPRTPWKHI
random_24417,WTSCDMSVHFQHICIEAPQN
random_24418,DHRHFGTQSLVRTFTYVSDI
random_24419,PFDFKEFQDPHMLWGVDKWK
random_24420,FEHSAVVTKDSHSQPSPWRH
random_24421,PGVKSTPFEHVHGAYTEMQW
random_24422,YDGTHTRSHGTSNPISKKSW
random_24423,HSYMYDMINFTYISRRQECV
random_24424,VVWPVQVYIAVEIWHPRNVQ
random_24425,RMLIGEWEPNEHTNEMVETIC
random_24426,PHVANQQTEKY
random_24427,FPWTHQFCADFYICDDHNWG
random_24428,EDLDSEALNGWDMTMDMVRS
random_24429,GVKCGMCMVPNEILHTGWNL
random_24430,IDYAGYSPGWPCR
random_24431,ACFWTMWENAQAPKWTPHKM
random_24432,HKFHQRYVADDHNGVVERHV
random_24433,FKDHCWGFLVFKRSYTMNCHH
random_24434,DIMQQAKMTQWSTQNPFNTR
random_24435,YPEYSHCWLWRDWEWPVTRR
random_24436,PTKCREHKRYSRADAMIRRW
random_24437,NPDDDFPPIAGICEIGGYHF
random_24438,KMNWSQWLGIEFGFQAAPEI
random_24439,LTKRFQVHTHLNKSGVVRAF
random_24440,NEPACWTNMCGQMWISICYY
random_24441,PDDMSFCCNPEIFGFVHKNG
random_24442,IIAETQTSKPAMLLNACSML
random_24443,TYKILSWVNPHGELSWRQFW
random_24444,FDLANARYSRYDHPYWEFMP
random_24445,RISKNGGHAECPCWSGFPPV
random_24446,GNCVGHGAMMIQAKPLDGGF
random_24447,HYRMWSVELNGVPCMERDHN
random_24448,FSGQHYANTSWRMTYQCVKT
random_24449,KYQIGSCRAAFVESYRNDML
random_24450,MSEEFPDFEMNKDTTYMIDI
random_24451,WHRTFQAFLWYSTYWILKCF
random_24452,IKMSFIFVCSASIPRLPQSQ
random_24453,LTTNCTHLQWSFIRCFFIFH
random_24454,RYAWIVVHEYMKMKYKQWIS
random_24455,NGFNGCCVEYAMNDDSVV
random_24456,MTGWDVKLQGYCVAVVQKND
random_24457,MMTVVGFTLVPFFSSTDTNN
random_24458,FTSAFAYGLHFMYHHHKPTIF
random_24459,CEIMIDTQWNYQMGKKGSIK
random_24460,QWIYSHVWSTLYQHMVYFYD
random_24461,LETRLQWQGSVRINSHWLQV
random_24462,SMTVRPTMCSDYKIEAKYKC
random_24463,TSMQIELQNQFGKGCNCKWDS
random_24464,MNQQYCTTSEHAVNHFRVYH
random_24465,KLYARPEQHPTCFMYESGLK
random_24466,QLHATQSHRMDENDGNLHEH
random_24467,SSGHFFHHLQADFQVDIHPR
random_24468,IHGSKM
random_24469,HNYSSMGSTPQFNWETGEWAS
random_24470,IYPWAPHL
random_24471,KPHPYDCKWSKHDPSYCLAF
random_24472,IDCVPNDMTKLVDLPNCFYN
random_24473,NCPYIPIHCWQVWEMRTKYGK
random_24474,NCWRQERTQHWSDPNEYTDE
random_24475,FTHFCQGQIKIRECKHTFHG
random_24476,SHNMVCKMCKWNSNSDYHAI
random_24477,GGIREKCELFNEKEAFFIVN
random_24478,VLEKFSDEHYLRESHARQVN
random_24479,NTNAESFKAWGKIRCAVSSI
random_24480,TYFVNMFHRFMSNTSTGHDD
random_24481,QPHMDKVQASGVHDTK
random_24482,IECATMDDWYTHMFSIRAGT
random_24483,TVQEIRMKMCRYWVSAHKGL
random_24484,HESKAQKEMVLYGMVQPGHF
random_24485,QNTRQCEPCAPVTLNARICP
random_24486,YCFWFGQQWMAYFWLVIDKFC
random_24487,QHGMWFMRSQNDRSTPQWD
random_24488,SYSACFDARQAAVDIMVDYA
random_24489,LVKHMWNHNDTGTERQCRAR
random_24490,HHMHKRNLYDWNMIWMVWV
random_24491,LTLIMLIMMEYVRIMQPPFR
random_24492,FMKDWDFIKGDLFLGMCWYF
random_24493,VERMIERS
random_24494,RMLEPIAPWFYNGWTNAGCT
random_24495,PEAHHINNNRKRDHNFTHRS
random_24496,LVVECRDAQSRYQCNRV
random_24497,IPMDWLVVCHDSVFERPRAM
random_24498,EARSCPYGQSGAHGRGCFQA
random_24499,PVIIFLRWPAMYGWHEKGCR
random_24500,VQKWWASGLFFYEEHHKLQP
random_24501,RIIYI
random_24502,NTKSDNNAQGTMQC
random_24503,APSHHNMPHEVTCQHAACPW
random_24504,MWLVWRHACY
random_24505,EGGGDAFHF
random_24506,VAQNPVFHQREQHVPFLKMY
random_24507,SCFIQKDHRFPSIMYNVHLS
random_24508,WWARTAVIMWTKWFDQYICV
random_24509,NVGGMLKVMEKMAPNERGNL
random_24510,FQVCEFHVAGWFHGKAQCIF
random_24511,DKLWKWTQHWWSCQCIECIM
random_24512,YDLHMRWMKHGLMAHNLNLI
random_24513,GYMLTQDDRRCNYTSLFQQRD
random_24514,CDMYECWCKRR
random_24515,EMFGDESFGQSNHC
random_24516,QIGCHNGLDQPFMYTKYGIW
random_24517,LGYHRYMIEARPKWTKVWLE
random_24518,CSAEMPIYHACVVETKQTHWN
random_24519,ETGVSKLTIPDFS
random_24520,PHGSIRQWMYMPHSGIVTGI
random_24521,LGVPHDYEEKGCWEDMDDNN
random_24522,CSHYFRMRS
random_24523,HIQLKQLDADTNQKLRCTHNA
random_24524,ITEFHKYQDAGC
random_24525,KVNGWGGLGDNHYRSIFHKK
random_24526,CSNLYLGTNAMNGCNAPPSWQ
random_24527,IMQFIWCD
random_24528,RHQYRRKLCYCCSMMCGYEK
random_24529,WGEPM
random_24530,PSMDSYYIKQV
random_24531,SHFQVCRAPELVDGQKAIAE
random_24532,DMVHDESTSESAPYRECYWS
random_24533,EEVACVDQWCQTAKLDIVIL
random_24534,KEQYMHPEKRVLSMYKVGQP
random_24535,NIFHKHTRPFNFEW
random_24536,NFAQRYYCNPIHSKMATPWE
random_24537,RRNDICWHSGHRMGWIIVTR
random_24538,NYCGMVEPPNGYTLCSVILP
random_24539,RIDKGEDMRLMFNIEINHQP
random_24540,GHAGKLHEQYDPTTQFRSEA
random_24541,LLRALIRALVWMVYTGHAGD
random_24542,EESQLWYLSQPVDWETTDHY
random_24543,WGKSTRSKQAWYQLGLYMMQ
random_24544,ILHLTDFQIVDDENDCDDCI
random_24545,SDWIGYEEGKEIFMGNERII
random_24546,FCVTDYKEWNY
random_24547,CEYSWPMVYGFDHKWPWLRN
random_24548,QQKEVMNTAREEMCDSAQMQ
random_24549,TTKYPDMHLTHRFTYRMDHW
random_24550,LGCVFGVTMCRLAKCTQFLK
random_24551,LCYVKWGATS
random_24552,SDVHDEGV
random_24553,GCYPRPTTCNHDKQHIPEIK
random_24554,KREYNRMIVV
random_24555,CESVPPNPNPAFYSMFLSEMG
random_24556,YGSISWESLSYYHLMTPHPT
random_24557,QQQSSEWFIMDHVKYHGMIY
random_24558,QWMTVYPTWAREQDWSWF
random_24559,WYFANPMDDEELAEIKYTEP
random_24560,WIQVQKVLIESVMLFPRWPV
random_24561,YMVICSPCLWHPDCMDVIRI
random_24562,FEFCY
random_24563,FCMNMQPPYNTHFWNYDVRA
random_24564,RKNYTVMEITHDFEVPQGLR
random_24565,TKQKMDERLMYDADEDWDHC
random_24566,HHNYYTATISAAQQNAWTCI
random_24567,APDSGFREFPYNKEAGELIKE
random_24568,QICFPEPLYKKHKDTCWQPY
random_24569,EWIWAWFKKENIRREGKHVY
random_24570,DHAVWYCKCDEQMSEPDHKS
random_24571,FLWVGFSYMNTCLNFHHR
random_24572,QKDLSFLQ
random_24573,FESPIETKHHWKLHAMMTDV
random_24574,YYCFMTWGWKRYCIGRDRCD
random_24575,VSQYSEMGHHPNKLAAEGYLR
random_24576,GNTKLIMVKWYYYIYPECGC
random_24577,EFKAAVDWVSQGVSMTCFSND
random_24578,AVSNGYSCAAKKEEYAYWTVR
random_24579,FGCCCAAVKCEGWPYHTYTA
random_24580,KKTNNCWKYPFTAASDQPEA
random_24581,GAMSCFYAHDKHKTFVSWLE
random_24582,KSPFHGCEWINQRCSYRELV
random_24583,PIFGFHASHEQMLEYRGNKD
random_24584,YWPHMEIDDDAMEETAECMD
random_24585,CHSFLGAPLHTLLKMCMNMF
random_24586,MCAQGSNVMKWIQGAAIDLF
random_24587,LCNVFRSYKDKCINGLSIPM
random_24588,AEPRDENTSTLEVSQYEMFS
random_24589,FWEWLQKGWTQLKVHTYFDS
random_24590,STMNQKYLGWLYPTRRHTLN
random_24591,IHMAWWIAIELLVRMGLLAF
random_24592,EKIFVYQKCLLKMVCPICER
random_24593,FRRRCWSKPFPEECKCHRRK
random_24594,MWSQEWQFQTQDENGGWIKA
random_24595,IRYWMNTQCEMHNQSQQWWP
random_24596,KVFGFTYQWVWRPYIQWDCD
random_24597,RDRCLWDMDAPFRMYNYEPL
random_24598,HCLPLCDFWNFICCCGQFEV
random_24599,EEGLDMAYKFSEPCMMSLLG
random_24600,MDYNWPVIHIITACNPKLEH
random_24601,WIGDHQRRHSPTPADSEDNI
random_24602,NWEYYGHVIGISQRHRLFDW
random_24603,VISGMRLD
random_24604,AESGIWIMNAYYSMKFRPYIP
random_24605,PDWAAFLWEP
random_24606,WTNGNIQRADWMRQNKVFYF
random_24607,RSRFPEYEYWRKEWVCSQWF
random_24608,KYVVPKGIIMYWEYWIHFAF
random_24609,PWFVNTTKWRATQCHQKCQV
random_24610,SDPPAWFCCPNHKRDYWGFGN
random_24611,MQMDMHKKNMPCSYGISLMS
random_24612,HCIQNQEWFNNEGYKYNCAY
random_24613,MHHDLGYTIDYEECPARQTC
random_24614,HECQYMVKAKTMAYPWSNFM
random_24615,KCMDGANRWLQRMPHTSQDD
random_24616,DWQYGSIAAQQAWALLNLAM
random_24617,RGKQPHKLSSWKIWHWDECM
random_24618,DLVETGSHPNAVNVMHELVR
random_24619,MGSCCENSCLGKAMPECVVY
random_24620,FPMCQHVLGQFWNADIIHHV
random_24621,SWPSWIILTKIKHREGYNYV
random_24622,TFPVVRGGYPGWYPMYGIPF
random_24623,MNSTHKSSHVHITVIERADN
random_24624,LGLIMAVHYSDIMYEGSYIS
random_24625,NYGQVLPVKDTDNKQNSCTFY
random_24626,SNFHMLHQPNNCSRHMWVKL
random_24627,FLIPMYAAQLAPMVMFGRAW
random_24628,WADGEDVKEPWKNAKEGDIV
random_24629,KRCVQEQPQVEWWWFSEKHL
random_24630,RNWCRQYIPISEEEIYRPIA
random_24631,TLPRGIVSALPKLWVHDRQS
random_24632,YRREVPHTHITDSSMGQ
random_24633,DTECCRDNHTVCDASYSWSI
random_24634,PATEPSPVHNVVYCEWLRLFK
random_24635,SWSWSCNETKVMCPK
random_24636,KLSAFDFEFYCKEGPRHSIN
random_24637,NGEDSGVKDMLAWGYDRCCW
random_24638,YNEPNRIMCDFQGWMFQNAK
random_24639,KKDKMYDGCFQDLSHAWCQL
random_24640,DRHKNICL
random_24641,FWCQRKYIIWQLTTYMN
random_24642,SETQTVDWC
random_24643,QIPGNMFLCRERNWCELWNIA
random_24644,LRKYQKKFSVLLMVPYDYMV
random_24645,LWFYKMINFNMRHDL
random_24646,GVSHWLPVTHTLRHWKWIGR
random_24647,PRTCWWFCCVTHQPRHWPRF
random_24648,RYNLHRSQYNKTNINRARYS
random_24649,NMVLTRINMSTSQPFLWCPQ
random_24650,TRRTDRMFMN
random_24651,CFDFKWSWVSTWWYQWVCEE
random_24652,LPLARHFDKNQTQVFLCMHR
random_24653,YRVFDPFIGHHRGGFQDDRQT
random_24654,KAINHGMKGALYG
random_24655,QLPSKFGVEAPCDFYATFN
random_24656,MMTFGMDTGCVINHH
random_24657,LTLVQYLCAQVNHTTQAIFFL
random_24658,WQSWNDPLVIRKCPATMKWE
random_24659,FVRFIVCNSKAKMNLVTANH
random_24660,YGSFKMTPTNQYRPAPIDSG
random_24661,QMGPPDWGGGAERFQWELAVF
random_24662,NMVYFYPVHLPCLEHRC
random_24663,QPKEAQTQNMYI
random_24664,DIRRLVDFYREHPAGSIMANR
random_24665,LYFYMVELMLQCNSLVWVCP
random_24666,NYFEYCLTFWTSKPKCFEHA
random_24667,SLSRLSPAQKIVMVDITGEF
random_24668,MHCQWPDISHYMEVRESLTL
random_24669,CAYRELWFLIRYRGKGMALIN
random_24670,MRWIRMNANEMHVMICHGTFD
random_24671,QRISEHIMNTWFTRKHPEQF
random_24672,MEFASWLICMSRKRQILGLL
random_24673,DDGLAMRNLEFFQFPQLILT
random_24674,IVGDIHGMNVHTLFRLCILH
random_24675,FWASMQIEWWM
random_24676,FYDDQAQHSSMMFSAFWKES
random_24677,GGHRPQQRLQCHIMSNSICV
random_24678,NYGQGDHLTHMNFKETAACT
random_24679,ESAQHALQKHGILYMFMATW
random_24680,SVKPTDGQHENIPDQTCIAK
random_24681,SRTWHWVMAIVRAKICDQQV
random_24682,RGRTGGQQPHQHMIRMSFESA
random_24683,YVPHAAIQWNN
random_24684,GMFPVHGEWSNYLRLHYALN
random_24685,GYTPVRTFSCQKNDAMIFNLV
random_24686,CSAEQKCYWRSTMYHNVPGGQ
random_24687,CCVADESQALHWARSEPMPQ
random_24688,YNIELRKTHQAFWQSIDFGD
random_24689,LWLFHMWPSPR
random_24690,MGFNDGGLINPKIEKVHQES
random_24691,IRCVYYTCWVFWCGCERMNN
random_24692,GWAIDYTHPYDTTDLAIFWN
random_24693,SDRRIPWTRSEQYLFYTSEE
random_24694,IYHYLVCWAVNCVFSHIEDN
random_24695,QRILHETQRFERDDPIADMAD
random_24696,HGNYNCVNFFVHVHDLQEKG
random_24697,FQRVKHRSNDGPKNYPVQSQ
random_24698,WHTTKFYTPHHDQEGNVRIA
random_24699,STMFAIFLGRQPFGHSLVVMY
random_24700,YMNDMSCCWAWFFMM
random_24701,TDSWQTASHWMYVGEFEHLA
random_24702,CVRKSEPRGKPCVVRFRMIQ
random_24703,MKVPSSPMAMRDWGNGNGYQ
random_24704,QMWEQQCFLDWFHSAGRGKP
random_24705,AIQTCQF
random_24706,FHIRDTSMWKSDCQ
random_24707,SYHVQLTFALLDHVCTWNVE
random_24708,GSMVHFGHL
random_24709,PATLWWPGCNKRHHKHMDQK
random_24710,VNSPVFKQQGNHIEKDSRVP
random_24711,YSPVMQPPMQSSAICCDPQA
random_24712,GIPLITISWKICERRQ
random_24713,YDRMLEFNRWSW
random_24714,KVCYPVTEDFQLYCTIPVVT
random_24715,IKEHPEISWDDNT
random_24716,NTDWLYPM
random_24717,IWKHGGQVAYVIVFLEPAKQ
random_24718,RRCCV
random_24719,FYEYENWFQFYTKQQIVSSH
random_24720,TEILKDFQLVIDREHQSGHD
random_24721,WNGSNGDCCRFGCFFEEDVR
random_24722,RVLDHSTCHQRK
random_24723,CSSGGFHGNNHNNLNPHTCP
random_24724,ITDIDRGYACALSRYKAPKL
random_24725,DHALIQRICSLCEWNGLVMW
random_24726,PIWWYDPGMHSPRKMKPAGI
random_24727,GQSLDPAVCWIGMEKTYNMS
random_24728,NEYYDEPWEIYHLQEQVIMY
random_24729,CLQQFKQKLYMGNAWMWIMP
random_24730,FERHSVWGTWLQIQTQQAIQ
random_24731,IDCLKGKNALPRTTKDSYSQ
random_24732,QIWKDWIQR
random_24733,QFLNVSSDSVTCPC
random_24734,SCDHTVNGL
random_24735,GPLYFCISANHMTWSWATLD
random_24736,YIDDHPMMTGGHDDHHRPWWC
random_24737,GTCPDPKCQEQRADEGDGSIW
random_24738,EIIGFNTFGDHCPFRWEFKQ
random_24739,VKTPLPKNMWLNHAIPCNCR
random_24740,YVQWCHPNSSINNAQPPCET
random_24741,HKSLKDLLQGKVIPNVARTG
random_24742,ICQGAMGRKSATKMSETGWW
random_24743,DFMKFSDFIMYLDMNIQHKN
random_24744,MSNWSQDDKLAAHWYTHPVP
random_24745,CRIALCESVVKDR
random_24746,SGAPTKDNGYLTFNFDLPRY
random_24747,ALRNQWWFYPIIFKRPSNIK
random_24748,FASHSPSMKLAPGVERITFY
random_24749,QQLYQHLLNKWNYGDVDTNTK
random_24750,YSQIMHHHMCMQVLWNPGIN
random_24751,QSVRKEMALEMQWC
random_24752,LLSGALQTVAGE
random_24753,YMFRLKWWQVEGPMGEMGHH
random_24754,IFWSTHPHPCPSHMYQDTDG
random_24755,LPTRSTEQMLAVGQKSS
random_24756,IFTFMPGHGHYCNNYSFWGQS
random_24757,DFRLNDILYSFQLQRMDNNL
random_24758,WVRTWGILCQGHILQITSIW
random_24759,EASSKDKCWILNSMNSMDRFI
random_24760,WPNLSIDCCPTSMDTWTLMA
random_24761,VGEYKTHVLENIVLEKCVNC
random_24762,WLQLHKCFNVAEDEFSKYEN
random_24763,NMGPICFDLNERERC
random_24764,DDEAPWPYEYFYEKDKQIRN
random_24765,EWEQFWNKMVMATFVSCGGY
random_24766,IIIMTNCFDDFNAA
random_24767,GVIQHGELKNVNWEQGGEGW
random_24768,EFAGMEHNWECKIQHHSWHQ
random_24769,RAWEHQSDFKLNRKRRRAWN
random_24770,MLVFHFEVMFLNCKAQVEYG
random_24771,YRWCRHEARPNFQWYWWKLI
random_24772,AIDQACSDQTGDMLIEMLSR
random_24773,IFMNNVTLCMHPCANKWMPEW
random_24774,MDEGEWLHFMRMFTDLREKC
random_24775,CEFTPDSLLHQMIDNMSSAY
random_24776,HFIDKSDRQKVMYENKFLNF
random_24777,MGFSMYRSWRTRIHMTLCCV
random_24778,FSIHERHSCCWCKQFNN
random_24779,LMMGSLYCVCPHSSMNQLSF
random_24780,ENPANHLNHHKLAATNWCTWG
random_24781,WVEGPYPSLKHGQWRKGCDKE
random_24782,DAQQTMNPTPAHAICHHCNR
random_24783,FVRDKSDSETFMYGEDSAHM
random_24784,HPGYESNHYNAWAQYMHPEC
random_24785,CNPMAVNMHCMMILPVKYAM
random_24786,KANKPTDKETRIWCVEGVCDR
random_24787,HTTQHELYHSDFIMDCFWEL
random_24788,AGGGLGTSLCCDKC
random_24789,ECEVRKNDDEWHIPILASCSW
random_24790,IMIDSIAPRDGVVTQPLFQP
random_24791,GQEEYCSNIRMHAFDLATRI
random_24792,WFARKRWPSKVTSFRGAFSR
random_24793,MRWYFNVNGNWWSAYKVFFE
random_24794,ICATALVC
random_24795,QGNMAS
random_24796,RPPVCHCWHDIPKELFWDNY
random_24797,WEEGSTKDPAIFTRAC
random_24798,WRASHYE
random_24799,QPFSWQEGLNMWVAAQKICI
random_24800,VCIWTSPVVIDMDQKHRWYS
random_24801,FSSFSFYPDDTENRGSLCMP
random_24802,IKNAY
random_24803,MCAKESDTPVEKLMAH
random_24804,VRFFWNDG
random_24805,FLDDNGKVFQSFTVIQYMDQ
random_24806,VWRKTLGFTFLACFGHSWSH
random_24807,NHCNPFEFAGVYMGYSNLDH
random_24808,AMMNLCKMYKNTLFCPPRDKV
random_24809,EELRVWLDSRSPKVAFLLDGG
random_24810,SDCTMSDKNF
random_24811,FIEYCTMRLTMNRWFTWSKR
random_24812,ILTYRIMDSSWVHPVKVNIY
random_24813,TGNQRPNDPAVPAPKEDILQ
random_24814,HGDWLGSHHTPYRRQKSSIA
random_24815,PATVENSCFLDYMDQKWHSS
random_24816,EWHSFVYQ
random_24817,SVWDTYV
random_24818,FAHRLNLNDI
random_24819,EQPMCVQIHMIEAFFDIEFE
random_24820,ILDQFVPDNLFDNQNLRWEA
random_24821,PIVVIKIEQREDIPSEREVP
random_24822,WHFHYCMVPDKWHYQNNWQE
random_24823,DYFITIKWGCQPQAPMDESA
random_24824,GTALRNQFKYFQELWNWKLCP
random_24825,KVNKHAKDYISFQPNDFKCS
random_24826,NYYTECNRITKTD
random_24827,GCDNGYDVNQVGNTEMMTMS
random_24828,TNNYQCLLFGVKSLFFQSS
random_24829,TMMFYDISFALCWNCETTRN
random_24830,QHKKSNAVICSRTCFDKRNC
random_24831,VFWYWRP
random_24832,FAETWRDCLACLGDCFQDKW
random_24833,NITFGFMVACKKRVQP
random_24834,NTHFVMRQYGASRFYGHTPW
random_24835,CKDSFIHNAEQKILEWPFGE
random_24836,VDVETLHMNGYIPAHMITAQ
random_24837,ANCGKRSPSENLWRNLILQV
random_24838,YLERACRQKPKIRWYKPETM
random_24839,DTWSGGCCLNKEWREVPQGI
random_24840,KSGKRQMHFWRPHVILSRLR
random_24841,WIYKLPWTSCYASGSFHNSQ
random_24842,TCIWSPKLTDTQYHQVEDWF
random_24843,APAVSFMVKPIHDTAVINLC
random_24844,WECTPCAYYTTYAFLVWIFQ
random_24845,NRAGFFR
random_24846,CQKFCYYAAQQYNRNLCVRP
random_24847,RFAIKAKFKPGRGLAHCPSTM
random_24848,TVTGLPSAHCIMPCKESDKV
random_24849,FAWVKMRIHTATVLIHQPIA
random_24850,TDEPIHFDITAMPNPQIKI
random_24851,KPFDMSEYLWEWITFDFSRC
random_24852,YQAMMHRW
random_24853,CVIVACSKDTSDFEQKSYNA
random_24854,IWFKNHHYYRILSQTLCGSC
random_24855,HSQNQDNLYSSWIFWAMDIF
random_24856,NFWRNVHFEILFYMHQANEL
random_24857,FEDLLGPMGGDDIVISKCQP
random_24858,WQGSANDPRIFGPSHQAETD
random_24859,LYCHWVWAIHKFWGNPWDFM
random_24860,VTMSMMYELAEKMS
random_24861,QLHEDYLALDMP
random_24862,WDHTNTCILVCIQHVWQARR
random_24863,VNAIYWWRWCEPLIVKMRDD
random_24864,HHVLRAVQRFPSEGCGTIES
random_24865,QYMYWHLGQENHTMTKDMRM
random_24866,WFKEWTFTASYMPFDYAVCI
random_24867,FFYDAHDAAPHDTHRFQFEG
random_24868,EWIHDNFYKKTDTTHDT
random_24869,KPNCCNYIRMCRGKKGSTFP
random_24870,IRLIWMYWQNCCIIFLISPQ
random_24871,CVPDWATQYIETLFQQRMRG
random_24872,SNYLAFMHMRGGCPVPYKMY
random_24873,EQEYLLPMIASAWDYACYMC
random_24874,QTVEAKNHEWVVNC
random_24875,NMKGREPRHEAVLVQFGYCW
random_24876,TLFQQEWLCLEILGIEQFRS
random_24877,EDRYMWGHVGSTLEWAWTIM
random_24878,SNFSSCPLDDFGESSFMWSK
random_24879,CIKKHKKLCWKRARQRKISQ
random_24880,RPDRPCGG
random_24881,LGPWNAMFTSETHNDHIEYV
random_24882,EQHGEFNIPDCQRYLSAGAD
random_24883,MSMRPIGSDACMQNSLDVYV
random_24884,FEWHGGYETPCGHQSFNSID
random_24885,WRAKDMCTSFFTLWHMMKKW
random_24886,PVRHCSIFLCSDCPCMTHLT
random_24887,WVERPQWAHASNDFQKSAMY
random_24888,YDREDLYLMMLCDDKCQIPA
random_24889,LDIGIRHVLVLNKNLYLLLI
random_24890,PYVMRMHTSMMQKWIYHKCR
random_24891,ISKHVTVQKVNISEVK
random_24892,EFPIHSCGHQEPFDLFTEEL
random_24893,DYQWRAWKIYCAVCCARRAT
random_24894,MFRCSGHPFYWYMWCVDYHR
random_24895,KWYIVPVAHDASWAFFTLDK
random_24896,SEAEPCVM
random_24897,VQRQLEILGDYFES
random_24898,RFTGSPWVMKFNPAQRTKYA
random_24899,WFPMLCSMTRY
random_24900,DIIWHWI
random_24901,GRGMNGQCLDHMEPIYEDDR
random_24902,IRFKQNTVHTYFQGAVD
random_24903,KWYLIWETS
random_24904,GAVCIVVI
random_24905,QSHTYVDDGCEMAGEWPMHG
random_24906,DDFHPWRPWCCDGEAINTMS
random_24907,RQWTLLVWTNTIYGNPTMWS
random_24908,HIKTPKHGEFWNHALVFQGN
random_24909,VNIHHDGYWQQNHMVEGEWI
random_24910,LKCLRLADNHYNMGQSWYLIL
random_24911,CYWCHLKGCSNP
random_24912,KKAYYLAPEHEWVMERIVST
random_24913,NEVYGSYRNKGYLAAII
random_24914,LSALCTHDWRWNYYRMENIT
random_24915,FHQNVGWIMHINIGIMEN
random_24916,HTPDPPPTYQQVVAMVCRPG
random_24917,GDNNETFMQVGNTETCCLDE
random_24918,SAQCKGDYPWRGHKKPLDIH
random_24919,HLTQRHHVDTTCIRIKTVYW
random_24920,WFLKDPVQHK
random_24921,DEWCTCPSTFVYHHMLTAYK
random_24922,CWNEREQPNRLIFPSVFDPW
random_24923,NMDCFCEIFFKAMIMNYTNI
random_24924,KWIDDLFIDMLGCYCICVTTK
random_24925,VQYQMCYRICSIETFNWPVY
random_24926,TGCIQMGDLELIRVQDVFGG
random_24927,EQILFPHILKYCLCAIGLCG
random_24928,VNFSSHPFNPYFHTHNEKHL
random_24929,EWEIEIPDYNLKHWELEADL
random_24930,AFSAQWFYSRPGVYYVCYEQ
random_24931,RRSYGLRWHRHDQVEYMDGTA
random_24932,EAYTVSTKFPSQYGQNWAPI
random_24933,QHSFFTGIRWAHICCA
random_24934,CVNQYKLFFSVCGWYLGSLG
random_24935,YTHIFTKVKCQRPKINNPLR
random_24936,MNFILWISYANTIHERA
random_24937,NVLVPSTWEAEIGMTMMKII
random_24938,ELEAHCMQQGTVHFLTMPKY
random_24939,DKNWFHASFFIMEVAVAYYF
random_24940,DGDLHRCNESDWEAGADKDA
random_24941,IPAGNNVNKVAHWWEKRKHT
random_24942,QEPWFSMMKSWEGWCSKHIA
random_24943,ARCSLSLNDWI
random_24944,IHIEQDTAVYSNM
random_24945,CRQEHTHCQHANQEGENYEF
random_24946,NRHRGIFCGAVAMWKDAVID
random_24947,WWMLHPLHNACIAWTYNRIP
random_24948,FQNADGTQDMHGRFKCAIPC
random_24949,KTKSRRTHWFPISATWFYIW
random_24950,PDKLHVLRWTNWPHTIFNTR
random_24951,VQRAIWPHNYWW
random_24952,GANLHMVNSEFEWGFSRQMGH
random_24953,NIARDFPIEHLRPDYYNEAF
random_24954,CNATCNGGQSSQY
random_24955,VDQFFLNYGEYQAGMHCPIR
random_24956,NQMPSGEPFVHPRYWYESPV
random_24957,YKWCICIIRHA
random_24958,KCTGWKMDRAWYYNTFKSNCS
random_24959,TRFEQDNSDFHWVRYNYVPR
random_24960,VASDKYKTECEMYCMDFFKES
random_24961,TDSDSFQQIRNATTVCCIWY
random_24962,YNDFWMSDFHKNNMGVHTHN
random_24963,CIKNNMGLISCCKFWYRKWD
random_24964,YVAQTDAKQIPYPKVMYQMK
random_24965,MRYFARKWKTPIHSIWYMRY
random_24966,PVLDWIYSMSY
random_24967,ADEEFMEVFWNICEDASCQS
random_24968,KIHMRTRRPTMSSMGNKLDW
random_24969,FMQHSDDEINCLLNF
random_24970,CWGCSFEIVYCTKDEFATHQ
random_24971,KKGPFGIPDVPIVETIGPVH
random_24972,EYCPYMEKDPQYPYAACVPD
random_24973,WKTVRYVYFIYHSVSPSTCR
random_24974,IDEGKKMDIWCVARKDQYRT
random_24975,CAQEMKKVDSAISGESQMHH
random_24976,EDVFHWIEAPGIDPLWAPLF
random_24977,FAYGSCVQGDTEGQYPRIDL
random_24978,VIQHAEMAQEQMVDWNTVFNK
random_24979,NPSSSHRHPIVLHP
random_24980,RRFTWIG
random_24981,WDITEVCEIVWIDI
random_24982,DEVLIFPRCNFQKTLAF
random_24983,KPNRPMNSISDDVEEAFNGF
random_24984,ALADVQGMKICPENDVFDTK
random_24985,LCRDDVEMYQQMDDECAGYVS
random_24986,SYWDCRKYPFYPMTVCLPGY
random_24987,WKITDGFYRTIS
random_24988,HKHLWQMPPESNDLCMFCNS
random_24989,VVCLECLIADSWRYMFSVYFI
random_24990,FWSWQPEIYMYQATCSFFGI
random_24991,DMTEGECRAWLVDYMHAGYG
random_24992,WYETCNLHEAVTSECYDNVQ
random_24993,ATIKTWHYLAWKQDVGQGWK
random_24994,CPLHSSVCRDEQVCPFMWHGN
random_24995,KWAGYDLNEIKWTPGTGPLE
random_24996,AYIYHACRDTFHIGPHCNGM
random_24997,KMRNNSFTVEMVCWLPDHR
random_24998,SDYQTEWENLRTTKYYPPNS
random_24999,FYIWTASMGQGCACEEHSEM
random_25000,YTYTLFQYCCCQDQPFKYQM
random_25001,INWRWPKHYG
random_25002,CWHNMNDEIRGQDG
random_25003,LYPSEQCLIDSPGDELKGHG
random_25004,MAPLVIFCHVCF
random_25005,CHPTCQDPVLYLNSDWQWYPK
random_25006,VPFVLWYEQGEEEEVLEPGP
random_25007,HNSSFNCIKISPRVVMACGR
random_25008,FWYVWRGSPKAPCHTLYWFC
random_25009,YSQANCGGIDKATNKVTGGS
random_25010,YGHKKNRETYENTMSQCGNV
random_25011,HCRDQRICFRQPSIQTPTQG
random_25012,KVQQEPPQYNPIGRLAVHAN
random_25013,LDQHSNTVGVYNRSKHKFLS
random_25014,WSCGSMTFPEGFIAFSTDEV
random_25015,QEHSAMEKKYEKWGWLFWTH
random_25016,KTKECY
random_25017,YQHDSTYMQQRTTPTDPTCR
random_25018,SAGEQFANCTEQVQQFFGHL
random_25019,KRLYMLCMYGFCDMK
random_25020,WDCQLSNFIHECSYKAAQGA
random_25021,LAKRVNVTMDNHNETRRLML
random_25022,YSARAGAYSG
random_25023,VDIDAPTDRQIWMGCKLRCM
random_25024,LIQQKEDEAKRWKCDMTFHG
random_25025,HAIYLGNGMAMHLERFMTTL
random_25026,VSLIWEMVNVCPIHRKSRMC
random_25027,WQNACTAEEPKHHTACWESL
random_25028,MDDLQSEQDCIKHRHLQRCD
random_25029,AHWKHPQDCPMRWFWFPWTD
random_25030,PYWDVVEISYVGKPHNWMFE
random_25031,YDCYDMMINADNGQCYDLHW
random_25032,CNVCYFWVVRRKFTWFIYCE
random_25033,YWDRPMATACFIKEYYCALV
random_25034,NNYASWHDVLSRLVWMVVGL
random_25035,IRLTQINGKTHPNEQYTMFY
random_25036,YYNLPMKVCMIYVDRMMITW
random_25037,LQKTRRTEKWMERSVGSGDL
random_25038,DSQNLGNAAIDPVNMFS
random_25039,WIQMFDCDGHPNMCRRAHCAQ
random_25040,SQVWQCHSANSPIHGQITGVH
random_25041,PANLIIRWPAVPHTIFLPWP
random_25042,SASKMHQGSISFKECGNWLP
random_25043,DQCQELAFRIHQYQWHPLWS
random_25044,SICEGRNYMDEYQRFFINHR
random_25045,GEHAEDMDPRFCTKEYQEKN
random_25046,GVFERMYQPALFDLMSQMWF
random_25047,MKKPII
random_25048,TWYVEYIMAEGWWRYPMVIH
random_25049,YEVPTADHIKTMILDCEMCM
random_25050,HWVFHTEFHDYVMHV
random_25051,GVYTPLIRMFWWPPHWHYIK
random_25052,LVRDKTVMILDRWWAVMQDC
random_25053,IPAEQCMKCWWRDYLRMHVGD
random_25054,CPIYEQYPVRC
random_25055,AAQKSLTFISCRMQGISNHN
random_25056,ARRKQLRMTWHFCPTHKDNC
random_25057,TTFVCCCGAWPKFHPRVIYM
random_25058,RIICHPGHDLFPPRDAGAAI
random_25059,DAAMYYRHRHDRHQLQAISI
random_25060,SEEVHCHDGNVPNQQAISLQ
random_25061,LRCDIRWCCAIWGEVYYHNS
random_25062,ESMAAGRIEQGHKWYAYMHF
random_25063,SEIWETLYWCIMRLKKIAMY
random_25064,NSGDSGPGDINGEAMRIKYN
random_25065,SMNECQHWGECTIPYGPLTT
random_25066,KLYHCIVERNDYIYRKHPWQ
random_25067,HPWSHTFGMQWNQYLIHDNR
random_25068,GEVPMADYVLPSVH
random_25069,VQVEWCSFHWSRP
random_25070,NYACYFTWTVNPFDINHMQA
random_25071,DCQQYYFDSHIDDAIDSTPN
random_25072,RQVFADFRSTEPAYFYRL
random_25073,DDRAVGEMEFCCVDWGQKMA
random_25074,CRHNDHVRDWDMSCLCGDWY
random_25075,WSYKAISFTATWYTSSYAQA
random_25076,CSVNGMVLHADWSIEQPAAD
random_25077,YMRLVSDCAILPEHMVATDV
random_25078,IAYNQGDAGWENQNCMEDYF
random_25079,RMWGHLDAAVH
random_25080,KFQANQLQMAGTAKGWAWKH
random_25081,TTLHWMVNQFNMSGKVNETT
random_25082,KRPYFNNGFKVVW
random_25083,GGLWPCILPIQKRPLHHFGG
random_25084,EQINFELPKATRVKYDQYWA
random_25085,NNLTKVMDWIQIQNIVLWTE
random_25086,HRYYMRRTSLTPYPHCRLQQ
random_25087,GDSVKSTIIDLVLQQSVSEQR
random_25088,PKGAGIAAWKTKRHEGHTES
random_25089,AKRTTSQQYTKACPHENYAN
random_25090,EKCSTLMIRDWNRWTYEFA
random_25091,PTCYALGRNVRLVGFIYGNQT
random_25092,MQTQIQNKPHAGENHSRTSM
random_25093,EKKQQQNTEGLKRDGGWCKS
random_25094,GNACWHSLVDSRMCQKAKGN
random_25095,HSHQNLYEMWWTINPKIAE
random_25096,HNIRLEKATATWLWLRNWWI
random_25097,ESQGHTFCRSVICVAITNWQ
random_25098,DLQGKMYGSTGHIIEMPAEM
random_25099,QEAWETQHYYWFWGCRRAIA
random_25100,CMDFQHWKISQGQGNDQIKL
random_25101,FYMVARKMMLYLINKVALVQ
random_25102,YIAEQQQETGMDMIDRLSVE
random_25103,SRPCDDMPFHWGIAVYGAYED
random_25104,GSTMMMYLSQVHITAKNLYF
random_25105,HLYVGCYMIPVLKTTYKCTW
random_25106,MVKDWHMHCMVAATGLDRMV
random_25107,FNSWNKFAWPCMRNMDLMKN
random_25108,LTRSYLYTDIYWFRFRLGRM
random_25109,IEFFRTMQSLYSNMALYWSQI
random_25110,PLQTENQFKTEFQIKTWTMP
random_25111,WGRVAQGDHCPEERTMINFT
random_25112,QSQSQKSHVANIMSPNQMAK
random_25113,KAEHMRLLADHFQCMQDYQY
random_25114,GAKRHFKIKHEMSYHSLKVH
random_25115,PPMAPMFCQDRLAYVKYHPP
random_25116,HEAGCPGLKYQSPAAI
random_25117,NCKTIIGGGKNQYWIFDTHI
random_25118,CQWLWSPEQKMDENWLDYHH
random_25119,NYNYICFHH
random_25120,VAWNMGPKNDAHDEVSVMSF
random_25121,QLEEMRRMTYNYKDPWFAPY
random_25122,WVQKLNSVWYHCFSHKP
random_25123,ERLACGFKAVVTWFQAMTYTR
random_25124,SNKIRFPRC
random_25125,HNQTN
random_25126,HYWSNIESQFMKVLPAGLAC
random_25127,YFPPKMKTGHEDAEGWFPFK
random_25128,EEISIRNCPV
random_25129,CVVYWYGTYCEHMWEDYWTK
random_25130,SSAYPDNHCSKSIPENGHL
random_25131,RWEWPSEI
random_25132,IYIAFSFIDAVLGHCIGCQD
random_25133,ENHFWEMLGMA
random_25134,AKDAMDSQDKMLDTADWYGMV
random_25135,EWPNHVYISEITILFLYDWMF
random_25136,VDKENNTFLHPPWP
random_25137,NCKAIWWWGYLVHELAICLD
random_25138,RCIELHFQMVMQARECYF
random_25139,HQSDGCLQALMEEMYQVQLQ
random_25140,GLELGRISFRACVDDRVYAIH
random_25141,MFSSNYRSPA
random_25142,YSWWVDTSMSTKPAEHKSLGT
random_25143,PEGYVVCVTTFEKQTKVEFR
random_25144,ALLKDDEKKRKYRRGPKFNQ
random_25145,NWLACHNWPWFAPMSPHFWL
random_25146,VTHLWVEIHCDFFA
random_25147,WKMSVHQNLFNMFSRSVK
random_25148,NPHWFCHGDSEAPKYALKV
random_25149,GRQQVKHNCSSCIYIFVFPS
random_25150,RCRDRYADVTIGFLTWDLYC
random_25151,EYGQAQRPDHAMIT
random_25152,FNVEDWNMPDISYWWQKIHR
random_25153,WPQMRPQIMIWFMNNK
random_25154,DKKQDQPRRQCELTCAEDFT
random_25155,VSDCNCGETRSPKAY
random_25156,YMHGHEDFERDPHNSQVNCF
random_25157,MWNWQMLITLCIEPQQQFYY
random_25158,SGVHMFHYLQTTDYVHGDLV
random_25159,RITAFKTRKYR
random_25160,IEIPSISYDMNSFMSAICMWW
random_25161,FPMIFNHGRWHDPPMMCDCL
random_25162,EIITHVVHVGGIKIDMKVVR
random_25163,QHMEEQVWCPKRSPWNFGTL
random_25164,QEMNIYDEATAFMPMLKFSD
random_25165,MDSPYVSIHWSYRKGYTFQP
random_25166,EPDMLGDPMV
random_25167,PRGTTPAMSHPHSCFGFQHA
random_25168,RIPINLDTWAWSERGQWALFT
random_25169,LSHLKCGGKPGWLKP
random_25170,PWEVKSTGNEFPQMQDEREK
random_25171,DEYVLESATFGSA
random_25172,YWMGMLTGTREDWVIVIDQAM
random_25173,NNTDNNCQEQVSISRKIRYE
random_25174,RSTSWCCCLGGGEHEIEQKY
random_25175,HPCSYCAEVLMPLPMECYNW
random_25176,VQYLKQYHHD
random_25177,WGVGGEETWH
random_25178,VQALPGRTTRQLDFSTYEHT
random_25179,ATTSSGWEFYYHIPQSPTDN
random_25180,LRDAQWARHDYYNWLYIDTG
random_25181,KCHLINIIQEGEGNKRDKNC
random_25182,QVGLGQCCLMPWNKYATHAP
random_25183,TIVWLCCKSWQQRCKEWLAQ
random_25184,QRKWLNTCAHDLEVGESSYT
random_25185,HNTQISGIFPYQMNFPTNVV
random_25186,VGIFKNCRWKQSAIQCEN
random_25187,DKSAIIMVRVEKKANIHHY
random_25188,ESKYGIQLTHNKICYNIAHY
random_25189,YSPLGWIPCGEAP
random_25190,VQKHNFWDASVAPFQYQVSAH
random_25191,MPSYCLFVDEFTHRCGDGCI
random_25192,FFQCNYALYVWEADVGRYRDI
random_25193,RTWYYYLSREYPDKFWRCQK
random_25194,VGQWPYKETDSVYLTYSWQI
random_25195,VIPELTMAFQIWSFEQNHWA
random_25196,KHLVGMSDKP
random_25197,MDTCNCYQFKMKAIYSSHVL
random_25198,FAIHDKESNVQPDNRQTVRW
random_25199,RFEVEWYLWYHRQTTCKDKW
random_25200,TWEASNWYLIQCSCGEKM
random_25201,FFMANWHKNKLQEWRWYFYG
random_25202,NVFIKDYDTDMILCVDMWYT
random_25203,KRKHTAMDYYTEMDLSQQHSF
random_25204,FMINSRKKQFHWPLFQWLQG
random_25205,KNQDGTG
random_25206,CYYGPGVDQFFFLDCDLMNE
random_25207,RWPGWCKWAPWSCMIKEILY
random_25208,TPGTLVTTEIETGLAIAVAV
random_25209,FMMAMWGKERPAIVQHGKWG
random_25210,RKKKLTNIHECNTQVHMERY
random_25211,QRDKNHMVVQPLVQWSSKPI
random_25212,MSILVTHMYCKDKEWIWLKF
random_25213,RGSHKNKAYCVSEEQLGIFH
random_25214,IEGANAAEHWKSAEEK
random_25215,YPWHPAHPLGLYICDSNSLS
random_25216,NQHEWAIFRTPCVTALCIPG
random_25217,MLTYEFIVHYLGIVVVEAKHP
random_25218,EGTQMMFNTEHVGAPTFAEM
random_25219,NPDLYWQPMLFKLQFVATIC
random_25220,NYFADHQKIHVMDGWICDNV
random_25221,WWPIVSSTLDWDTQQNYRLD
random_25222,PDAKNFYPQFDSGGPWGWRI
random_25223,CVKEIFKLAYD
random_25224,VFDKSVARQHQPTFCMVYRW
random_25225,ITVHFHMITFQMWRDRSGCC
random_25226,MCVGVKIKKEADEQIASISH
random_25227,FRYPYNWLQVSHIKFCLPPL
random_25228,LRHALRAICQMMPHYIRIRFW
random_25229,SRPFIMVYTHGGMENGDLHN
random_25230,YDPMAKRYYLDKAHGVIGTT
random_25231,KKSDTVARWSARHKGTWDDF
random_25232,CQTSKAVFIGVCRHNHPGTK
random_25233,SWYCNDILV
random_25234,KGKMTAHATDVEHYSYF
random_25235,AWAYCQTRSTFICAWTNQGW
random_25236,SDETPATFGTPPCRQDYIIG
random_25237,KVVAADPWVRM
random_25238,PILWVHHKGILYYGSMTMIA
random_25239,CCGWGYHMAEMMSWVLISAW
random_25240,NGFPHDWNDNIGMNMQCWP
random_25241,CMFKMVF
random_25242,YMAIGSNN
random_25243,LNTRMWGMSYEINPPTLEQI
random_25244,GMVKVMCEYFISIQKGSCCY
random_25245,CISGPHPFMCDNGYQINVCP
random_25246,ISWDYCTPMIRELCRCTWHY
random_25247,DRPPVRLK
random_25248,MPQDEMPKTMVPTLYFSWQV
random_25249,NIAYERWKFGIMWQ
random_25250,EVFLIAQEERAQINTSNDTR
random_25251,CVDRQFMFLLTKAYQQYDVV
random_25252,DTWFTVSCSEIYYSMTVVGI
random_25253,WQQRFKKHYQTKKSPMYVCR
random_25254,DVYFYNHHQKTPCTDEDSGL
random_25255,FAMCHMTWSHDSHPYHLVNK
random_25256,THCATLHFWCCSKWFKYPVI
random_25257,CCFVWDQNKQNNFVFD
random_25258,RCAIELAV
random_25259,HLHSPSLEYNYKIFIPLNPW
random_25260,TNRMMFCMFQYRWHDHGVDT
random_25261,QMIFNYYCPVLLDPVYEARV
random_25262,INQFYE
random_25263,MVIAHAHPFTFQHGVYCNHC
random_25264,NLYLKKHVCCSGDPSREFHR
random_25265,MSLNKSNCAELGFRQISVSG
random_25266,GHYRPGHAYICHSIKPGLYT
random_25267,ARLLYKFANPTWAWSTD
random_25268,KQMNVCHWPQECYIPINKKN
random_25269,PCHPTTIYIMQPCQEILFKW
random_25270,RGESRICFM
random_25271,QHEANAKCHVYAMNGWRGAE
random_25272,VYRCHVWENMICRYRVSTWF
random_25273,QGSMVLSHAEPQPNNIGTQS
random_25274,TAEMRHHWSTFLVFLYADGMV
random_25275,ALDHYP
random_25276,TCCPKQVGAQS
random_25277,EYNCWAPTGWVELAHCMMHD
random_25278,AKGQRTIYASR
random_25279,YWYYNAINEVYRTPAWGPKG
random_25280,ANPNLCMYIVMCKCMTQ
random_25281,WKTTSSEKMKPYLCLEMSPQD
random_25282,MYTVNSRHNWSDYYGLRGAH
random_25283,QIHEK
random_25284,AKYAQDG
random_25285,ELNNQVHTTIRDQMLTRLWG
random_25286,ACCGEGYYMTSFCQQEGMVW
random_25287,VEIMAEPHD
random_25288,QGFNGSVGVFDRTPCTRSVG
random_25289,CHWMGGRWYIDIARPFEQPM
random_25290,SVNLDV
random_25291,EYIYCHDTCMILMPFFKWCP
random_25292,IEDYM
random_25293,SNACCPDMEMKMVCKLDKKA
random_25294,KTQEDFCVSKSICWCEWMEF
random_25295,LMKAERHLHIREAWEAYPFG
random_25296,QGYFFQEMR
random_25297,GLVSMHPSMVIACLDEGFWW
random_25298,EQEELPRQYYYVFMWIMVRQ
random_25299,GHWCYIFDGKMCATDKEKIH
random_25300,EYWSTPEQGHNIHCCMVNIM
random_25301,AIPDDCKLIFMIMTKGLWAS
random_25302,DFFCFSACFGRHWQLKTNPM
random_25303,FPQKLH
random_25304,GWYHGIFGVDEHPTRTALCT
random_25305,DGPRRTWVWYQWYRSNDRPA
random_25306,FHKGTRGIKKLSRTYQIMIY
random_25307,IIVEKGTCVILKNLTDSKEW
random_25308,AYHVKQYWQTKVWGAFICFE
random_25309,CVSMQMCWARARKAGNCESF
random_25310,KCCKHCFFEQPWFRDIRRWY
random_25311,KSYEHQGGHFFGIMINSQQS
random_25312,PFICWYIESRAKDQFSTIKW
random_25313,VLEFPYYRERRMHQFPAWVR
random_25314,VEHGYFKPSCWQ
random_25315,NPPKDWWFWSYQTHGRTIHN
random_25316,TPMLDEIFGHRHQQWCRQWY
random_25317,FCEFMSVHRMPGICMYGEKT
random_25318,VLACMYKRAGVTHLGEMNFG
random_25319,TKYCIAQPKCPWRHMSWHGN
random_25320,EFAAPQDQFMQYQIFWVDN
random_25321,REHLIACHWHEDFCY
random_25322,IRAVTNSNVVRDWQGDSDQF
random_25323,RHHQGCHLMIHHIMQ
random_25324,SEPPNRYSNLGTDFKPILHI
random_25325,HQYLSYAG
random_25326,EPKPIVWHVTTGFYNCPGWG
random_25327,DCQVNLFGSPLQQ
random_25328,NMDMNKFRHHAYQPNC
random_25329,PEDSQIYWWWPQTMNAWRKVV
random_25330,VPDNFQNQYKPVLFMLETNSA
random_25331,RYWHFTFCIPDGTK
random_25332,FWATLW
random_25333,KMGPPINQKKWTP
random_25334,ECQQEHRIRCPLKAYWFWAFE
random_25335,EEDSEQSNHDMTLGINVFIH
random_25336,PLSEHQNLKEWEVEWEDRKI
random_25337,KYPSSWNPYGNDMQDTMGAI
random_25338,KQQWMADPGLKYTDWSDEIM
random_25339,NNARTRPSKGYSRSPICMPT
random_25340,VRGLFNHYREVGFSDWKVMQ
random_25341,QGVREKFCDMCPYE
random_25342,RMVETQVGDADTTMKMDYST
random_25343,SNFYRQVSCWQPVAFWYPAT
random_25344,DMDITSKWTQYERDRCQQYMK
random_25345,GGRYPLDAGTSGWCKGEPLV
random_25346,ADCLCEMMCEATYS
random_25347,HHAFSGQTINWSMRHSDQHT
random_25348,CWINEHQGPNCPNKHHVDAQ
random_25349,RVGGCGMALVRCWYGYTPNV
random_25350,IMNHDIGELLMPKWWAVWVCR
random_25351,VDWEVHDNGEKGEKYLGYWA
random_25352,LCDRHMTRYFCCNNMYQMLK
random_25353,GIQSWSAAEFAMMA
random_25354,NISDRQSELDYLTEHMLTKM
random_25355,KWHLRCEAVLDAQMPWVITC
random_25356,VCYKSLEEKYQEFTKVLMIA
random_25357,MMCMHAL
random_25358,HPRKPYVDKGVTQDNGVHLQ
random_25359,NGIEHEYREWFCDYWSTGVY
random_25360,SKVVERFIKFAHGDIFNNGK
random_25361,HYDMYIQPNTVVIGAIVPNK
random_25362,YPLWQKGISEVENNEPYFHV
random_25363,WLAQEYEGHIDSNWIGTCFVV
random_25364,IKWNIINEDMKETKYPYCCL
random_25365,YNKCTMFKM
random_25366,VGRLFFTYIWHCETDGLK
random_25367,HNHVNVKQFEVCMTQMD
random_25368,FIMHTKRMICYPWQYRDWSGN
random_25369,RSLGLCISIWFDDMGQCCCM
random_25370,LKHHGQMFIQYYICKGCVAR
random_25371,LKILDNAPPCATQYTMGEHM
random_25372,CWEQCDFPDTWVLDDTHKVG
random_25373,QFCVFLDHFIYIGMDTGNMP
random_25374,TPMVSEGYHGWMGQWSCYAC
random_25375,NEPTSKLMRQQKCTMWQFMP
random_25376,TMAERKMGDNNVPCTFSCDE
random_25377,ANNIADGHAGRLVEEKPMFL
random_25378,SGGFNCYMEIMQDVFE
random_25379,EIRQSQDIIMTKSKWTPGLV
random_25380,PAEANRHHLNLKYTPVHKQRK
random_25381,STQNAMTTGEEGIIKPRKWF
random_25382,FDNMCRLCERKLQQKNGLTFF
random_25383,DIIHMWGGFGEWQFM
random_25384,CCEQMLDYYTVVVWRNPSSR
random_25385,HMVAIYETDSDNVTKWMTEN
random_25386,RCHIMPTEESGFRGTKFHWP
random_25387,QRYNEHIGQEAMCS
random_25388,DPMPNNPDALRSCIRCCAEQM
random_25389,MVCLCYLTQNWWTVEKIDIDW
random_25390,DTVDLITQQTR
random_25391,LYKRMECWLWLVGNESAWMQ
random_25392,DEKVTMTENCNREEIIVTDV
random_25393,AMEFDWINPQGCKFMTYWMN
random_25394,VGISLSPLPMSSSKHEDNIN
random_25395,VDNVETIHPTEGRVSWSRAY
random_25396,SHATRQGSQSPHFHRAMGST
random_25397,PYWQPNNDPLNFPEHMTLMN
random_25398,SQFQVIRNLYNQEYSDYWHG
random_25399,ENKMEDPLNIVQLLWMGYHWH
random_25400,AVVKWMLMAWWWRTMEWYVG
random_25401,QNSSNIFRKAGTNQGRFFDM
random_25402,GSAIGRKMCDTMTGMYRSLH
random_25403,WYVFMTNEVGCDADDMTWNVW
random_25404,SDIRITYGWNAMIYS
random_25405,FSTYHTQWRIVQQCPKFTIT
random_25406,VWWLSERCVQHLWVHLLCPV
random_25407,GSYQPQWIHKIWHGSEDERL
random_25408,TKELKIPTPWCVLVDDSDM
random_25409,YIEMINHMQEFGWFGGCCQN
random_25410,IYLNYARQEKLGVIMRQ
random_25411,YRSQYPSQSWEAIQLLKGFC
random_25412,IIWFCGAIVWKRRPMQETYR
random_25413,WIYAQNVFMEPSTWAKLREN
random_25414,CHHSEAQIAAIRAFDCYKDA
random_25415,LQPHPIPRTKPHVQFKHLHN
random_25416,CQVLYPAAITYQANDGFHAD
random_25417,HHCHCCTITCYKHMTHMPWQ
random_25418,PCIQRA
random_25419,KNHWKMTACVADFGFYRGWI
random_25420,YHTESQSLYKQSTCFPQKPP
random_25421,CKSDVCSTAMHPYVNNWGRY
random_25422,WELHFHHHMHLY
random_25423,CTCGKHNQQVELTHREMDVW
random_25424,LQPFRPTFPTNRVCAGKVGC
random_25425,GYGVIRHKNRVMHNFWCLIW
random_25426,SQIQIDANCSNDMAIHSVWY
random_25427,ILWPCLNIKKQFGKESLRFC
random_25428,ACRTNHYRYPIPNDHQYSCC
random_25429,HSYVT
random_25430,DGGKIGLFMLPSTMPT
random_25431,GEDLQHACSNTQWRPTL
random_25432,QAIERIYTVYPFVKHRLTH
random_25433,YYTRMAQSDSVIAYMICTPR
random_25434,CGTIECHWVFFPRGSTKGAD
random_25435,VSPKKVTTNTARKMYPWLDYF
random_25436,YKNDMDLKRPDMGETYMFHD
random_25437,NPYYDDRMVIWFGITFVNMQ
random_25438,DCNCMFPVVEFNNYGSPHQA
random_25439,NIYYSGLCDDYREDVEK
random_25440,CDMEFEFPNGIKKEVASWT
random_25441,EMNQDIDLDIHAFVHILQRT
random_25442,GQKHRGIWYERKGAHSWTVLC
random_25443,MSGEQSCEQRCFL
random_25444,GQYSSHHASCMMPFFPLRQG
random_25445,RWPAHQHDHRAHLMRRPAWP
random_25446,SANHQRFYTVRFADNACVAPD
random_25447,EVQKGYDRGICPVTRHQQSV
random_25448,HQNTGLNWMHRPACCCQMNC
random_25449,CLFECDPQPQVSTWCKVAQM
random_25450,WIYSVQVPYCVKMPDFFVPN
random_25451,FFFRGWKGANPMYTYCHMML
random_25452,ETKVCARP
random_25453,CWNVLLSGFL
random_25454,PEFLPDVVSK
random_25455,RLVRSQMNESETYWNIWGCS
random_25456,HDDARVADKGRTWLNDANWS
random_25457,PRADISSPSPSADGYIMSSS
random_25458,SRTHYNGENLTNSKIIFYFK
random_25459,EESTQFNNHTLMCQGGMKQR
random_25460,STKVEPARSYDDNFRHVREV
random_25461,WAKMRNWSCQLAF
random_25462,PWTGNRCMECSRSIHEDKSR
random_25463,RETHDNMMHALSPSHDMFF
random_25464,MHQAYGASHCMWQKALAATG
random_25465,DVHNVVANPIYCLWVGAYEAY
random_25466,MTPKRQMHRKNDRLCNCDEQ
random_25467,FDEIHLQMIGELQCCPDTYH
random_25468,YMEHEGIHHCHHAKCPMVTM
random_25469,KWPSTHTLWPNKILMNAMWMQ
random_25470,TRNVSRRTASIEPL
random_25471,IQDNPQRMLQENLCTYGTSQ
random_25472,DNKYMQFPTEHQAQMGNN
random_25473,DYISIMKYVFYKTSMFKAYV
random_25474,PRNVIKNYWEIKNEQHGSNF
random_25475,GCLFRAWNMCRKPYKV
random_25476,IANNMPTKNQKQHYATRLFG
random_25477,FYKYFLTTVRWPSYNWWAHS
random_25478,NQIYWLHKQMCCKIEHQLVV
random_25479,EWMTMDTTYHMGNLWACKLK
random_25480,RQHSYKGYLVILASRHLVTW
random_25481,YSMSNPPGNPKWVFCFMSFN
random_25482,NSRTEYTWGYHIWWVILVLQ
random_25483,YEANAQLFMTQPWIDFDEPN
random_25484,FKFHVAWVEFHRCR
random_25485,ERPGENEVNTGNRSNYKQFP
random_25486,YDYIQPACWMRIPKNAFYTG
random_25487,DYYSICNVVVHHQLDANIIP
random_25488,CYETHEHRYPGCGWHFFNSG
random_25489,NMVFHKPHEEGVCAQAWPPFG
random_25490,YGWRPVVMAPVWYTYVSRLD
random_25491,QIACYVWNAKRDCSW
random_25492,DIMWYDTKVDEHDDTPTPLK
random_25493,DICPCVNVNSVTMMHLFQEG
random_25494,KDAQQCYRIEEP
random_25495,MTPMH
random_25496,AVEYLDWWDQGHGNY
random_25497,GNMAQVRQDSANLSMMGIFE
random_25498,SRYLIADPNIFQRIRYDQMG
random_25499,MFDKFNTMWSIHYAVFWEG
random_25500,GFVWMFKQYWIKPNCDRLNC
random_25501,LGFDFDSRFDIGQWDDESTV
random_25502,LYCCTNNDKEYLYDVYNLNT
random_25503,QVVDLEHWQVAYNKTWNCTL
random_25504,MWTNQNFQRLFSCFVISP
random_25505,NIGQTPVCCPTRAAIA
random_25506,SRTVMDAWIRIDCLGIGAAN
random_25507,ATIFVNVPRSPFEVFESTNH
random_25508,VLLDQ
random_25509,RTGMIPVWTCIMPRLTHVDK
random_25510,HPGWFMVYWYVCMDKNWTPW
random_25511,SSSDVHGTELCDDQASRCTE
random_25512,SHPMHRCN
random_25513,DRETDNPFHRLGFQALICPS
random_25514,SVDAHPFQYWVICFESQWRE
random_25515,EFKFLMQHGHLNDEFACFYS
random_25516,HCANATPFFSS
random_25517,AICPVVESLSPMQTADVEYQ
random_25518,DTTRMLGFTVSLMRKVVIHM
random_25519,YETDLSIATYPHSAQTPKRML
random_25520,FAWLCNMGCMSSFWVKQFGI
random_25521,LFWVDTRWENWHNSQFWDQN
random_25522,HCGNNIQGRVAKDGASSMSQ
random_25523,NRYMMKTGDTCHHARTAYWT
random_25524,MVQLDSVPGANEVKSYMKYH
random_25525,KWKWDQIEIQIYEPEADVQKH
random_25526,VKNRVHCQMKYMHWDICCTNR
random_25527,IWTKMREETYSQKQNVNRAG
random_25528,IAWFHCLTRNLFWDTKGGFY
random_25529,NEATAKFCTHMPMQALN
random_25530,KIQNFFDMMINPGAVGIRWI
random_25531,TWLVCNNDWTI
random_25532,ALDLEQNFYGEGVGHYYEKC
random_25533,WTRPNRQIQLDCHWFFSE
random_25534,GYWVHYGQNLDQDPWSHIRG
random_25535,HNEFDIAMNEKWVGSDRVCL
random_25536,NHMMEYETAP
random_25537,NMPIAWECSQYLYQADGFHF
random_25538,HSTGMIKINQCLRADMQAET
random_25539,AKATILHNRLWAN
random_25540,RPEPCWIPNKASIMS
random_25541,CHNCGAMHNICTGCYMWPHC
random_25542,ESKVSPKYTFS
random_25543,MKYLDMFFQPHHGGGDMQISN
random_25544,ETTVPGCHYDSMMHYQLHEY
random_25545,GRMCAEEIFPNGKAFCLNHH
random_25546,CPMTKDWEICQPWKNSKQCQ
random_25547,TNSTDDDMFMDNKWFVEHDW
random_25548,SHQDHMKM
random_25549,PWGSFIEGHKMVIVGWDIWN
random_25550,CKDYGITNLLPQCAASKMNL
random_25551,TLMMSADGMYAWHAWKGYQKE
random_25552,YGCYDYVWSIRKMKPIPWSD
random_25553,SVPIDKHAGMKPVEVMDICAL
random_25554,FFVEFGYLVPLLVTLR
random_25555,RWTIELDFMIRVAHEDYVLV
random_25556,GQTQHFCTGATNTNCKKYCV
random_25557,GLIWFNQDCGVCWFVEHRDP
random_25558,PDQWRGTDDTVWNNMGASYY
random_25559,DEVMAASRMPLHYQKSTHKK
random_25560,VQDTGPYYHSHAKVPGWGWH
random_25561,HQHQKKMGMMPGPEKAVQNA
random_25562,GIWWFYRNYTNLNWTWVLMY
random_25563,WKNGK
random_25564,ITIGRVRTKGFRRCHWFTSC
random_25565,YFCNLAMRSFGWHEDVYQKV
random_25566,GIEPVKAPDGTAHMVWMDQ
random_25567,RVPHSHDFLVRFQIHAYCQW
random_25568,SIADDHFAHCCWMTTNFNSW
random_25569,ASANLRNPSK
random_25570,VCDKYRIMAIMLGQHMFSTK
random_25571,WVCIMKLAVYETGMWG
random_25572,SWYIYEKPVNAEFRTMTMKN
random_25573,YIQEGLHMMWWDGWWLRYWL
random_25574,QTMMQYIHWVARMTERMSRK
random_25575,IGDTVNVPIQLWYPPCPYHS
random_25576,KWKAVDQHCMEMPDY
random_25577,LPTLKLIGYKWGAEAPEQLT
random_25578,LYRHFKDRNFPDFRHTIHNI
random_25579,VWYCQAFYEEYTHRGPQTIF
random_25580,WVTKMSADDVC
random_25581,REGEACNQVQMSWEEP
random_25582,RLWTHVADYKEWVMGHGSFV
random_25583,HHPCHTFDGQGQIEEAMLPE
random_25584,VMDSALEYTTAVNQHKCMHH
random_25585,FIFEKYWMSYMGDEITPRNN
random_25586,ISLPG
random_25587,HCRWVQFYQHQNMGIYCRYWR
random_25588,PCADPQPYNPRYEDPWFICW
random_25589,TQAIMPEVYNMWFILELQNR
random_25590,MGWDEFKYAWMFLWLNYIEL
random_25591,TDLPGLGATIHEDP
random_25592,WGPLEIMWKNPYHLGRCYCL
random_25593,CFMVKEIFGEAMTAEEVSNV
random_25594,NLQPMDFMQVWMRTKVNNWM
random_25595,WDHNWIGIGMPHEFKMEKGK
random_25596,EPFDMHRETSRCFPGYLFNH
random_25597,DHKIQMHCVLVQIPDSC
random_25598,ISEPRRKLMKINKRHPGEPD
random_25599,IHALDYRKDACLVCQHNYNK
random_25600,GQRAPGNPMTYQTWFTAVAW
random_25601,CILVVKKWSELPNTPDFMNEN
random_25602,ELWGIHIYIIHHAYQEIDDE
random_25603,MWTHQCFVAEACNEEWDVVK
random_25604,NGRTVWRHVIIPDNWDTMF
random_25605,KHHWWTWEGLSMDQRSKVMY
random_25606,SLWCACVFRIYSFIDQKYCK
random_25607,VVCHWFEGQREQCGWQANYV
random_25608,MGCSEPNTVPPKEEAWCQFS
random_25609,MAYEQATWLWKDPCITDGTY
random_25610,QLFAFANVLKVEKHWCIAKK
random_25611,SLLNKFPSRGHDM
random_25612,NKWCWYKIIEAYLVSMVHEW
random_25613,SWLCYKLQIQYTQQIPCHCN
random_25614,CAGHDVEIGDCPGNEITKRF
random_25615,IIVKAQTEWPIHE
random_25616,VSNSDRYHRAAWPRD
random_25617,YYNALFQHKCGYFPIYRVVR
random_25618,INNQVHRLYLNAWIACHRPF
random_25619,KEHAQPQKVLYQQRNDSRRR
random_25620,LYCYDMQAAGHPPPTNCMNQ
random_25621,MTFAMFAMVWWHILLNNARAV
random_25622,KMIPRDILMAVCMRQSLYFT
random_25623,ALPKIGEDWHESPSPCHEYL
random_25624,SWRKIKIMQITTLPQPFANL
random_25625,KRWHVINISARSFIRDPYCP
random_25626,FYFHAQRFRNYDAN
random_25627,TEHTDM
random_25628,LQKCPRTTTKVEMVPDLYCI
random_25629,SEKRDRKSFNLHYFCVYR
random_25630,SYASFHHMHIIIMFPSSHGW
random_25631,WIWTPWEPD
random_25632,KIMNSNDADLCHRPLWMFEIP
random_25633,EFEECKQLLM
random_25634,QLWLACLAAGFFSTSVWDSR
random_25635,MDRFCHLLTGYKVESAYFIW
random_25636,LKRCGNCKQTNNH
random_25637,HRAGIDHVMGDPNEYWDQQMI
random_25638,NWFGHWNCFYKRPAAKYQWG
random_25639,DQRETPGDACHFCNFQKGYSQ
random_25640,QLAYSDTDLGSIGNWARKFH
random_25641,NRCICK
random_25642,DQLNATKKARAWSQPMPSSN
random_25643,CVHPGWASRQWPSY
random_25644,HCWEVAHWFDQWLHDQHISCP
random_25645,VYEFKFEHMQNEHEMACIIN
random_25646,MWKADWEPCDRKWIKDGEYS
random_25647,ANNPLRCDDNETDRPHLIIL
random_25648,HPPLYEHFYHNITAT
random_25649,DHYGVMRSWTRLNILSDAWY
random_25650,GYWVSMHMTYNKGFLYSWRK
random_25651,YLYTQWGICDYPGHRSERNF
random_25652,MTRWQKDMVCKPHKLHAWTF
random_25653,KFRSKEDAACSSQILREHAC
random_25654,CMAIVMVNPNRKPVEHFFFW
random_25655,MVVQWP
random_25656,CISCLHLDITVRPNIFCGLH
random_25657,QWKACPVEQRAIGG
random_25658,TDWRPYQMVTPHKYKEKRWF
random_25659,DEPFESQWHHE
random_25660,TNFSAQKLKGDKFPGRQTDW
random_25661,KNADFKKSWGVYFCSILCLY
random_25662,NRHSDLPQTDMDKLDFCLGT
random_25663,EHLVNSSEGNCKGDDCKEHE
random_25664,RGCFQETGQFSMGCNQMYQL
random_25665,MRCTEVMKYMRQSVRFTTEA
random_25666,NTNWKCLVPPECPIFYKDGS
random_25667,NEHRWLKGPWHHKNATVGHS
random_25668,YLEQAIFHINIEQQEASENH
random_25669,TPVKDIGPVILFNNCDNYMA
random_25670,NKTQCYREEIADFTIDKFMQ
random_25671,YAHFCVSTIMKMHGGVFPYA
random_25672,RCERSVTWIGAMEDDCKLS
random_25673,HTIANASVSLGMNIATVYYL
random_25674,LPILILEYASHDQHIGWCDQV
random_25675,NSPNFLGFRNHQCYHENNMF
random_25676,TNACNEWVWIKMCFCTIIDE
random_25677,EENCQHSVFAYWPCKMPDMQ
random_25678,FNYTSRTGGSQASLRAHCNH
random_25679,PTPSYPLSNLNASDDFDMTI
random_25680,YSMLQAHLWYYTDQGMQYSW
random_25681,RNFTCWNCKTVACA
random_25682,CQSKDYQIWGKTWFLRLSNV
random_25683,GKVWHMELCDIFLCIETWLQ
random_25684,SDHNLIVRLESDLNQMFVRR
random_25685,SGSLMPDDR
random_25686,SIHNVDAVIIGNMGTMVTYQ
random_25687,WYLCLAWIGWMKFFKFWRGV
random_25688,SWLVFTRDCAYVMAHAQRGPM
random_25689,WLQNLWSQGNEYKPELCYYWT
random_25690,GLAMPGRQKPFFKIG
random_25691,DWADFCQHIQGKDKQAHVYQ
random_25692,FQIEDWKWGRERCGFSETQQ
random_25693,PHQKKSKWVATDFELYDPRA
random_25694,DHIIVFNKSWLRCQRYLLYG
random_25695,IGSRCLTFHGEASHKWAGCH
random_25696,TMEKFLWRNCQSFDHDQVVV
random_25697,KNAERGVFGRQPKY
random_25698,VVKMDHVNRNILFKKFCAAE
random_25699,PGTIHRHFMGLGKTNGKKHP
random_25700,MHQDFRCMIMAP
random_25701,MERDQRMSCKKNMVNIIFGW
random_25702,LRSFDNHFKPEHSRTDWWPI
random_25703,LSGLGYCHYCHYALQKL
random_25704,YDKFTCFASEPPLASIQHNS
random_25705,YRHWTIPRFSTASKASVGRNI
random_25706,HGEQSNQVFMCCCDDGMPPI
random_25707,FSKYWMGGPQMGGMCLTPPT
random_25708,LSVLFHTPQNNRTVGWWSNRI
random_25709,WDIRMQMACLKRHVTWGPFV
random_25710,WADRQMTQM
random_25711,EFAMPLLFEFIIQVNLDP
random_25712,MVSNLLNPNLTNINNHMPCG
random_25713,KYSAKWLQGNELSY
random_25714,EYCGIGEFCIAGVSGQDRNT
random_25715,CRHHSVRFLILYGWFRCDHRT
random_25716,NLATTNAKECMCNHICCTFY
random_25717,VTPGVALCYYAEWYVCFVSE
random_25718,CKNAYNCLHDALASNTLQEW
random_25719,YLWCNSDNATNECWGHRDLP
random_25720,LAQHSGDIPKEFCAPSMYQR
random_25721,KVNGPDKHYTPTPPFIAWMQ
random_25722,ELHSVQPEPY
random_25723,WPGTVDEEWYYPDGIHMILN
random_25724,MNCFPSPTFWSNQNMYCHNC
random_25725,HHQKAVWFDRHHYPSM
random_25726,IEHFW
random_25727,VTQDWFNKGMQTQNNSYAYW
random_25728,FWQCHVGKFEMFLFVNMRLD
random_25729,RHKDVNYQKITMMKHKAIHC
random_25730,YPIALSFMLCSCCCNASWRS
random_25731,EGSCQGYQYCKWEQAFQGCAW
random_25732,DMYTTDKYSRHY
random_25733,QFLLFQDDHYHTLC
random_25734,TPQWHG
random_25735,PFFAWTCVQMSNGRRVARAM
random_25736,DRLCISTQYREFVPSWLPMV
random_25737,GPQNDQSFWIW
random_25738,KSGLCYW
random_25739,CGNIFRRCWCGHDWKDIIKF
random_25740,CPFEQEDDLYDWHMGHGHVQ
random_25741,NHISFTYHCGWHVPQTNL
random_25742,PKAYEWDEYVVSLRTKIVKI
random_25743,RMKQFIFCPLHDHNEWDTFK
random_25744,PIIHTCVQWWCACGTGREDM
random_25745,PQVKGQPCLCCCQMHMADVSP
random_25746,YNKWHVGFGNTFTPGIQVYS
random_25747,PCMFSFTI
random_25748,GVALPYDQVHNHCAQALAEG
random_25749,KTWGKRSTLPCNHNPKDMHI
random_25750,WEFIHGGRCCRKRRCVDQ
random_25751,YRIYPIGVIYPSHAFFWKHMR
random_25752,SGKGPGEKYRVMETTEPNNL
random_25753,VNIVSFYIMSGELVDFCWRS
random_25754,EFKEMESDGGYHWGIWQ
random_25755,KNMEDYDASTYRGHYRWAVWI
random_25756,TMYRQEGNQKAEDTGVQEEM
random_25757,TKEYCHIRNNEPDACPVTPH
random_25758,SEFNDVCPRHVYHIYVTCN
random_25759,VSKTIPEGCNKPPFEWSMPC
random_25760,MRDSLR
random_25761,MDVNPSEYWERMMRMDANYF
random_25762,STNCFANQHNHGNNGEWVEK
random_25763,QLAEFCMMRTFLHGYKWTGK
random_25764,KRNDVNPQGENRYCAHVGED
random_25765,IYCAITKGLEYP
random_25766,QKWRIEAGRERDKLQPNKM
random_25767,RQDFAGSKDRTWNELYAPWSR
random_25768,PGKVDTEFKLQCYEYVEGKV
random_25769,CKPTANKIKHMTKPVVPLDLC
random_25770,GNSGNKRHYDWTFYDFIDSA
random_25771,DPLVGTCIHLSWMSASKTIT
random_25772,AGLFLTVMVAQDLFMFILVA
random_25773,IMSMPEDRWIYYRARHALWF
random_25774,ICWGFQSQKNGAFPCFPAW
random_25775,ISPHRSQCKGCRSGFFHDDE
random_25776,QQHETFQTKNIRDYACQEMV
random_25777,HLQVFMHMYDI
random_25778,KHSNEHGMQSSHQPKHGLWNR
random_25779,LQAMTEGLEQDEGSSRRTKW
random_25780,SRICNQHNQKMQNKFFNDIC
random_25781,KNFTHMQQRQPRDVLERHLF
random_25782,AIPQEYQFRHSGRQM
random_25783,GRQNTIWEYFMRVNGFFIKC
random_25784,PKYNNDVCDSYRNFGCEWAD
random_25785,YVVFAGDRMSVPDICFLSCV
random_25786,HPNYKSEDKKALFNWYSNSI
random_25787,CYSQHVPCDMICVMIFLCMT
random_25788,RLNCLSR
random_25789,PSLHTSM
random_25790,HFECIYMIMYQNLCCYWQDV
random_25791,CPDQNNFDINHQEKINWMLV
random_25792,TPWAAFSIACRRTHMSDTKY
random_25793,QINMEQHAQCNGYHCFWWWK
random_25794,SALDGAQRPLKLKEKAIEGIK
random_25795,WSVSYRIFLIPE
random_25796,KDINGKLMEWWNWFVKDCNH
random_25797,HVWQDHVQKRQEIWWLICKH
random_25798,GFGWWLVKADTVNCNCNQKM
random_25799,YYVRKWKTKMVENQFSAASW
random_25800,QNSGERFFRYPNAPLDYLDFV
random_25801,VMSEAKMYPTPYDNINTEFC
random_25802,DGMWDGITLCIPKRKTYWKT
random_25803,HSPMHMSAHLRVIFDSRMWT
random_25804,CEFAQWGWETAKYIFMMTTD
random_25805,PWEKAARCKESSNTSSCNGR
random_25806,TYPFGGLWTARNHVQTVIHR
random_25807,RTPYSLWCPPRQQHSTWILN
random_25808,YQVCWSVDKPNTNGIHFGLC
random_25809,YDHIQASG
random_25810,YRCMIVFTWMGNYRVVIFLS
random_25811,YYYRCVWPHPRTIGMCSMAE
random_25812,WYMYCIEADCDNGMLIPLPP
random_25813,RMSYTTKPAYKNLQAQADRA
random_25814,MDKFHDIDWQGGAEKNKFFV
random_25815,KWSNQHYVQAFIHPMNEHNL
random_25816,KCEKVPCVVFWYPLECYMEL
random_25817,VWREFLPQKNSAWVEEDCVV
random_25818,AMIIVQIEDNENLYGD
random_25819,KLGSTIENLFANRSRLQGNY
random_25820,IECAARTCPPVMGIRLFYLQK
random_25821,KIAMMHSPWAVVVRAYANWP
random_25822,PHCYHPYSKGFDCWLMMANV
random_25823,LSFTWEEAHCRDFHCDSG
random_25824,FWVKDFMVHPGGDFPRQAHI
random_25825,GMPEPCKPGVHVSYTKWMKV
random_25826,SGVEVVTADMQVYWLNSCHY
random_25827,CIMWENINHCAETPLAYCPS
random_25828,ERCELSKVHANIRHPIEEEY
random_25829,KLRPKPVKMFRWAIYNQSRV
random_25830,AIKMCYAWQTRPV
random_25831,CLAYDCTYWCEHFREGCQ
random_25832,CKGFGWQLNQWVFWRHHVVD
random_25833,ICEKHQGDMHPFSYWKCLCRW
random_25834,EMFISFFRICSSLISRKFGK
random_25835,ASLTWAVFGPPDVCDIRIWL
random_25836,ESSMSWPMDCNYNTS
random_25837,MMLSVCLLTRTQFYKKGIEL
random_25838,CEPRAFREPCARQL
random_25839,EDNCSWEKYKQHVRYMVHEF
random_25840,SWCDWHSGAENAGHLVCALT
random_25841,VMYGRNVNRCCDFPGQNGYEN
random_25842,LLTELNSRVRLL
random_25843,SNCSPHLAPNVQIFPYMVHW
random_25844,PCWWWSITNDQWPHFMMARQF
random_25845,CNGLEIYIVPECIWM
random_25846,QGTKSLMLEEETQFWVQSY
random_25847,MVPSFIMPKNMVNIYRSERL
random_25848,GIVTYIDRGWDFIFYPTEWW
random_25849,WHGINRKPEHFAGRIYCWSL
random_25850,CPSAFSWNNNRTLYYHMQFW
random_25851,TYRWEPITMFYNKFITQCHA
random_25852,CVWMNAFSFWPEYRAKSRQP
random_25853,PASYSCLGGIVFAVKYWLCT
random_25854,RLMTIGMGMCQYMALTYHLT
random_25855,ADNHSLDEHPYWTNRQMCNW
random_25856,VPISMYSERSDGNAFMLRKQ
random_25857,VVKHIPYMVEEPFHDPEIKYF
random_25858,ECKCHSAWFNWQIRQTTTSH
random_25859,STYKWYSETDSVCDAIWEAG
random_25860,KKTQQPEHDCKIKN
random_25861,HELCNFDCAYFDDYELRHKYD
random_25862,RAAGFIPRMVANMGSCF
random_25863,IHPQMMAPQFSIVCDEYMQF
random_25864,MSMEAEAKKRHPGLGHGPGA
random_25865,GHPNYEKNFSKWIEHSCGCG
random_25866,HYTQVTNPMMQVCERISCEF
random_25867,IYCVVDFHLSPNNKNTGWNE
random_25868,AVTNNQNCQCHHHTNGQLTW
random_25869,AVCIPEWEISKGSPMEPHVM
random_25870,KCILAMIRRAWQDHHHNCMM
random_25871,GANEKEMSERQCSQPV
random_25872,WKGSWWMIFRIYCRTIDIEH
random_25873,EGTHPNPNEPMTSDCNEDVY
random_25874,VQMDPNINPVECVPVEFVAE
random_25875,KLHMKLQVQMAIKLGHYVSA
random_25876,DHGICTNAQVAWQEPMIYWN
random_25877,DINIEYHAIKDPH
random_25878,PWNAPEPYTKWFLIYNKMPM
random_25879,VRLENVWGCWLLQKWITSTD
random_25880,PGDQVEIQKGEDYIQCPQDH
random_25881,FAFNRSYMVKVHWGIVNPDE
random_25882,YWEDYV
random_25883,NWKICRWNRHQMPWPGLIKA
random_25884,HADVNTNHQMTTGHEWRWAY
random_25885,RPWWECLNQKLSEFPAFDKM
random_25886,CIVDIQQQVPQTSFEPLWLH
random_25887,PNIKEWLPVPATPDQYQQQT
random_25888,WAWPTTGCFTMDAAL
random_25889,STWHDMYFENRFMNGSCKRP
random_25890,RVRLEEWWTHAATKALHHTRV
random_25891,TIKWISSYCDDTNRWQRWYK
random_25892,FGRSPICHCDQAPGHTMLLE
random_25893,IKLNKNYHQKPLHNVYGVDK
random_25894,VMWYHALDVNYCAPTYFTYT
random_25895,CPISYFSYHIKEQQSPRLRD
random_25896,ICIVSTIRVMPHYMTFKVIK
random_25897,AFAVGIPIQDHDPVSFLGFE
random_25898,VLIPFTWKKQPDGHACFGCG
random_25899,VYNDDFTHMG
random_25900,GDDRETEADCSCGHQPWWST
random_25901,VFPEHNVTPCCPEAYEWPNV
random_25902,QMLMFVKMEDINIKDTQRRP
random_25903,VRQFLHCYILVRMLRYSESH
random_25904,IVRTMARENTRQREKPHELE
random_25905,YWESCADHLQIYLCQLKTAN
random_25906,GVACSNKHISKQ
random_25907,RPEAYAEWYAWQLEWGMQSL
random_25908,HAIQCNACRSKRVMTNQSGV
random_25909,LQENFDCAQMHIKAFRIDTD
random_25910,MSHCKACYLCCVFNLDRMNC
random_25911,VYPWIFKDTFDNVFQGVFAC
random_25912,TNNDFFDCHWPQHYGYIHLS
random_25913,HWRREDDEMEVGDPKENCAH
random_25914,IKFMDWYGACSSLSWYERSD
random_25915,AQVYDDYRQNDPVRHHGSRC
random_25916,RYEIQESTLIVR
random_25917,NPKLNAQEIACVELINQAHY
random_25918,LRDSAYATPHLYGGMDNQIP
random_25919,QSRDEMWLSYRATNNNYYT
random_25920,GGRTKAIHIYCMGWDKGNMT
random_25921,PNQYTRARLKQ
random_25922,WMGKWCQDKHHRHQAVHSSQ
random_25923,CVHRTPLTIVYRSDMHDSWRN
random_25924,QFNKSEMENLEACWLKPLTT
random_25925,TFANFFHGNCYVCNLHNQIM
random_25926,DANMFACGTCFRGLHKWCHP
random_25927,ELHNPPRLDASPKWWPSHTV
random_25928,MVAQTDYSMPTEATMYDPKP
random_25929,FSMIRYDMWERIREMEDVCR
random_25930,QTFGCVNECRMHVFWMFPWPQ
random_25931,DIAHGHQVDQMKYKAGAAQF
random_25932,VWHEENQLKKFEWHAFNTSWY
random_25933,PELWW
random_25934,MQFVQPDVDFQFSHNFMKMK
random_25935,KNNPFGQYSEALNGWKSQGI
random_25936,VPGRWMRSDMSGV
random_25937,YYRIGPHDEPLKNARWPICC
random_25938,DSMIIPLIQNWNMCFAKFPK
random_25939,HLTICKNPKYNWIWPIANDW
random_25940,ILHCRSWWTMELFSQ
random_25941,GFIVDMNTQPQPFMVQLATM
random_25942,NSQTRNTWIINR
random_25943,WNFIIVMMPQTVHHDQNRIMC
random_25944,RYFPHKNHITWGCSQPKQHV
random_25945,VRWRFLWWLMDAPTRVDFYM
random_25946,IDPMCQ
random_25947,LQNSNLQETLLLKLAIW
random_25948,NKTMKACNWSRRGSERSRFP
random_25949,VWCSWRINWTEFSDAGCYWQ
random_25950,IDSYNGPYMHQMLWGIICRY
random_25951,SPFCFRGGPKPTTQMQYSHP
random_25952,GGQCKTPWCDIANDTLFVDG
random_25953,WSCIQWQPGQVTQAMSLSFC
random_25954,SSVYLFICMARMKSQPEEQD
random_25955,RFKLSVYVQAPANDYHSPYC
random_25956,RTARYIFRQFQVA
random_25957,VTDGDLGYQFFNAIATPNCD
random_25958,KMTHQTVHMRWNAWLILNAF
random_25959,SDFNWKEDMSDRE
random_25960,VKLQLPMWSRPSMAVNKGWV
random_25961,YGVWHASKFH
random_25962,YRLGSHYRYGGMEMPNLHST
random_25963,PMWKEFWFDGRWMHNGVP
random_25964,RDQESKPRDTGGCHSWFMAL
random_25965,SPWRDGAV
random_25966,KLMKVCMVVMIIKMSMIWNW
random_25967,KKREKEWNIGYTINSLNSAA
random_25968,DQYISINYYNSYTANGYFKL
random_25969,IIKGPTFSILC
random_25970,WHRRMEVQSNPWAAQIRPIA
random_25971,HVWCFSPYYEPVHGFHRVRV
random_25972,NKPEIMACENRKSDIVQGPW
random_25973,VGTENYAEVSNCTESKFQVM
random_25974,MCQQPWFGSCFDPYKPMQVI
random_25975,QQIPHLQQRHCTCRMTQASRL
random_25976,HKTLWQYMWYHEAMKIGLTC
random_25977,TGKWMVKHSEAHYQHIIKFI
random_25978,KCIWNLFSGIDFFLPQWDLG
random_25979,CWVKYTDTDMKTDQNTRPER
random_25980,INYLCLLGKSDWEHSSQTYK
random_25981,HQWGAVCRNMRRK
random_25982,NICSKCHLVW
random_25983,FSGICDSMKNQSRQAMECEM
random_25984,WMAPDAQPLYFRFFKYNTAK
random_25985,PKNMWDC
random_25986,WITTDNYMTFWEETMDSCEL
random_25987,PLDYTSGNA
random_25988,CEKQNHEQAMAKPRVFVWTC
random_25989,VKRMFPQWTHFKATNLNMNM
random_25990,GPMHWFSTTVTTITAEWSSME
random_25991,ASFTRKFNQDPVKREFVESY
random_25992,IWHEIEEHNWDACCIPESYK
random_25993,PHKDENWHTHRYCIAAQTYC
random_25994,ECMTQIFWDMSEHHKGEIRW
random_25995,CTVQDSSYEYHGVQHADVPQ
random_25996,YNPFETPGSVRSVHDCESAW
random_25997,ESCTCQINLKMGRSHS
random_25998,TWLGDLQLDFRIVKFEFRWN
random_25999,YRLQAPCYTRAEQCKWLCQV
random_26000,KSISVYYPSNCYYLVHAECY
random_26001,GFFWEDWAQVMEIF
random_26002,FGQCSWCDGYISFNQDYTK
random_26003,IQIWGHKQNELHHTRIWLCI
random_26004,KTPYTLFGMHWDIDLFLSMC
random_26005,DPCETGYRYFVSTDKCKSPSC
random_26006,PQFRIDTTCRNHMGHFPMMS
random_26007,SGHETYWTNGVYMIHYICDD
random_26008,DQVYQVAALKGKCDDCTRGG
random_26009,SFGMYKTEEFWKLVYQLIMQ
random_26010,QMVCTCDILWMLNCYCFKFK
random_26011,CEKEATGEKWRYIEYTCSYL
random_26012,EVMARTETGKEQIMRVKIGN
random_26013,IVMHYLGNPEDSNDWWMSLL
random_26014,WGERQWDDANVSKPFVNCGV
random_26015,GNNQVWPVCYEMTCIYPD
random_26016,CETEGGTAYTGGVTFPVMQL
random_26017,TSKYVCKHHKWCAWEHNCTE
random_26018,TYNCADGFCITCTLLVWHAH
random_26019,YDLGVVKPFWVMLIPDWQVP
random_26020,GRGEVYNYSQIMWQVYERWY
random_26021,KWRSVDPFRNLYRCHHHVPIF
random_26022,VAQFGCIPDSGQKGENVYKK
random_26023,MDDYFM
random_26024,EYDAAKDYSCMIATFLVSHV
random_26025,YHLLQPWQLSWWQGCPQEPA
random_26026,GVDFLSFWGWNNNHMCFIQPA
random_26027,GGMVLGFWDQPTSFVVRYNC
random_26028,RDQEPSCSCPKKTW
random_26029,FWTEGSAYALQSHSSQLFYN
random_26030,DMRQLMQETILCEAPCWNRF
random_26031,DGQFWEQGIPHTDMIDDVLKP
random_26032,HKIPCMIEMMNAAGI
random_26033,NREATVELGINEQDMTFDDF
random_26034,YLNFLAEKMMQEGHVHYNQL
random_26035,QFQDVIINERWVWRDVPIPSN
random_26036,HKITATKDPISLVIFTISGW
random_26037,YFEATGNKQESYSDTARTSQ
random_26038,SSRCAGCEMKYPTFWIQYIK
random_26039,GCDLRYEIWV
random_26040,SETLSSWMYHFYYQCHQMFA
random_26041,MHHMLKCPLGKVTAKTCPIN
random_26042,TRTCLKKGQQHNWWIFCVTD
random_26043,HYAHKMEVFCYMCRREKQYW
random_26044,NDHICAADWHYGTVADAIVR
random_26045,WGEDQREAQVWYVHKINWWM
random_26046,GIEFFPVYVYEPPTTPMFYT
random_26047,FHGNHMGGFNWLGPF
random_26048,CCICRCQFWRYDSVLGRWMF
random_26049,RRQDNWVS
random_26050,DRIETVEGLSFYRSALIAEK
random_26051,YHCKWMPV
random_26052,GKENSEYHLAKHWYIQE
random_26053,WLTKTASRENHFAHWYCLTT
random_26054,CMHVCELIPWACLGAKIRAE
random_26055,ERITEHLCCHRKTERPKEKI
random_26056,AKHNQ
random_26057,VQQQYIWPGSDSRAEFLIMM
random_26058,AWLCDVDGVSMSSTQKIMCE
random_26059,MMMNRKQNENGIILWFNWSE
random_26060,HNGWQNQSSHEF
random_26061,IGNWRAIMAFQKTGYVNKNE
random_26062,KVWCENHYKMSNSRKHEIC
random_26063,EKSPVYGPYLWKLQKAANKD
random_26064,SGDLKKWAWFRHCIKSKVYR
random_26065,MHIRTWGYYEEFTAHKVNHP
random_26066,LMFDHNLDFAITQTIA
random_26067,KYQMPWDRMGVMTVIQWNGV
random_26068,QYCWIFDGCIIVYDWAKRQV
random_26069,YGYDNNITMMTYIEFSMFCG
random_26070,YNGLHMHWWGA
random_26071,RVEWRGSNTDNRLDGCDYHT
random_26072,CSAFWGDHNQLAWTYRHWTLF
random_26073,VGRYLFWCWPAMK
random_26074,YNGWERKKYTSCCWHGCRQY
random_26075,ALTGFTIGNDLCYTGMPYTG
random_26076,MADFLLAMWPAHASIPPKYS
random_26077,AFGCQLIAHECDWYHYRDLPD
random_26078,HIYIFTKIIMQCYYDKGPLD
random_26079,GTYRFAEFNRAFEMRSNFIM
random_26080,CFTDHYCNVTVCWDASCSNI
random_26081,DVMSNAAFVAMRLYMGWDIM
random_26082,QMHIHGECTEVGNIIHQFKN
random_26083,EQPACSWQP
random_26084,TPPLCPAEINKCINGLKEKQ
random_26085,INDKRNECHNFGGCQILCDP
random_26086,GGFVPRAYM
random_26087,MKTYS
random_26088,YRSFAINAVSMQHLNS
random_26089,HDQCWTDCKGWWWRCTGSII
random_26090,ARCFALMVCMQYWHIEGNSW
random_26091,IKHMAPLQPMPPMITDPNLC
random_26092,VWLKVAIEDIIMLLKVV
random_26093,LLKAQWTYWGLIPQQIFVKV
random_26094,ATYSH
random_26095,ILDMKTYKHKIL
random_26096,DLREYYSYRYWVSC
random_26097,TYSAMVGHVCGHVSTRHIEV
random_26098,AFGRQGTQSWMTYKSKQLHK
random_26099,CLDVYLLQRACVIPMMYSKD
random_26100,RQCQEPVSLTVNTERAETEY
random_26101,RNLETWFMYPSGLIKERSMR
random_26102,IYKEQLRENCWVWDHNMQHL
random_26103,GIARDMLCVN
random_26104,VCRRWHYKFWLWTCNHTVDV
random_26105,EAHNNWGGLWAGKME
random_26106,RYACWLIKHHEWYCYYSLHT
random_26107,EGFWKKRDQNVPRIMDTTET
random_26108,TWSPALNRLLTRWNEHKKHL
random_26109,DEWFHDGRPD
random_26110,WRMNPNPTYARKSFHPMCDI
random_26111,QGLRIYERSYWDGNGEDHTQ
random_26112,PDFFSNFSYPFQ
random_26113,HFTIWPIRTYRDDKVEYYNA
random_26114,VPEPIFNLDMNQWSKTNAVK
random_26115,KYKSTHSTYCFSKG
random_26116,AGGIVSQGAVVVPWRLQKWE
random_26117,QCEAWLMVQWMFYAKKEHME
random_26118,KDVPYGVREC
random_26119,RNKFKKFKEISYDE
random_26120,PAKETRVDREIAFRMMRGEQ
random_26121,SRVELMDKYKYDACTRDLAY
random_26122,ARNLLGKAACQLCDTQCAYC
random_26123,GMCYRTFCVPDDCCMHWCYQW
random_26124,VPTHYGVIYKYFARDPENFP
random_26125,TFDSWWWAIFFVVANLTSPE
random_26126,VSWFNSVGC
random_26127,DIAHKTYCWGQQILNYHDCN
random_26128,IEKFLYMVCMGAEDFPEKIK
random_26129,YADPEAKMSLQAGNELKITRT
random_26130,VSRPTERYHPWVKTCKHRHS
random_26131,IYTAFRLHEM
random_26132,DGERRMKCKYYQPGGEEDFKS
random_26133,TSCAQKSDQMFMDSMYPAAS
random_26134,INIPCDNVTVKKKMQTFVNV
random_26135,HSIYDPGVAMCRTCDQKFPK
random_26136,MCHVCDQMSISPITEGGEYF
random_26137,TPMIMDSWFFN
random_26138,QRIIVPWSPWENWADFG
random_26139,MSMDFCFAFFTIVNKMFRRE
random_26140,VPDGKAQVTRWNCFPEAFTM
random_26141,PDDTFHQKN
random_26142,VFYNQSNRYYQPKI
random_26143,FEYCADRNLCAAFYQDHLYN
random_26144,VEWVYDHSWNRDPRVEWNIC
random_26145,GDHDYFHFHHRIFAGRRFAV
random_26146,YMDAFTRVTCQQPCDIHSQS
random_26147,NDVGH
random_26148,IWWYGRNMDYMRQIMENAHS
random_26149,GDYQMGKIGNLARGAWNYGL
random_26150,VVGDCVVREFFIIQDTTRQV
random_26151,LPCIPLKTYQRELQQQSVPL
random_26152,MEKWWLCLAHIVGFSMRWVC
random_26153,LPVWEYDHCSGIPESRPWNA
random_26154,YFSGIGHEIKTHVDSWYTCE
random_26155,WGQMVLIQMIWFTNNEPLVW
random_26156,HTGDRNFIYKIM
random_26157,SNPITHDI
random_26158,SDTMNPSTPVENPYSYRKIG
random_26159,AKGQHDANMYEAFAWNIPDM
random_26160,CKARYGAEVYDEVWIHQL
random_26161,CGWQSCYFCYFSPCIAKKIF
random_26162,MTLEHCMVLMCWMVENTLCM
random_26163,EQMKFAQAMQAPDKQVNEFV
random_26164,CNHTTTATRRNVLQDKPNCA
random_26165,VAWGTVSLQQAIWFTFVSEE
random_26166,FAQQVSKSPYWQVGDTDIIH
random_26167,IQMYYTRWMKHCGLDCNHHT
random_26168,MTMGHMIIRWQWWASLGLDN
random_26169,TSCCPPFVQWTKCFVW
random_26170,CGQQATEQLCPWIYCRHGRD
random_26171,CQLHRARDFNDKDVMAMRLK
random_26172,RECYKTHIGIRSYHKLEEFG
random_26173,YQDTPCSLYGFFHSNDFNTL
random_26174,RYFHVELPMDWACAYDNHCP
random_26175,RTSCDACIVQYYHFRAWDGG
random_26176,EETLDGCKCNNAHLNLVIPG
random_26177,HNTRTKLDMGDYAWMGFVNW
random_26178,DHDLEMDCLNNERFWWGVFI
random_26179,EFPQPFMNNLHADCHVMWKG
random_26180,QNRGPKYCQDVCDNAWARAI
random_26181,WSIREKSFKFYSAMR
random_26182,MYLLCREEVTWRYRSYENAVE
random_26183,SYGKCHHEVHQEGCNPGNKQ
random_26184,EKAAVGARIIVETLQS
random_26185,LSNPVPPNPDCPCILYVVCM
random_26186,YDIMFKILVWGPMNHKGVAI
random_26187,YYETIIKDSCMMMQWQHWRW
random_26188,QQHCNHCDRGKPDSVWLLCG
random_26189,YFEFETVQATKQYCLDTQS
random_26190,QCVLMIICKNHPLIS
random_26191,DHTYMAFFPEQHSSAEPAFR
random_26192,QTQYILDIMPKSCSYY
random_26193,SRLITCKELRPNMMDCYVSM
random_26194,TRLFYERYSACAMKGRTYKY
random_26195,RQYVWKDGKHLPTY
random_26196,ICHIVTNMWLHKVDWAYQYY
random_26197,AETSSPVGDRAKPRPRMAFT
random_26198,KWQLWNSNTKTF
random_26199,TSCGSMEKQWNSVQFGWANK
random_26200,MKWIMAHATWIFDPDVTICF
random_26201,IHDILKTFFPVPMPHEGIFK
random_26202,DVCPTMPGDRVYCLEVFVKD
random_26203,HMWKIWHHTNLFAMWTHKHG
random_26204,NWSESHHEMDHKQVPVHQVMI
random_26205,NLCDGMNWENDFVSSH
random_26206,MHVNWHHRSKWIKVHDCYNK
random_26207,TFLATMYDRIWAGFVFIWPEK
random_26208,YSDQLGEINEFRDQWEFSCL
random_26209,TCIMYMMWPAGEDVALSVFD
random_26210,QYPMWQTDDQFASTAETPT
random_26211,MKTPWVTSEGETS
random_26212,EHCKHTQMFCWLEKANGNDM
random_26213,SCIQKRWNWACHSTEVVLMD
random_26214,EYDKDSSRDCSRMCD
random_26215,VITVKTNQKKGPAAQEFLAS
random_26216,HRPILYKTHVCVAHGANFINR
random_26217,FSSYDRCSLYWLFEKMMAGY
random_26218,TMDHWQKKHQDHNWPK
random_26219,NHPELSAWILRVLWRVEGRE
random_26220,ENHDWPCFRQDPMVLESFIR
random_26221,VLHTVVSVKKNVGEDLKHFAQ
random_26222,LNPYHFGVQTEGLRRVVESI
random_26223,NCCCSCWADPETCYNHSRRL
random_26224,QKEGRFCPAWGIALNEQRWA
random_26225,VVPECDAFAQQGTSGIFLVL
random_26226,WMLIMITSHADWYKWGSMQL
random_26227,NLPSEQPYEIISANYMSFYG
random_26228,RSVVMCHGAPFVTIHWEIA
random_26229,LNSHTATSKGSNQNGGSCDN
random_26230,CVWYLCKSNMITLDLPY
random_26231,KQFHIPQWLAIYRSPIRRVN
random_26232,LPSLDSQDCHSLRSSLRAVE
random_26233,YGYYFMRPNIGLWT
random_26234,HRVGCPQVAPVAQEKIFPAE
random_26235,SYCELPEPGQDAFASHMPIA
random_26236,DPCELKFCTVCIFHACPTGG
random_26237,GIQSWGFDN
random_26238,LSELCQHL
random_26239,WAKKCGQLNIMHSWAEKGMT
random_26240,SKIAIVCQCHPK
random_26241,DMHHCEMDVYQPAFRPRYAE
random_26242,WTTHMIDGRNTMDLHKFYKI
random_26243,VDSSYPVLEVRRYEQHIQQR
random_26244,CWETDRNRWHG
random_26245,DHIFQEMRPLILGAFHTAQP
random_26246,CYQPCTHMFYSGMIKCWWWC
random_26247,QYIGKNIQWRDACDWNHFYK
random_26248,WGVNDSF
random_26249,NLSFFIHISPWMGRLQQGYV
random_26250,KPTEDQNFDNFWWQYMLLVRM
random_26251,HVTYPGSRRIPFSFTLALDE
random_26252,HMKNAASNIMEWCLKHRWRK
random_26253,KGRYFKCLWIGEEDAICHYH
random_26254,WCFEFNDCWFEKINKTPYGP
random_26255,IWVPQHFFAPHWMESVWTLT
random_26256,GLFCFAPVAHGGMGAKWVKY
random_26257,DWQNAWGNPSYKMNTANNWV
random_26258,FPQDYIAQEMPSIINHHKSA
random_26259,SEEIIRFQHIWYNRKWGCWDP
random_26260,IKETDPCDQDAGHGASM
random_26261,SFPCDHNYHYHVAIKNALAL
random_26262,ANHICKYKAMSKHYHMIDWI
random_26263,GTFLMGLQMHKVFFAFFLTR
random_26264,DQNTTQQKHTVKKHRRMSCF
random_26265,DAANITATRKHFMRRCCSHLQ
random_26266,PCLCYTYVKNRCELYIIDNM
random_26267,CHRNFCECETIWLSNSSVKK
random_26268,VSDITTMTPMESFGEPP
random_26269,QNNVSIIITNLQSEYHSKWGR
random_26270,DAVSLTFYWVENWMAKTFFH
random_26271,LFWVATFTWKLDHIHACAGT
random_26272,VWAKTYTAQAGDKHFWLQHS
random_26273,NWMIWVCYILNLEVTCSGMQ
random_26274,QCEFGHYGNDYILVKMPTSG
random_26275,KCWYWMRDHCQGINAWVPCG
random_26276,ILYMTRHEMVPFNFWCEYTP
random_26277,VRGNAVWDSTYGSCVVAIRC
random_26278,YFDGKVWFSHALVDHSIERR
random_26279,GCQRMFCYTKYIERHEDREQ
random_26280,LHETCNMAATDNMDNQQDHP
random_26281,FMAFVACRRHTSMWCTA
random_26282,DSDWFCEHKSLWVGFWDNPP
random_26283,DHHCICPVQQSWNGIAMESN
random_26284,FPKCLKCQYGLQIPMLVMEH
random_26285,SMKDKYDPGRATQRMHLGHQH
random_26286,YFISQVHHETWLVLFIVDEE
random_26287,AYKRMIESYQKNPTHVEQMG
random_26288,IRKKI
random_26289,VHHHQYKAGREDYFRFGVFV
random_26290,HAGVKGWLQYFCNWGMTCLW
random_26291,LFNRHHWANFSEWWRVYPCQ
random_26292,DVWKCINLIVMGPSEHIVFW
random_26293,KSVVLWHKM
random_26294,CCVWTNHVLGTIHAVESVRD
random_26295,STVSEHITMYNMGYL
random_26296,NKQQMCQVGEMEESHIMQHL
random_26297,KRYCDC
random_26298,FYKYRSCRSSWMQDYDDQVL
random_26299,YQFSVWYLQSVGWWLQPVDD
random_26300,LKVPCGIILPDHVVRPKMKQ
random_26301,WNFWYHLVMNIKTCVTNPPQ
random_26302,HMDGATFLLIMQDIQILDHS
random_26303,GLMTDAKLIRYPEIWRGLVYW
random_26304,HLGLRSMKILRWVCPNM
random_26305,GRKQSELDIHYTQDLDWY
random_26306,FYQLEMVRARNAIHRYMDVV
random_26307,YTYRRRDEQQSCHWGCWYTK
random_26308,THWEWSEHLVAVWCLRFE
random_26309,GLFVWWYWPYRVIFKLMNTV
random_26310,TPWAKWMAPLPTGREETIAG
random_26311,KKNYPDRCWHMRHSGIDAWY
random_26312,QEQTHVKLDNSRCRLTSQGM
random_26313,YNMICIEPWMVGSKHVSFQQF
random_26314,KDWGATNVDFEQNEPCMP
random_26315,FFGDKCNGDYNPVFHQLMWI
random_26316,KQAKKTSIWNVVAFAYKYMN
random_26317,NTTIVYDMVPCEVGYCRNKW
random_26318,FHNYEQHICGCGEYIICDTG
random_26319,QAQDLEDWMFWWNQVTSQNL
random_26320,MDGYYIYQSTADKSEFSLKM
random_26321,QSAKAIKLVAGFY
random_26322,RNQHDCY
random_26323,HWIVICWFP
random_26324,FCAKYGPGRHPWNT
random_26325,KQGLQRTLQNKPEHVIDEVT
random_26326,YHWQMKPQMHMQCDSTKIEW
random_26327,AINECLPMSYWPGMQMYFIV
random_26328,GLFGIKGMIREPKMVPDRMN
random_26329,NRYMSFSGKCIHTFMWMCEG
random_26330,VHTWYQ
random_26331,NNRQQQAYAMPMPNVKMVTD
random_26332,GSTIGSGFYFVIQCIYFSSE
random_26333,EKRSSGYKYQIKMPHDWVRT
random_26334,LNSGEKAYCGTAEMMKHGCC
random_26335,DIVIICIHDCPNKQFQIY
random_26336,KPEPHITVFQNGWGSNRLTQ
random_26337,NFLPCTVECVHNHKKQLDML
random_26338,CRFETEDITVPIYDVKHCQP
random_26339,DIQKKWENGDQRYRICVIIW
random_26340,QGTFYQWWPYSPRTINDICM
random_26341,GCEYEYGTKHCACAGYAENV
random_26342,PMAWFDAATFRFEWYQSYCD
random_26343,NSNQTHNRTDYLLEIRWWSE
random_26344,SNHNNSCINCLELHQNFLFA
random_26345,KWLGHRSCRISTNKIYYSWR
random_26346,AFMYEQEP
random_26347,RTYIGQQPKNSEMGFTWDFR
random_26348,PACLANPYCWKGMMHNTIIM
random_26349,SFHIKPLLWYYDNNGPKFAT
random_26350,TIHRASEAAMGQALGTLPDT
random_26351,RTGCPSCEFLWRWCYAYHPT
random_26352,TYHDSQEGSNWPDDIMFSLC
random_26353,THQAEPVGPKGRSKVH
random_26354,ENTSQWMLGVCSCQIRFCSD
random_26355,TRSLCSCPGHEQA
random_26356,PVLFKSCQPRWCAGETYQPC
random_26357,SRFALVKSHCKAAYMQFFRD
random_26358,TYQYNRLHAPTTQAHKKRYV
random_26359,WYELAKYMTLRAYRVPAKPS
random_26360,CEYNLLWNPHVHGRAYKQGV
random_26361,QGSNWEYGMIAIYQRNWINNW
random_26362,CWHDCMVFYGECEMERTFKC
random_26363,HEREFCQRHGGVSKLFICVR
random_26364,ASHEWYMFCKTVITPALYIH
random_26365,HYGMGVTMQTTGQPAFHIYE
random_26366,PEWRQKFGGHLCSNNFL
random_26367,VPRDYT
random_26368,LWHPDRMQDDPDQYNNLR
random_26369,QVKRKFQ
random_26370,TKGMESELWNCSIIETFKEP
random_26371,PVRLMVQHQMTSDAEDMVEE
random_26372,VAAPCQWVRPSTKGRYYGKY
random_26373,GGWIDQVWASTPDVERCCDH
random_26374,QEGKDVYEWAIYYIMVL
random_26375,DYSLLWDDRLWHRVQMQSKC
random_26376,AICGKYMFCEFMFIVWITN
random_26377,AIKCAVRMHITFKHEGYSTE
random_26378,HVQDKTFCQIRIQLNYH
random_26379,FSLQGRYTNCRHNLLRGITDQ
random_26380,ADIKSSVLYQDY
random_26381,EGWGEERIESDQTIAAGQKD
random_26382,ESNTVERC
random_26383,LPKSLHKTTQLETYDTRGCS
random_26384,RLMHPDHHNLMWKIFNSQTNR
random_26385,PKYISYMWMRSGWEAHEKYC
random_26386,DFCTPGFMIRVSSPPYNLHM
random_26387,LKSIMHYDFEDGRRKDPCGL
random_26388,ESGRHKGTGVDRSVRSYVLE
random_26389,HWGYGQCVNIGHFHNDAGLM
random_26390,DFFSICFKAWYHCTMNVNGP
random_26391,ACTALPGQRLFKMKMPWKCY
random_26392,TGPIGTVSRSHIDQITNN
random_26393,LPPDACCCHCGQGGAQY
random_26394,PWELPVTMKWRGFWTVRWLM
random_26395,REMMWHKRCAQTWKMIEIRI
random_26396,KACEYSFNGHTEVNDVFDFY
random_26397,HKGPFYTMKLMR
random_26398,LTPGSYPMRMYQCYYHACAL
random_26399,IWYNPHPKFTGAYLEFASLK
random_26400,MYNSFYQMMGLFSWTNHYND
random_26401,MCPWPARF
random_26402,VQKYDSGDGMDVFRITSKLK
random_26403,CKSFQPLPIFLGCIYQAGNE
random_26404,TKMMAQAWIKCTHFGIKSESD
random_26405,IVKMYQSPACG
random_26406,KYSWYDELKLGVNTDIRDTE
random_26407,EWPIWREWCWKPSAKCNVQQ
random_26408,SPAHAPHNIGRDEIYWQMAD
random_26409,THIGYVDHLHLYVYSWWVHF
random_26410,ECRAD
random_26411,RGKEYVPNFPIQRRFNRYHW
random_26412,YMEAEEMLGNMLLGPLWNCI
random_26413,WFWHYNSIPHA
random_26414,ENWNGGSKMPYMLFFLQQN
random_26415,NKEELNRMTKNFGCDYFRAR
random_26416,NPIQESQQPQGWAYFSVSM
random_26417,GVYVSCPKAMKSPLKACTEC
random_26418,SSQPGGEFQGDWYKHAWGTG
random_26419,QSRVVAWSESGVNDDENFATE
random_26420,EATKCLVQRTQSLIVLHDRY
random_26421,RAFHPWTGYISSHVEDCPWA
random_26422,SIRCMIHVFKANNKREPEFG
random_26423,ATMAFTEYNKVNCRRNMCSY
random_26424,QDKNGPKGMVVAVRNHMRCF
random_26425,LSMDQTTCTLCRQLTCQGAN
random_26426,KIQACPPRAIRSCVWWSPF
random_26427,YELPHQYDLQMTCIRILKSS
random_26428,GGTDNLQTPFEWKFSDLAWI
random_26429,ERPFQ
random_26430,RKDRVAWAVAMGRTFHIAER
random_26431,TNICNKINAKLMDYLVFFVM
random_26432,PNCNKVHKFGDWFWSQQEHY
random_26433,FFKAERMMFTKTTPKGPATV
random_26434,HGADKDYEELRHPTEEKDLN
random_26435,CQDNQGIAQKEAMNMTAWNA
random_26436,IQFNMRLAWKQQRIRLTACY
random_26437,RCAADYQGSPMKCSVEARCWT
random_26438,NSEGCRYGSKVD
random_26439,CKDGRH
random_26440,PIPVWTFARDQQTPHYWVFM
random_26441,HHSDRFCYLSSDCEFDITSK
random_26442,KNDDLIKRYEPYYGLLCMWF
random_26443,RTQDGECLHEGLILEMYLVS
random_26444,FQMCNNRICDSKYHGEFWMH
random_26445,EDRCHVIVAQQMICMPNPRF
random_26446,DPGWEYGDMICESPPQYFLS
random_26447,NTAECTVIMIC
random_26448,PTIWTPFVTGERYHMQHAV
random_26449,LSATSSNEDP
random_26450,REFFDVDLTIGDFLEMLKG
random_26451,LKKSATYWFRGYVEDQSLKD
random_26452,DEGKFCDV
random_26453,AASTVISFEHGAYMDCVAVM
random_26454,IINGKVQDMYLDAKWFRAHPD
random_26455,CWCGCSSHHSHGIPLGVH
random_26456,NLHLHTC
random_26457,NLCNSCPTAAQIDKVKRKTN
random_26458,NGEGVRGEYFPWFVQAYLHP
random_26459,AQCVPPRNTTNDVHEMWDMM
random_26460,WYLWMWYKRHVQLPDKTMRF
random_26461,NAIRMCIRYFGTMHNFRYIY
random_26462,GCSELQCHVIYRDIKFFQCF
random_26463,VCINEPWNQDQ
random_26464,DTGWGSAHFVRFVQNHRRRQ
random_26465,WRPCEPI
random_26466,HANGTERPMRTWWCNLSLSL
random_26467,QLVPVNHNMSPSLMWPDFQF
random_26468,KPCFATCLSWGRGYNNEMDL
random_26469,YYCGPSSMFICVISTRSVRA
random_26470,GTFNHHNMNHLKAHSRENAA
random_26471,DLYYMFWWWGKGKQPAWGPG
random_26472,HRDPNLFFEADIAQDDVNRQ
random_26473,KRTFIHENEC
random_26474,PCNRMMCCPMVGVNFLPKT
random_26475,CKKFCEWGYVQKPLGNDKCW
random_26476,RNYWLGFHQGVGVTYTWAAK
random_26477,HAAIECWKWWLYSTLPKHNG
random_26478,RPKRSENIFNSLQSIYDTYN
random_26479,RIQQIMDVQMLVDWIGLQFD
random_26480,LSYGHPPVAAFFLHYMDLSA
random_26481,MLCGVTWSQWCYHAQNLSEQT
random_26482,FITRFCRSTWMKQWPGMEGI
random_26483,DLTKQFFQEGEDYGQRFQ
random_26484,CYEWGHRNFQGCH
random_26485,DSMENNCYRYEIFGDFCTGK
random_26486,FVSRDAFQMEDIHGFSKMAR
random_26487,SEKHHSCDKYRTFSTDPITA
random_26488,ERWCMWESD
random_26489,PPGPHGDMCSSKDCWKCSYM
random_26490,FYNPANWHACMSGPAQFIQG
random_26491,CHYSEIFDTQWVKHHKD
random_26492,HVAFWQGE
random_26493,ISWENISQCMSL
random_26494,VGPVQSDICCVCIIGYWYDT
random_26495,ANCTPPMMGLRFHW
random_26496,IYIYDFDYSMLTEVSVPWAI
random_26497,KAPGSTRSFYTTVHWCVITQ
random_26498,HLIGISNDCMADPLCGQGL
random_26499,MKNWHTMAVMLQDFLFVFIK
random_26500,PYFVIQQAQTVWCKMFAHHH
random_26501,VCGSPSNYDYARW
random_26502,FAIAARKVSHQGYCPHVDAA
random_26503,NEPVSEIEDDERMK
random_26504,RSQDWQT
random_26505,LIISHKEGDTMHIAFFGRTY
random_26506,PADQNMDGEESKLKCYVGVIA
random_26507,VRHDHQMRTMRM
random_26508,ECRLVYMQTVLHWKGLE
random_26509,RYCQNLPKRGPTNHLANGDT
random_26510,CMCPYEIGYAYWRTSCGYIS
random_26511,WTPFFCANLNRLECLHSW
random_26512,VTFPTRWMFVVTQQDWVTRA
random_26513,YKALNDIMEMEERHIEKQHK
random_26514,MMWALWPGRHCAHQEHCLLI
random_26515,HRPCLDLAPIIEGTSRHVSL
random_26516,RKQSRQEGDQYRTPECMSTI
random_26517,VEIIWHFCMHICSYMLQVDF
random_26518,EALYCWWSKEDATDQYKYPS
random_26519,MCQHKAHMWWAAQMANPKQH
random_26520,AMSDGHQRANICGKWDNEGM
random_26521,SHWKHWRLKCLFCCWQQSFT
random_26522,SNANVRS
random_26523,KSQPPMQDNYVHYKPTQENPY
random_26524,MDHDNSHIRSVNGTPFKHID
random_26525,FCLFSFTCKPACTAAQDDAQW
random_26526,PKFQNFGTLIGCREMTHAWG
random_26527,YCMAKLPWDKIMVYTHNCDQ
random_26528,LCFWLARCALTQDLKYIMHIA
random_26529,NMDWDHPKIYNSKFH
random_26530,CYSNETNAAANWCKYWWISV
random_26531,PVWDYCHGLSWTCRDGGFCC
random_26532,SMIHCFAHDPWYCTGY
random_26533,VYFYTQCEFI
random_26534,VHYCFWPMAAREVKSPCQAV
random_26535,TNRQCWNVVYQWACHDAGY
random_26536,LEQEEADEFWYRKCLKWYPL
random_26537,LRAYEMGQKCFQGWLTCFPV
random_26538,YMSYGASMWACLPDDEYNT
random_26539,FQIERCGYWWRADKHVENNI
random_26540,RTNMKPLWHYYIMEMCQAAE
random_26541,GQSCTGANFSCTCSWNEKDC
random_26542,KQQTFHRTWISKWSANRIPR
random_26543,VRGKNRMFVHPNKKYKGHSF
random_26544,DIQIIIFFMPNVYMPAGEWT
random_26545,HAHYFDNFSRE
random_26546,WWPIIMCIMAFWFSCCAEAT
random_26547,PVFKAPR
random_26548,KPYFNKWQIYWCGRMNQTVT
random_26549,TAYMGHTQDWIADKM
random_26550,MHYDQWTCDCFCVNIRRYPQ
random_26551,KRRNWLLCVWIANEWLSVNM
random_26552,YTSNNWNENSWSSCQDDINY
random_26553,MMATLNEPQAKPCWMAESIA
random_26554,DYQDMTGHYYQ
random_26555,QFNVSGRRCGTASARAD
random_26556,NFKQYSSAVMQHSSGAEAHKC
random_26557,RGCTASYNVWGACMG
random_26558,NQLKCRVDVPEIHMAWQSVN
random_26559,GRGKTRCTHIKDTHRPSDAY
random_26560,DDMYGMDISLNPGWSFTLEQ
random_26561,HKVMNAEFFQRANHLIWKAG
random_26562,MMQECWMKPNSSNDRCQIAH
random_26563,WKDCKHEEADPSQCHVAHES
random_26564,TVSELMWHVITYNMKIIKMQ
random_26565,TEFYKATQSLPEAQWCAASY
random_26566,NYLRVRDECNSPWFW
random_26567,KTQHMYPHCDL
random_26568,IHSPLQCYKLYSGYEFARNT
random_26569,LEDPYTNLQQQPSVLDDCWI
random_26570,ELNATDFPWNDFTTVTKWHS
random_26571,VANDCGANGFRPHCNILERQ
random_26572,LCGLETLSNDYFQHPSRIYC
random_26573,SNPYNVYPWLQQEHLHKLIY
random_26574,DYWNCEWDQEPYYDDTGCFW
random_26575,PVCVVHV
random_26576,CAANERGTHIGVMYEQNAEP
random_26577,PSRNQDVFLYGEGP
random_26578,VPCKMFQKDRYYFKAYTCILD
random_26579,SCMRLMRYFTMSFKCQAYSW
random_26580,SSTWFSEESFAVMMSIPDGQ
random_26581,LWESMCMA
random_26582,MQWCSVTKDDI
random_26583,FAHPLRNYGEPFPAWLYEAP
random_26584,HHWAPRFWQVQDTPSHTGEA
random_26585,STEQTNCNKDDMMDYFYITE
random_26586,QTFFMCFG
random_26587,EKEIRYEMPEKGRRGLQYWP
random_26588,ARAWLQFESIRRNLDNEYWK
random_26589,AKASTCTCVGETDLWEGIAE
random_26590,YHIYQMVTCYFEDPKFCVWQ
random_26591,TREGCNVNLVKVKSCQSEYW
random_26592,YISIHEFYEYFNCGSQWHDD
random_26593,WHRVWTDYAGRHRPCELIVSD
random_26594,WGAHRHIWWMWPPVQEFWYT
random_26595,AEALGTKVENMPTCLSSMCN
random_26596,QFHAQCTGVFRNMQLEQPNV
random_26597,ITLPVDSYDIDMKLMWFIKH
random_26598,CVRDYIKQAFPGKDLYHDSC
random_26599,SWQTRFVKSGQMIHWLQWKWK
random_26600,VWFIDKFDDDGSFCPPWIKM
random_26601,CKAYFGNIAAQLRGRSTYCA
random_26602,KCHRVQMYGFWACQPFFAYC
random_26603,PHLPDGKGMLITSALKTKDCH
random_26604,HETKEKLLCKRCPHFQALVW
random_26605,WMGSCCIYCVMVRYDRNPVW
random_26606,AGGLHIINWSAHFFVGKFWID
random_26607,YVQDMFGIANQMVRLTCPIV
random_26608,NTKSQHFKCESFAQHMKCPN
random_26609,IVIINWARPREQMWCHMIHL
random_26610,QCTWNFHYVE
random_26611,MCMNGAAIRSGRTYCGCNRD
random_26612,FLMPEDYRMADCWGTFYKRQ
random_26613,SNHNGDDNAPWNHFFVEMWA
random_26614,PIEVSEMRGTGEFGILACEQ
random_26615,WHDHQMKFKNSFGCLMMEPI
random_26616,KFWIFRFYITVREYFVCAYC
random_26617,FGNVQ
random_26618,IKNNYWPLPSTLQEQG
random_26619,LDQMAAKEQPDSYGDEVRRP
random_26620,SFQFCGKTECSFYKQSVNWS
random_26621,MPVEDYAIHMRWRGWAVDHP
random_26622,RQRRFLAFYNRVVYFFYLTN
random_26623,NDWPVHQEPTMGIDNY
random_26624,KLGECMWWLTHNWFLIKWNY
random_26625,MSVKQLCMTRQEQMDDNHVP
random_26626,YGEVTVFKAQHERNATILRR
random_26627,KSMSYGVTFQPEPVEANRK
random_26628,LHSWITDFCMQRKVRVCKVN
random_26629,NYWCKCQFGGQICGICEKRV
random_26630,QHAEYEVTMPWRFIAPNMEK
random_26631,WDTYYNSYSPPLQHPVAHKW
random_26632,KGCPRHYMLTVRHGWSTMDC
random_26633,KPCMAFLAKRALDDGHECRLL
random_26634,RTLPKYHSNFEFPDFPSTWNQ
random_26635,GACKTIHKDAKVRREPYHG
random_26636,KKQCQIRTAAGCGWRKYDVY
random_26637,RGTNKENWFECCTCGDHNPY
random_26638,PCEYDMQLKLFHNSCHEQKR
random_26639,TIYNRQTVWMQEGWEWKARM
random_26640,CWWQFIHNMDGFHIIEFMGG
random_26641,GYNFRDPDSHPMHPVKSFNG
random_26642,QIRQFERWYGPKCFHQGVMT
random_26643,VLRWTNHRGAYIISNVPARV
random_26644,RACMTCALVGFTWANIPG
random_26645,EPATRYPYSVHNEVQIHWFE
random_26646,KQLYVSGCNMTFTEIRQTRS
random_26647,CPMLAELSVFQVVLFSLNWF
random_26648,AKKYMCVSFEHCHASRDDCR
random_26649,MIHGIGYKTVQFA
random_26650,RKRVVFMPSWNLYMTRSFES
random_26651,KCRMPWFCNFDEIYVIGYDA
random_26652,CPCSRLQAATVMYT
random_26653,NPCWIEAADNLCDHKGES
random_26654,YRHMSDYAGCACAENDYEEFW
random_26655,HKRWENNAVRPTPCCHYVRN
random_26656,LHIYGWYYEYDYYPLTYYWG
random_26657,FCQLIMPVKCSRMNQLPLHS
random_26658,EEYNNRAPHSQNVNGVQNA
random_26659,HPSLAWLRTGNMVYAAMSSG
random_26660,DIGYYLMEPDLNNHMSWHLD
random_26661,RWNVDQITNTKFQVGTRGWG
random_26662,SPHWYTMQTWMDVTWAYFEP
random_26663,NRWEPNLFIAPIWQLDTIKH
random_26664,NVRDDKRDTYMFEKYHAEYM
random_26665,YAAQNDKWGEEQH
random_26666,KCCANCHTEDSSFGWYYWAA
random_26667,QESNRCCTMLEFKNCASQRA
random_26668,QRKDLLAFYHILKKEAIWTP
random_26669,YFKWRMLPALGIAFGWWRQY
random_26670,DFMNFWQCFHPFGKTRAILG
random_26671,ETRTTKDDSSKKFPCASMVD
random_26672,PPFMV
random_26673,KNVQWPNTYDWYQRTKMPCL
random_26674,LSHEEQSHAPFVFMISVNCC
random_26675,GAFTMSCTMSYIAFATQWKT
random_26676,VEIHVSPLIFQTIRYWGDHC
random_26677,PISIREPFNTKHTTVILMND
random_26678,IMPQIHKWMVNKMWCSMKEG
random_26679,PPHWREWLMHMDWAFAACFL
random_26680,DLNESSLHPRWYMR
random_26681,YQEHVRWQNRWCI
random_26682,VAFKFPVVLIRKLDRSMLKS
random_26683,AVYSRMLAYSEKVYLSYRRK
random_26684,MTNLMDMLGFHAGV
random_26685,HNNQWHYDHCKWYGHDNLKC
random_26686,VTIDKRSHSECKEFSHWYSQ
random_26687,LNMTWYWIHPRALRIV
random_26688,EFWMNIFRDIQRQGWKISRY
random_26689,WLQRRNDYIFSNEHHKWIFI
random_26690,PIPWHNSDFMNYIINVCNTG
random_26691,KKFHESAWRDLVCEQCYMR
random_26692,QTEGISNE
random_26693,LVTGDLQQW
random_26694,EHCFAEHDMQRSSLYACQ
random_26695,STVWATVFWKPLRHGTQCMF
random_26696,GEGNDYIGITN
random_26697,WPMWLYENSNDHKIWHIVWQ
random_26698,HRAPEGPFVCPACFRFV
random_26699,KHLVQWHIMRSEQPWKYMWI
random_26700,FSDTDPLISPYQVRHCSNCTG
random_26701,QGFVICQYFYKQTQQQRMQH
random_26702,SNCTCMYLDASKKWNSLLRDL
random_26703,LKNDVWGQECDPRSTVWMEE
random_26704,CCRCYMNQANQKYTVVIYTE
random_26705,YLSEGNQQAMPFHVW
random_26706,KDMWMIHKRFPAQFPALLNE
random_26707,YHEVSLKCCYAPEDPRPFHK
random_26708,RVPRKL
random_26709,DSERPLLSLGGCVAWRIKWN
random_26710,FKGHGNFKMTYKNQIIQSCG
random_26711,TYLCHRRYRGPSTFEACF
random_26712,WIDKKQYVHLFKGKGNEFTT
random_26713,KLLYDRSRVSYVFSQWRLAQ
random_26714,GMHQETRATADQVIRHRINL
random_26715,NDKAAPISHDD
random_26716,VCPHGNYKYVYPMLSGGNAK
random_26717,CHFTHVMYGCNDVEYDSSGM
random_26718,VDHNEMMRKIVGKNPRARWWI
random_26719,WPDVEYRVQSGAQYYSFWGRE
random_26720,HLARCYVSKKHFEAHSKYSE
random_26721,RQQIADYNNWRNEISMIR
random_26722,IPEMEHEEMRRFHRSSWYPD
random_26723,FFTGDSHVPQKVNQSKCDRW
random_26724,NGGDSCFLKWPADY
random_26725,YECWSHDC
random_26726,NYKIFIMMALDQQTQPNVGF
random_26727,PSGMRQPRSFWHMNLDRTYN
random_26728,LAIQDWNFPTSCYINRTMDA
random_26729,LEHKDGGCPQ
random_26730,EWPGFETWYWLHKYPPYPQQ
random_26731,WLWLMAYESSNWIGIRKVIG
random_26732,PITISTPQSDQNFLTQYAIY
random_26733,GFVSVDAIFTMKHPVKFPAK
random_26734,QEKDYADIVTSCAYAHFRPL
random_26735,GVAVLQNYTEAQPVP
random_26736,PETIPDGSRRINSQHVI
random_26737,MIIFIQNFVAKWQGQPLGLM
random_26738,PKIDSPMEHSSFLWWR
random_26739,PKFCLKQMCMAQWMECGCFE
random_26740,NVKFNTHYTETCNRNHQFPP
random_26741,GDDRQARHSWACADLDYSLH
random_26742,AYEFDHTDNTPGALRTHDNT
random_26743,GGVLIPPFAMWIITWAPHKD
random_26744,CPNDGYSFWCYGSSDAMREQ
random_26745,DANSWDGRGSPIAKLHHFPL
random_26746,QMNIAVFHKSGCGETHGWWT
random_26747,VSCPACARVADGWQIKS
random_26748,RSVHNAYMGIGQGIQEACTR
random_26749,GYQIKVQVFSLAKPEMEMKT
random_26750,EQGSWHGNWNPCAVCSHATR
random_26751,NQVLTPIPRSKKFQAWEMPG
random_26752,KPNPDIPMCPWYIGQFLEHI
random_26753,PGWYSNQNRKIRSQTMELHY
random_26754,SMTTGEGDEKCRRICCTIQP
random_26755,MKTQSIPACFQSILQETDSF
random_26756,HKRMTILSPMDEDIFQQC
random_26757,CFKWEWQETIEWYGSVDEPC
random_26758,PLHPAGKGWVQEAHIVIQVYS
random_26759,KMHYWAEQEQFERTSQGHVN
random_26760,TRVLEIWQLTVVQCEAAL
random_26761,PYMLVLDNQYSKYSPPKMNA
random_26762,PLRTKYGLEMFTFPQREFFP
random_26763,RWCSNWMPNKEFDCWRTVEE
random_26764,GPWGCPTWPHWNELHECNWI
random_26765,YMDDLDDRLAEVDCYWMTKK
random_26766,GCRPMCYGNNDMRIPYATPL
random_26767,DSCYYFMQFLYADNHVDAGR
random_26768,RDPGQEFITVREWCFHYLQK
random_26769,ILSKFELMIIADANCWTEMQ
random_26770,YANYNETPQDWHIYMDQWFV
random_26771,FNDNENIMLQNPSAGHARES
random_26772,VGTCQFRKGPEYGDWRTKQDI
random_26773,REKFGFAWTIDPFIHGIKGL
random_26774,IYFYFIMNQGFNM
random_26775,QFMAQVHGFHFLIDNFIHFP
random_26776,YWLYKTDPSWMAMSICWDTA
random_26777,CELQALVWCW
random_26778,ACCWECTEHD
random_26779,RGDYVKCRIAKVLFTNHESQ
random_26780,CIIGHSCWHHPHLEAEHTDM
random_26781,QWQTVTWNVAVDLQWQGLCQ
random_26782,SGPWFMIIIKTTLCWSGGLK
random_26783,CEFNTSCIKAYVQRNGGYDY
random_26784,ESHCCNQQVTQTWEIVLHQD
random_26785,RAMYDPCYCNIDWKRLLGRW
random_26786,CYNGGFHKSLGICMRDYKML
random_26787,YMVTKEIWDSTRRASCQNAD
random_26788,YTQYDKFGCRLEAGRSYYFH
random_26789,NAEIDDEVTSIYTYRQGIFF
random_26790,GLFEMKWQHFHIIALNCQEE
random_26791,QMDHQNCN
random_26792,RVYVYSCHNKWDRVQYDEPQ
random_26793,ENDWWRVHAFWCSNYEWHAC
random_26794,ICATWGMMRSWKRMWR
random_26795,AAITDVGTDVYAFQAYSNAW
random_26796,RPCLRDDGEMLSADRGSEWY
random_26797,CNTLWRGIRSGETWIETDHE
random_26798,EVNQCWCLW
random_26799,WLQWGQKNEVSTGRANHFYTL
random_26800,ALHSNDLGATALQW
random_26801,ERDEKECCQFDVCWNQELVI
random_26802,SPLDAYGDLNQEKPEQPSDM
random_26803,DARRQDWIPYKLELNQDMFS
random_26804,AMCPPKETVHFNTANHHSDLC
random_26805,CVMCSNGFHCYKHFNDNIRL
random_26806,VEGAEYVKTQFGKDQETLVA
random_26807,YFSYGKSVALTNAVGCWLHKM
random_26808,NKCAKCAWLVHIFTTCNKPQ
random_26809,VTPPTDEKHHMEATQRYNMCC
random_26810,ASEHGEGKAHWCDHKEIHQF
random_26811,YCFIMADTTVATAKNNGVFS
random_26812,NCEYHGKTHFMKQIERNYKA
random_26813,HHVNATWCDPMNMVQP
random_26814,YNKDGVQFHMLPHVNDGQIQQ
random_26815,RSCQVHTIPGIDHRWMDEQD
random_26816,ARFCDKKTWKDNMWRNPFHNC
random_26817,MWIFCIA
random_26818,TSVIKYQKCYCTCKYKPPEG
random_26819,SVWHNTWDERKLVYKMRMVR
random_26820,GFCGGNCTSGGEIHIKETENF
random_26821,LSKANRDGFLEDACVESTGN
random_26822,PRAEGKEREENHVG
random_26823,NINRHPLTRKMPTGGYEFNL
random_26824,ASKDERLGYRSMSMKMMFYC
random_26825,YRCMKLWRMVEHDHVYADWE
random_26826,FFPGTHEDENPAVNIELYYF
random_26827,DFEGIDHYHTKNWTQPPDTK
random_26828,RCAYIWLRMYDIGNPGEHGY
random_26829,NKAYNSLDMMGHKVGNKKTP
random_26830,CPLYDPGQWWQWVLYRDNW
random_26831,TVDIKCLAIIDKQDPGLTWH
random_26832,SAACTKRIHKAEEAVQVMND
random_26833,WPHAIWLKRKMPLKDIFWWC
random_26834,AVRFGTNEKKSDDLQTFMPEH
random_26835,YNVIATLC
random_26836,MPMFSHLFKFNFQMSQEAEH
random_26837,QFCDLWKFKGVYRNYNGRLT
random_26838,EAWGWCKNFGNFKVPMLWGR
random_26839,GASLAFWTYEEDHLDPNFMQ
random_26840,KWYSTWKPPEHQPFEDTMGI
random_26841,FLLIRAHREMSKPRFIPCDT
random_26842,FPKQVEMMVFVWRNCPSPD
random_26843,LPVAAGEPDMRSAHLEMFVG
random_26844,EMNNDIKSATDQH
random_26845,LDGFGL
random_26846,FSPCMPTIESIFIFQFAEMP
random_26847,YVNNCQRTACQSNSLMEKWD
random_26848,FLRTLLVCCWALKPLRLQAA
random_26849,RDSPWWISWQENVYFGGHCPN
random_26850,WDIKHCTFFTCMNLHHGAQY
random_26851,EGVRQDQPSQKAGLMECFVV
random_26852,PWRKHLENCPMPEAWLISYV
random_26853,MQNFAKWGWKRDSVADVVPT
random_26854,PERSLTWSPMIIPHMPQGSN
random_26855,NSHAHGTIYDPIHSQCRIAG
random_26856,DVHQTRAKQNEVVVRPFEQF
random_26857,SSAACKCPGVKLQDVLCAVV
random_26858,ACESSQIGASNCKEIQFQQC
random_26859,MHLIIAHHWPKQYSEFMKSS
random_26860,NIPLWSPIYNHWPWVWAVPL
random_26861,VWSWNEKTCHSDGQNKQCPL
random_26862,SNGCICLMTNDKNAYDDMNF
random_26863,VCRWPTCEPCPSIFVNFPVA
random_26864,LGSFAWCRCPYHCTFIYTDL
random_26865,TAEDHCSSEQGWCAHPHMDY
random_26866,YQFRGNGHRYEPINNGSYCN
random_26867,HRHEQTVSATSWHVYSEGER
random_26868,DHGLW
random_26869,CSQIWMWQAHCGRKFTTYYV
random_26870,SSLDEQNAQDTSPGKKETHF
random_26871,QPKPLTWLNLILYPHLQRWT
random_26872,QPTRAMAHRIEKDTFIQRG
random_26873,HDHGSNSSGARPDLEPEWN
random_26874,WVACMACHIHNKRHYSRNEW
random_26875,DGAACEFDMVNLEPGGNEQY
random_26876,PQTWLHTRPDLPCRGPHQLH
random_26877,HDWTERHKFMLPGVQGNMNF
random_26878,RWYMFVDWYIEKCIETVFVS
random_26879,PNKNYYTAPM
random_26880,IQCPWLVFREQAACGHHPHV
random_26881,PAVAEAVHRSNETHFITVEA
random_26882,YIQAVRWDGWVNIETWQWRCC
random_26883,MSTGEVMDNKCDSEMNPGMM
random_26884,TRFETMGRNRLEQSMASFED
random_26885,NPHCCPWMQCTMQIGEYESD
random_26886,SQHIHASFCLTSSAQSP
random_26887,THIHWRFMVHICNCQVFSQQL
random_26888,VIWPAWKWAFGWVNMTIDH
random_26889,RMHDHFQHTFKTFITLATMY
random_26890,WHQSPEKLPCTHMWAMCCRR
random_26891,WDPNSPNWIQDHLTGSMAAK
random_26892,YKQYYLRSNMITPAPKGPAM
random_26893,QFWTAERSILSRTGKGDWKV
random_26894,YYEGKQLMMTSVLQWGCTVE
random_26895,NHRMGNEHWRVKGMF
random_26896,VYTDHEQVTDFKVAMTYEKD
random_26897,IYPHRQHMSDHKSNLILFDNY
random_26898,DFGQFSITHYTKMKLPIIHI
random_26899,CCIKKADSEMTENCQFCLDY
random_26900,IPKYFFWSDYGHNTDCGMVC
random_26901,TQHVCHEETHGYLR
random_26902,FKGNPAQPNNNIQYYFIPNN
random_26903,IRDWNCYNWRPTIMFASDWD
random_26904,NILPSVQYYSILSYLTKASA
random_26905,NTPDPIIMMRADKHDRNLA
random_26906,YRCGAKMFCAAYKDQVSCRW
random_26907,QRQGWPRTPKPKDWCHSLAC
random_26908,WYVMFLNCHCSQCRPAGFP
random_26909,DQQLCTKAWLFWLYPNEAPI
random_26910,DSNVAQCALILHNKGATKAQI
random_26911,QIEHMNDIMWLALYYVAKWW
random_26912,TLPAYNIQICPFEAKERIVW
random_26913,IGAHPCLIPKPMNFDPVQLE
random_26914,AGYYWWQMTNLASYHLTWNI
random_26915,KKDYYQCEGNWDHICTFVM
random_26916,FFQATANEFLEWEFMIYAHH
random_26917,KHRMHLKKREWTRGDEHMCR
random_26918,WIESGSMEWTVPRHCFMHEA
random_26919,YVAPMGQEKLNIDTDWNILW
random_26920,CYCCTEFRTMNDHQNINIIY
random_26921,FDYPPPAPAGAEMLDYLLNT
random_26922,HDYPEALRKEQEGWERTIYE
random_26923,EFIEY
random_26924,QEVMHVYVFATWFYCRMSQI
random_26925,WWAFIIGQRMKHQHIMMIIC
random_26926,HPTNCAYPIVFDACWPEWDY
random_26927,WVKLGNHDDQFCK
random_26928,YNDYYDEIGPYCDIEYKLLQ
random_26929,DQGCGFKLFNILGICAHRMWR
random_26930,KPYHIDREQSQQIKHRPWMMA
random_26931,AWWTHFHAQLYQVGQTKNHE
random_26932,YINGYYSMEYCWDLAKMFEP
random_26933,INSAQATFYWSAATEQVCHC
random_26934,QRSYKFHYYHDTSHKPWRAHS
random_26935,QWKREQQKQGPLCNMVFHRQ
random_26936,YANPSAGDFAILSDVPQECM
random_26937,IKVEIELPLMFWL
random_26938,HNMPHSQRCCWNEHMDTQTR
random_26939,ICTERCHFALQTSVVQAMAY
random_26940,YTPKNEQGVCDI
random_26941,CFITYQPNSCTCHEN
random_26942,LYKGSIGAFYRWFYIRFYTW
random_26943,PDRDHCANTEFVYRGNYEQF
random_26944,EIMNRHDARSWPVGCNFPSK
random_26945,VQNYQDMICDNNKHDNMGDM
random_26946,NAAHFKMHKAFYDKLSWHHI
random_26947,CYTPHIEFQTLMGKDTHNAF
random_26948,RFYDTIPKDNVFVMMQCTLD
random_26949,IWCHETFYIEFYQVLRATTQ
random_26950,QLICFSCYANAVCEKDDICM
random_26951,MPMPNMTEYQTRENRCWQHT
random_26952,DCERHWGPQ
random_26953,FWPVWHHQLKVPVRKLISCV
random_26954,EMTRLRRLTRIAWTFYHCSS
random_26955,DGKDEMYVRIIHLTSSPCP
random_26956,FCSFMIWAKPGEQLCVFIYF
random_26957,LNQEGTLRQFMMSYHLMNEH
random_26958,SHTHPLGSHQTNVLTFMRTL
random_26959,RIRFACDMIKAWLSPTTKDHH
random_26960,RTDWEYK
random_26961,DDVWPINQGCNDPLIIETKT
random_26962,EKTHWPSSFTELVAYTTRRI
random_26963,PKSYTILDFKMKI
random_26964,HPWWWFRRTWGPWTYMPCSW
random_26965,FMVPWFCEICNPGVVSRHAM
random_26966,KIQASRCETHVLHYHWRVQR
random_26967,CSPAQFAFFTHIGYVHIMWG
random_26968,WVNKSIAHTEFKNVILAWWH
random_26969,PEQLNRTADALAMDCQELCR
random_26970,GLAATKQACSDSGAERIP
random_26971,AGRAACG
random_26972,MGYKYFFMKGYCIEQAMGKE
random_26973,LYRDPRLHHPCCCHFPCYAQ
random_26974,LQIEYQCEDGSG
random_26975,HFWMGDNCNECNNVKMNKFF
random_26976,PRKPFLSWVAAVFDARSCGW
random_26977,HAKRLMVIKSLGFESCYHNV
random_26978,CSFNWIMISAASRHEIHHAR
random_26979,LAEYHELPESMSLDKMNCCMY
random_26980,PTLLVRGGVPEYDLIVTYCD
random_26981,EKKCEVRRRVIGMKSVSYPN
random_26982,VWAIFCWDHDMMADNSGE
random_26983,MTICGIYEHSIKAWVGNPVQ
random_26984,IPWGLFHVLWRHAWLLCYER
random_26985,VLLYCGIPPRSWCTIIKDGF
random_26986,LHYHTMPTFARDAIFIFEGL
random_26987,IIIYAQMQCIHQGPHYG
random_26988,ISIWHSIMPNYMANRLFASF
random_26989,DNKDLQYCAHSM
random_26990,VPEFNDLYAFDDDYGIFIDG
random_26991,NPEQFNNDMNKNKENDKSKM
random_26992,GTSGNEHHGWKHCFGWPQCH
random_26993,DEVHAPPVCTSQYDKEEDTF
random_26994,IQTSQVRDQLAKGLMSKHIC
random_26995,WYMRIIYSTSNTQHYLLFEG
random_26996,PQWPGDYAHVEQADQMWNANH
random_26997,EPKYQHDINCSLIDPPFLSS
random_26998,ELKWVCDTNWDCMKILTRGN
random_26999,EFVGKYVFNEPWEAT
random_27000,PCWTYGNLYDQCIEGYQC
random_27001,WGQSAMKYIVWIMQTDPSLE
random_27002,IIFSQIKIQGGCTLNMLQQT
random_27003,AIQDLIDDVWEPAEMHIDQA
random_27004,QGNWSKKLACHQRACSKSINK
random_27005,RWRLILVNQHLASQRQAQMI
random_27006,EDFQSKCTGLQMQ
random_27007,MLWSKYPMIMTFWK
random_27008,PGCFNMSARYHEGERRAIVK
random_27009,CTLNHGFPPAWTGYIVPCS
random_27010,FLISLDRAWAEEVQRNWMFF
random_27011,CTMEHNIHVATYFTKDHTSD
random_27012,WECGSMTWSDRMHVSQHSAW
random_27013,SLHASKTSGIKRSNVQNWML
random_27014,SKKQPSCECDVDDGPCKGANT
random_27015,LVQVAFLMKMEMYKVVWTI
random_27016,KQYVTRGPPWGTSDGHWKW
random_27017,KDSWYPFIGHRFLHLQRFQF
random_27018,HKKIDGQSYFFYDVQQVSRY
random_27019,CHISYRQKEA
random_27020,SGVNSSPDTPMYSWSLCIGW
random_27021,FIRNRAAKTRKCADQWAEPP
random_27022,PNCKDVAFFCGWLPKDWIKG
random_27023,FLSNHLDYSTYNEYMGGKCH
random_27024,FVDKIVEKIVHSSQACQRTT
random_27025,FTPRIETTEYWRQGCHHCRW
random_27026,NAHDPLKDVHGGVLESSVEF
random_27027,MQFHLCDMDYLDKRLDRNST
random_27028,AYDFSWFRNKIKCMYTDHAP
random_27029,RVIFVHMCGVMKWLKQWVED
random_27030,DHFMMDEFAPVRLCPVSQAN
random_27031,VSPIAVEFKLYFAYKASSVI
random_27032,SQQKPLVAHIRKTCMPTTID
random_27033,SWFRHADMVRECGFHPAWET
random_27034,HLGILFGRQIHEFKQGYVNN
random_27035,CNKPKISCNAKRADAFPNKMH
random_27036,VCAKREHHKNYEITIERVLH
random_27037,ANNQKLFIYQKYTHIVVQQDY
random_27038,NMMDVHRYEANWANLLIGYV
random_27039,SKYRMYMSIQVCMMEPPREG
random_27040,TPRDMCCADMQIMCGVPDWKQ
random_27041,FVQQALMWEHFAWDAIHYQN
random_27042,TSVECTTYEYPGNLNQLAES
random_27043,MNVCDCIQMYRDLLYDPVEP
random_27044,GIVRQQQTTCAGFYTYQDNQ
random_27045,NIRMGPEPVENKHQIEMHEG
random_27046,HCANYPQKKWCWKESRNHNK
random_27047,EDSIEVIRTSYAGVRQEGQW
random_27048,NQYHITIGRERGSRMILDGK
random_27049,DWSKHK
random_27050,NGQMGSRENPFYQVDRSKFTC
random_27051,PGLAWGHIVWFDECAGQRRM
random_27052,FLEHGMQNCNKAMFYEMYIA
random_27053,KTRKRYAIGLPDCIME
random_27054,RYDYFHATIVMGWEQFVGKT
random_27055,MKMFCDCYYGGGCVYCSHHD
random_27056,IWWCCFRTYQGWYQIIEVKW
random_27057,CNLFNLCIWDPYRSAEFRRH
random_27058,FCNAFEMIYNDDHSG
random_27059,NVMAYWQGQWAFLPDHVPGR
random_27060,NAKTEYGFQFVGDIALLTWS
random_27061,GKFRIRHIYYRAFDLQPGCG
random_27062,MQCDQYMVYSAEARGHCPWT
random_27063,SNYSAYSCQVQTTYMAKPHR
random_27064,IMGCYMISKWHAIADKFWWCS
random_27065,DWMCQQMELRDCDLEFSHPI
random_27066,LNGQKGTIQAPKWWHQLVCV
random_27067,FPTDNAAPAGSAVQ
random_27068,VGCARIMPET
random_27069,CVYLLPPTWKMFLLLWQGIM
random_27070,DVAHDWEFRLMSSTNSAHKV
random_27071,MKKFYGRDAFCWDHPVATDA
random_27072,YETITLKIARCSHWSIHRCS
random_27073,FNHDIPIYIHRVCDCIAADS
random_27074,NAAMQRDRTWFMTWQVF
random_27075,IIWVYCCSSPTYSSYIDCGK
random_27076,ITKRVWYWVNPWYKYMSMAL
random_27077,NMISCDCTQLEGGDTDARYL
random_27078,QEYLEGPNTQCNWCECCREG
random_27079,WMNTAHKDERNMDVQYLYWK
random_27080,PGVGTNPCCQVKVCTLAAWI
random_27081,FEGMMHWFVYHSPHCCTLCD
random_27082,SCMWYQFQMHDHNMDSNHLRH
random_27083,IEFLKKPPFGREEWRKMLEES
random_27084,WETMYVFYPVALFMYELK
random_27085,NRVIVWVKDKCMVIAGCIRL
random_27086,EIWKPPIQSSNPTHKLGGWD
random_27087,AHECLKFSHCINTVQNPEDW
random_27088,GKKRDWSGFCNLTATGKSKA
random_27089,VLISIMFWQWPNQPMNANFF
random_27090,WMHRPDWDHPESYWSRYIVE
random_27091,RCVLYWQHYFHPDFVPVREK
random_27092,LLGWWVLDTWCGN
random_27093,YHFIIPVPPCHPPPSMVSD
random_27094,QNWAGCQLCMFPKPLFNRNE
random_27095,RIWHQLMFNM
random_27096,HERIQGPNEFILMLHIRYHF
random_27097,SMEYMTIQMCHWFLSAMCYE
random_27098,FISNMFFEELKMWGNDKVAT
random_27099,FDFDKPPAHGSK
random_27100,NKKEPEVFAKNQDMYGARVFH
random_27101,GTRLRWGAVKCSKSRGESIW
random_27102,HWLCTMHKHGCVWYYKCRIK
random_27103,RIQLYKICCS
random_27104,TQDEQGIIQRFMVFKYVHWN
random_27105,KTVPYEETPEHGSLRTERPQ
random_27106,EGINYCCRDIDMTRQSTWWTA
random_27107,SGQFFVNFFWRANGARYSLT
random_27108,HSMFKFIWMYKAIAIYDMCI
random_27109,YLAGVRFHIYHWIWSKNCKG
random_27110,ADFQKDTWQDYKRFDRAVKT
random_27111,LECYWYMHCKESDAIPNQWW
random_27112,QFNSQTNLYNVSCINYSMLS
random_27113,KSVEHVLQKCWWYFEREYDV
random_27114,WQDEKNFWEVQDAAAMDHTPD
random_27115,GGLCSV
random_27116,ILYYFREIVKGCGQNGRWLKN
random_27117,DTVNVWTDQFMMDPMDTMQD
random_27118,FLCWCKTQTHGNHVQWIKGSR
random_27119,QMSCMKNNVIVEAVDTAFGL
random_27120,MKSGSHVMYWEFITQLIWRV
random_27121,DMMHSADGVKNHEAIYVVQQ
random_27122,ASIMMLGREFKQEKACCHKKK
random_27123,AKQRARCHIYWCFMVACFCI
random_27124,SWEAHAVVVTEVTPYTLA
random_27125,NGANKETIDEG
random_27126,MVGCSSCSWCIATIHKCQCT
random_27127,WWDRCIGEYIGAWVAAS
random_27128,YGWPTLMVCWQFRYFVFARQ
random_27129,RRKGMGMFSKMCPRIQPAND
random_27130,WNFVMQLSVSNCFPGNYTYL
random_27131,VTMMRYIMYTWMKYFECR
random_27132,FHLVNVMFSW
random_27133,DAPLFIYFDMVTHWLPVEVD
random_27134,FAQFTGHPQNRGLREAYWTR
random_27135,ETCTCMRATEKFSDHSMQQD
random_27136,TVNAGVNFTMGGDQFFVGWCY
random_27137,TVVWMETAVANNQDIQQPCG
random_27138,WIVPVINNFGFNQAVKVTNF
random_27139,EANIPGWTNDKILHEWPFYG
random_27140,AHMCYCRSTSNFQNIWAYYD
random_27141,FELCRMNHIWGIDYQFWRVI
random_27142,HTVEGDQQDLFCAIKIAVEA
random_27143,KFNEHWIQHLAWNNKSVPAY
random_27144,DGQEECAMDAVFIQELTYGF
random_27145,MIRRKVLRQYTYSHQLCGSH
random_27146,QKCMRAVE
random_27147,CMKLCPEFIGKMFLNWIFTF
random_27148,EPPFTYNIRLNLFRNVNYHI
random_27149,LYGSAEKKPCLVDKHFPGME
random_27150,CGTHANRPVPIWCVFQNECW
random_27151,EYQYLVVNWPNYNYNPMYPG
random_27152,VYDQKAHRVPNHRIHGWDIW
random_27153,WYPDWTKKEPSEAWEADTTK
random_27154,EWQYATWANLGYGFWYSFTM
random_27155,QGESNGWCNFNYGAIQDIMT
random_27156,IVGGMKTCYDIKKGVNEF
random_27157,DIEKRYELIPKIMNMYMGYC
random_27158,YEQTLGHQTVIGHIWGWILL
random_27159,HNMWYSVTIGWCEFWSKERG
random_27160,CGFQHPLVTSQIWWHIPVGA
random_27161,HWDIIEQAGTLSS
random_27162,KDVQGCGKPWYIHEKQTAMY
random_27163,CYYFHNSGVPTDETGHD
random_27164,IQFAPRPGLEHYTRVNGRNK
random_27165,CVWHHFWFKAGHDHIFFFRR
random_27166,NNKVWIEQYERQYCPNHRLP
random_27167,WVWQMWMICILRDKLWWQCM
random_27168,FAWHNSQPDDHEGMNIGFAL
random_27169,LIKKNITHHPCLHLNYLY
random_27170,SVDQIDIIMEEYFERLVGEN
random_27171,YMFQYYFQLFRIDNHRWAVF
random_27172,YRMNIGEHFMYYFIIVGTQV
random_27173,KVMSVQRVDGSCMDTVEGAR
random_27174,SGSRMNHLAQLARWCFPRFG
random_27175,NRCRPNRNTQHTLNEWLIPD
random_27176,CSQVVQTYPHCVDMKLYYSI
random_27177,SPRMEMGAISVD
random_27178,QCYECPQTNMFPSSQKRNTY
random_27179,IGCAHDASENNAGEHQF
random_27180,FQMRWLHSC
